raw_address,source_zip
24 MARKET SQ PITTSBURGH PA 15222,15222
115 -119 FORBES AVE PITTSBURGH PA 15222,15222
1 MARKET SQ PITTSBURGH PA 15222,15222
1 MARKET SQ PITTSBURGH PA 15222,15222
431 MARKET ST PITTSBURGH PA 15222,15222
433 MARKET ST PITTSBURGH PA 15222,15222
151 FORT PITT BLVD UNIT 1203 PITTSBURGH PA 15222,15222
151 FORT PITT BLVD UNIT 1205 PITTSBURGH PA 15222,15222
151 FORT PITT BLVD UNIT 1206 PITTSBURGH PA 15222,15222
151 FORT PITT BLVD UNIT 1401 PITTSBURGH PA 15222,15222
151 FORT PITT BLVD UNIT 1402 PITTSBURGH PA 15222,15222
151 FORT PITT BLVD UNIT 1403 PITTSBURGH PA 15222,15222
151 FORT PITT BLVD UNIT 1404 PITTSBURGH PA 15222,15222
151 FORT PITT BLVD UNIT 1405 PITTSBURGH PA 15222,15222
151 FORT PITT BLVD UNIT 1406 PITTSBURGH PA 15222,15222
151 FORT PITT BLVD UNIT 1501 PITTSBURGH PA 15222,15222
151 FORT PITT BLVD UNIT 1503 PITTSBURGH PA 15222,15222
151 FORT PITT BLVD UNIT 1505 PITTSBURGH PA 15222,15222
151 FORT PITT BLVD UNIT 1601 PITTSBURGH PA 15222,15222
151 FORT PITT BLVD UNIT 1603 PITTSBURGH PA 15222,15222
151 FORT PITT BLVD UNIT 1604 PITTSBURGH PA 15222,15222
117 1ST AVE PITTSBURGH PA 15222,15222
119 1ST AVE PITTSBURGH PA 15222,15222
435 MARKET ST PITTSBURGH PA 15222,15222
130 -160 5TH AVE PITTSBURGH PA 15222,15222
501 MARKET ST PITTSBURGH PA 15222,15222
1 MARKET SQ PITTSBURGH PA 15222,15222
601 COMMONWEALTH PL PITTSBURGH PA 15222,15222
109 COMMONWEALTH PL PITTSBURGH PA 15222,15222
601 COMMONWEALTH PL PITTSBURGH PA 15222,15222
1 FORT PITT BLVD PITTSBURGH PA 15222,15222
300 LIBERTY AVE PITTSBURGH PA 15222,15222
201 STANWIX ST PITTSBURGH PA 15222,15222
111 BOULEVARD OF THE ALLIES PITTSBURGH PA 15222,15222
210 BLVD OF THE ALLIES PITTSBURGH PA 15222,15222
0 MARKET ST PITTSBURGH PA 15222,15222
100 MARKET ST PITTSBURGH PA 15222,15222
100 MARKET ST PITTSBURGH PA 15222,15222
161 1ST AVE PITTSBURGH PA 15222,15222
101 MARKET ST PITTSBURGH PA 15222,15222
103 MARKET ST PITTSBURGH PA 15222,15222
109 MARKET ST PITTSBURGH PA 15222,15222
111 MARKET ST PITTSBURGH PA 15222,15222
113 MARKET ST PITTSBURGH PA 15222,15222
138 BLVD OF THE ALLIES PITTSBURGH PA 15222,15222
138 BLVD OF THE ALLIES PITTSBURGH PA 15222,15222
120 BLVD OF THE ALLIES PITTSBURGH PA 15222,15222
116 BLVD OF THE ALLIES PITTSBURGH PA 15222,15222
60 BLVD OF THE ALLIES ST PITTSBURGH PA 15222,15222
34 BLVD OF THE ALLIES PITTSBURGH PA 15222,15222
601 COMMONWEALTH PL PITTSBURGH PA 15222,15222
100 STANWIX ST PITTSBURGH PA 15222,15222
601 COMMONWEALTH PL PITTSBURGH PA 15222,15222
601 COMMONWEALTH PL PITTSBURGH PA 15222,15222
601 COMMONWEALTH PL PITTSBURGH PA 15222,15222
601 COMMONWEALTH PL PITTSBURGH PA 15222,15222
444 LIBERTY AVE PITTSBURGH PA 15222,15222
501 STANWIX ST PITTSBURGH PA 15222,15222
500 LIBERTY AVE PITTSBURGH PA 15222,15222
408 -424 STANWIX ST PITTSBURGH PA 15222,15222
422 STANWIX ST PITTSBURGH PA 15222,15222
408 STANWIX ST PITTSBURGH PA 15222,15222
424 STANWIX ST PITTSBURGH PA 15222,15222
500 LIBERTY AVE PITTSBURGH PA 15222,15222
502 -510 LIBERTY AVE PITTSBURGH PA 15222,15222
100 5TH AVE PITTSBURGH PA 15222,15222
151 FORT PITT BLVD UNIT 1001 PITTSBURGH PA 15222,15222
151 FORT PITT BLVD UNIT 1003 PITTSBURGH PA 15222,15222
151 FORT PITT BLVD UNIT 1004 PITTSBURGH PA 15222,15222
151 FORT PITT BLVD UNIT 1006 PITTSBURGH PA 15222,15222
151 FORT PITT BLVD UNIT 1102 PITTSBURGH PA 15222,15222
151 FORT PITT BLVD UNIT 1103 PITTSBURGH PA 15222,15222
151 FORT PITT BLVD UNIT 1105 PITTSBURGH PA 15222,15222
151 FORT PITT BLVD UNIT 1106 PITTSBURGH PA 15222,15222
151 FORT PITT BLVD UNIT 1201 PITTSBURGH PA 15222,15222
151 FORT PITT BLVD UNIT 1202 PITTSBURGH PA 15222,15222
223 4TH AVE STE 400 PITTSBURGH PA 15222,15222
223 4TH AVE STE 500 PITTSBURGH PA 15222,15222
223 4TH AVE STE 600 PITTSBURGH PA 15222,15222
223 4TH AVE STE 800 PITTSBURGH PA 15222,15222
223 4TH AVE STE 900 PITTSBURGH PA 15222,15222
223 4TH AVE STE 1100 PITTSBURGH PA 15222,15222
223 4TH AVE STE 1200 PITTSBURGH PA 15222,15222
223 4TH AVE STE 1300 PITTSBURGH PA 15222,15222
223 4TH AVE STE 1400 PITTSBURGH PA 15222,15222
223 4TH AVE STE 1500 PITTSBURGH PA 15222,15222
223 4TH AVE STE 1600 PITTSBURGH PA 15222,15222
223 4TH AVE STE 1700 PITTSBURGH PA 15222,15222
223 4TH AVE STE 1800 PITTSBURGH PA 15222,15222
223 4TH AVE STE 1900 PITTSBURGH PA 15222,15222
242 -274 FORBES AVE PITTSBURGH PA 15222,15222
0 4TH AVE PITTSBURGH PA 15222,15222
235 4TH AVE PITTSBURGH PA 15222,15222
241 4TH AVE PITTSBURGH PA 15222,15222
245 4TH AVE PITTSBURGH PA 15222,15222
411 WOOD ST PITTSBURGH PA 15222,15222
413 WOOD ST PITTSBURGH PA 15222,15222
417 WOOD ST PITTSBURGH PA 15222,15222
419 WOOD ST PITTSBURGH PA 15222,15222
210 -212 FORBES AVE PITTSBURGH PA 15222,15222
8 MARKET SQ PITTSBURGH PA 15222,15222
6 -7 MARKET SQ PITTSBURGH PA 15222,15222
5 MARKET SQ PITTSBURGH PA 15222,15222
4 MARKET SQ PITTSBURGH PA 15222,15222
2 MARKET SQ PITTSBURGH PA 15222,15222
151 FORT PITT BLVD UNIT 1605 PITTSBURGH PA 15222,15222
151 FORT PITT BLVD UNIT 1701 PITTSBURGH PA 15222,15222
151 FORT PITT BLVD UNIT 1702 PITTSBURGH PA 15222,15222
151 FORT PITT BLVD UNIT 1703 PITTSBURGH PA 15222,15222
151 FORT PITT BLVD UNIT 1801 PITTSBURGH PA 15222,15222
151 FORT PITT BLVD UNIT 1803 PITTSBURGH PA 15222,15222
151 FORT PITT BLVD UNIT 1804 PITTSBURGH PA 15222,15222
151 FORT PITT BLVD UNIT 1901 PITTSBURGH PA 15222,15222
151 FORT PITT BLVD UNIT 1902 PITTSBURGH PA 15222,15222
20 STANWIX ST PITTSBURGH PA 15222,15222
11 STANWIX ST PITTSBURGH PA 15222,15222
0 1ST AVE PITTSBURGH PA 15222,15222
210 BLVD OF THE ALLIES PITTSBURGH PA 15222,15222
217 1ST AVE PITTSBURGH PA 15222,15222
216 BLVD OF THE ALLIES PITTSBURGH PA 15222,15222
221 1ST AVE PITTSBURGH PA 15222,15222
111 WOOD ST PITTSBURGH PA 15222,15222
111 WOOD ST PITTSBURGH PA 15222,15222
244 BLVD OF THE ALLIES PITTSBURGH PA 15222,15222
222 -224 BLVD OF THE ALLIES PITTSBURGH PA 15222,15222
216 BLVD OF THE ALLIES PITTSBURGH PA 15222,15222
0 BLVD OF THE ALLIES PITTSBURGH PA 15222,15222
0 BLVD OF THE ALLIES PITTSBURGH PA 15222,15222
210 BLVD OF THE ALLIES PITTSBURGH PA 15222,15222
138 1ST AVE PITTSBURGH PA 15222,15222
135 1ST AVE PITTSBURGH PA 15222,15222
201 FORT PITT BLVD PITTSBURGH PA 15222,15222
10 MARKET ST PITTSBURGH PA 15222,15222
1 MARKET ST PITTSBURGH PA 15222,15222
100 1ST AVE PITTSBURGH PA 15222,15222
0 FORT PITT BLVD PITTSBURGH PA 15222,15222
151 FORT PITT BLVD UNIT 402 PITTSBURGH PA 15222,15222
151 FORT PITT BLVD UNIT 404 PITTSBURGH PA 15222,15222
151 FORT PITT BLVD UNIT 405 PITTSBURGH PA 15222,15222
151 FORT PITT BLVD UNIT 406 PITTSBURGH PA 15222,15222
151 FORT PITT BLVD UNIT 501 PITTSBURGH PA 15222,15222
151 FORT PITT BLVD UNIT 502 PITTSBURGH PA 15222,15222
151 FORT PITT BLVD UNIT 503 PITTSBURGH PA 15222,15222
151 FORT PITT BLVD UNIT 504 PITTSBURGH PA 15222,15222
151 FORT PITT BLVD UNIT 505 PITTSBURGH PA 15222,15222
151 FORT PITT BLVD UNIT 506 PITTSBURGH PA 15222,15222
151 FORT PITT BLVD UNIT 601 PITTSBURGH PA 15222,15222
151 FORT PITT BLVD UNIT 602 PITTSBURGH PA 15222,15222
151 FORT PITT BLVD UNIT 605 PITTSBURGH PA 15222,15222
151 FORT PITT BLVD UNIT 606 PITTSBURGH PA 15222,15222
151 FORT PITT BLVD UNIT 701 PITTSBURGH PA 15222,15222
151 FORT PITT BLVD UNIT 702 PITTSBURGH PA 15222,15222
151 FORT PITT BLVD UNIT 703 PITTSBURGH PA 15222,15222
151 FORT PITT BLVD UNIT 705 PITTSBURGH PA 15222,15222
151 FORT PITT BLVD UNIT 706 PITTSBURGH PA 15222,15222
151 FORT PITT BLVD UNIT 801 PITTSBURGH PA 15222,15222
151 FORT PITT BLVD UNIT 802 PITTSBURGH PA 15222,15222
151 FORT PITT BLVD UNIT 806 PITTSBURGH PA 15222,15222
151 FORT PITT BLVD UNIT 901 PITTSBURGH PA 15222,15222
151 FORT PITT BLVD UNIT 902 PITTSBURGH PA 15222,15222
151 FORT PITT BLVD UNIT 903 PITTSBURGH PA 15222,15222
151 FORT PITT BLVD UNIT 904 PITTSBURGH PA 15222,15222
151 FORT PITT BLVD UNIT 905 PITTSBURGH PA 15222,15222
151 FORT PITT BLVD UNIT 906 PITTSBURGH PA 15222,15222
301 3RD AVE PITTSBURGH PA 15222,15222
304 WOOD ST PITTSBURGH PA 15222,15222
1 MARKET SQ PITTSBURGH PA 15222,15222
300 -306 FORBES AVE PITTSBURGH PA 15222,15222
420 -422 WOOD ST PITTSBURGH PA 15222,15222
418 WOOD ST PITTSBURGH PA 15222,15222
310 FORBES AVE PITTSBURGH PA 15222,15222
312 FORBES AVE PITTSBURGH PA 15222,15222
350 FORBES AVE PITTSBURGH PA 15222,15222
411 -413 SMITHFIELD ST PITTSBURGH PA 15222,15222
409 SMITHFIELD ST PITTSBURGH PA 15222,15222
341 4TH AVE PITTSBURGH PA 15222,15222
337 4TH AVE PITTSBURGH PA 15222,15222
307 4TH AVE PITTSBURGH PA 15222,15222
306 4TH AVE PITTSBURGH PA 15222,15222
306 4TH AVE APT 201 PITTSBURGH PA 15222,15222
306 4TH AVE APT 202 PITTSBURGH PA 15222,15222
306 4TH AVE APT 301 PITTSBURGH PA 15222,15222
306 4TH AVE APT 303 PITTSBURGH PA 15222,15222
306 4TH AVE APT 401 PITTSBURGH PA 15222,15222
306 4TH AVE APT 402 PITTSBURGH PA 15222,15222
306 4TH AVE APT 403 PITTSBURGH PA 15222,15222
306 4TH AVE APT 502 PITTSBURGH PA 15222,15222
306 4TH AVE APT 503 PITTSBURGH PA 15222,15222
306 4TH AVE APT 601 PITTSBURGH PA 15222,15222
306 4TH AVE APT 603 PITTSBURGH PA 15222,15222
306 4TH AVE APT 701 PITTSBURGH PA 15222,15222
306 4TH AVE APT 1401 PITTSBURGH PA 15222,15222
306 4TH AVE APT 1402 PITTSBURGH PA 15222,15222
306 4TH AVE UNIT 1403 PITTSBURGH PA 15222,15222
306 4TH AVE UNIT 1404 PITTSBURGH PA 15222,15222
306 4TH AVE APT 1501 PITTSBURGH PA 15222,15222
306 4TH AVE APT 1502 PITTSBURGH PA 15222,15222
306 4TH AVE APT 1503 PITTSBURGH PA 15222,15222
306 4TH AVE APT 1602 PITTSBURGH PA 15222,15222
306 4TH AVE APT 1603 PITTSBURGH PA 15222,15222
306 4TH AVE UNIT 1604 PITTSBURGH PA 15222,15222
306 4TH AVE APT 1701 PITTSBURGH PA 15222,15222
306 4TH AVE UNIT 1702 PITTSBURGH PA 15222,15222
306 4TH AVE APT 1801 PITTSBURGH PA 15222,15222
306 4TH AVE APT 1802 PITTSBURGH PA 15222,15222
116 SMITHFIELD ST PITTSBURGH PA 15222,15222
114 SMITHFIELD ST PITTSBURGH PA 15222,15222
112 SMITHFIELD ST PITTSBURGH PA 15222,15222
110 SMITHFIELD ST PITTSBURGH PA 15222,15222
412 BLVD OF THE ALLIES PITTSBURGH PA 15219,15219
412 BLVD OF THE ALLIES PITTSBURGH PA 15219,15219
412 BLVD OF THE ALLIES PITTSBURGH PA 15219,15219
412 BLVD OF THE ALLIES PITTSBURGH PA 15219,15219
200 SMITHFIELD ST PITTSBURGH PA 15222,15222
205 -217 SMITHFIELD ST PITTSBURGH PA 15222,15222
0 SMITHFIELD ST PITTSBURGH PA 15222,15222
400 -420 SMITHFIELD ST PITTSBURGH PA 15219,15219
429 4TH AVE PITTSBURGH PA 15219,15219
306 4TH AVE APT 702 PITTSBURGH PA 15222,15222
306 4TH AVE APT 703 PITTSBURGH PA 15222,15222
306 4TH AVE UNIT 704 PITTSBURGH PA 15222,15222
306 4TH AVE APT 801 PITTSBURGH PA 15222,15222
306 4TH AVE APT 802 PITTSBURGH PA 15222,15222
306 4TH AVE APT 901 PITTSBURGH PA 15222,15222
306 4TH AVE APT 902 PITTSBURGH PA 15222,15222
306 4TH AVE APT 903 PITTSBURGH PA 15222,15222
306 4TH AVE UNIT 904 PITTSBURGH PA 15222,15222
306 4TH AVE APT 1101 PITTSBURGH PA 15222,15222
306 4TH AVE APT 1102 PITTSBURGH PA 15222,15222
306 4TH AVE UNIT 1104 PITTSBURGH PA 15222,15222
210 BLVD OF THE ALLIES PITTSBURGH PA 15222,15222
225 BLVD OF THE ALLIES PITTSBURGH PA 15222,15222
205 WOOD ST PITTSBURGH PA 15222,15222
230 3RD AVE PITTSBURGH PA 15222,15222
305 WOOD ST PITTSBURGH PA 15222,15222
209 4TH AVE PITTSBURGH PA 15222,15222
215 4TH AVE PITTSBURGH PA 15222,15222
217 4TH AVE PITTSBURGH PA 15222,15222
219 4TH AVE PITTSBURGH PA 15222,15222
223 4TH AVE PITTSBURGH PA 15222,15222
223 4TH AVE STE 300 PITTSBURGH PA 15222,15222
306 4TH AVE APT 1901 PITTSBURGH PA 15222,15222
306 4TH AVE UNIT 1902 PITTSBURGH PA 15222,15222
306 4TH AVE UNIT 2001 PITTSBURGH PA 15222,15222
306 4TH AVE APT 2002 PITTSBURGH PA 15222,15222
306 4TH AVE APT 2003 PITTSBURGH PA 15222,15222
306 4TH AVE APT 2102 PITTSBURGH PA 15222,15222
306 4TH AVE UNIT 2201 PITTSBURGH PA 15222,15222
300 4TH AVE PITTSBURGH PA 15222,15222
314 -316 4TH AVE PITTSBURGH PA 15222,15222
320 4TH AVE PITTSBURGH PA 15222,15222
334 -336 4TH AVE PITTSBURGH PA 15222,15222
334 -336 3RD AVE PITTSBURGH PA 15222,15222
340 4TH AVE PITTSBURGH PA 15222,15222
301 SMITHFIELD ST PITTSBURGH PA 15222,15222
319 3RD AVE PITTSBURGH PA 15222,15222
313 3RD AVE PITTSBURGH PA 15222,15222
301 3RD AVE PITTSBURGH PA 15222,15222
12 SMITHFIELD ST PITTSBURGH PA 15222,15222
10 SMITHFIELD ST PITTSBURGH PA 15222,15222
11 WOOD ST PITTSBURGH PA 15222,15222
238 1ST AVE PITTSBURGH PA 15222,15222
220 1ST AVE PITTSBURGH PA 15222,15222
101 WOOD ST PITTSBURGH PA 15222,15222
312 -322 BLVD OF THE ALLIES PITTSBURGH PA 15222,15222
344 BLVD OF THE ALLIES PITTSBURGH PA 15222,15222
347 1ST AVE PITTSBURGH PA 15222,15222
103 SMITHFIELD ST PITTSBURGH PA 15222,15222
107 SMITHFIELD ST PITTSBURGH PA 15222,15222
109 SMITHFIELD ST PITTSBURGH PA 15222,15222
111 SMITHFIELD ST PITTSBURGH PA 15222,15222
340 BLVD OF THE ALLIES PITTSBURGH PA 15222,15222
1600 5TH AVE PITTSBURGH PA 15219,15219
1600 5TH AVE PITTSBURGH PA 15219,15219
1600 5TH AVE PITTSBURGH PA 15219,15219
1600 5TH AVE PITTSBURGH PA 15219,15219
1600 5TH AVE PITTSBURGH PA 15219,15219
1600 5TH AVE PITTSBURGH PA 15219,15219
1634 5TH AVE PITTSBURGH PA 15219,15219
414 GRANT ST PITTSBURGH PA 15219,15219
542 FORBES AVE PITTSBURGH PA 15219,15219
542 4TH AVE PITTSBURGH PA 15219,15219
310 ROSS ST PITTSBURGH PA 15219,15219
304 ROSS ST PITTSBURGH PA 15219,15219
526 4TH AVE PITTSBURGH PA 15219,15219
310 GRANT ST PITTSBURGH PA 15219,15219
301 GRANT ST PITTSBURGH PA 15219,15219
453 -463 BLVD OF THE ALLIES PITTSBURGH PA 15219,15219
205 GRANT ST PITTSBURGH PA 15219,15219
0 BLVD OF THE ALLIES PITTSBURGH PA 15219,15219
0 BLVD OF THE ALLIES PITTSBURGH PA 15219,15219
912 -914 5TH AVE PITTSBURGH PA 15219,15219
701 -709 FORBES AVE PITTSBURGH PA 15282,15282
705 FORBES AVE PITTSBURGH PA 15219,15219
16 CHATHAM SQ PITTSBURGH PA 15219,15219
18 CHATHAM SQ PITTSBURGH PA 15282,15282
916 5TH AVE PITTSBURGH PA 15219,15219
1000 5TH AVE PITTSBURGH PA 15219,15219
1002 5TH AVE PITTSBURGH PA 15219,15219
1004 -1006 5TH AVE PITTSBURGH PA 15219,15219
1008 -1014 5TH AVE PITTSBURGH PA 15219,15219
1016 5TH AVE PITTSBURGH PA 15219,15219
1018 5TH AVE PITTSBURGH PA 15219,15219
1020 5TH AVE PITTSBURGH PA 15219,15219
1022 5TH AVE PITTSBURGH PA 15219,15219
1036 5TH AVE PITTSBURGH PA 15219,15219
1040 5TH AVE PITTSBURGH PA 15219,15219
1046 5TH AVE PITTSBURGH PA 15219,15219
1046 5TH AVE PITTSBURGH PA 15219,15219
1100 5TH AVE PITTSBURGH PA 15219,15219
1102 5TH AVE PITTSBURGH PA 15219,15219
1106 5TH AVE PITTSBURGH PA 15219,15219
1108 5TH AVE PITTSBURGH PA 15219,15219
1108 5TH AVE PITTSBURGH PA 15219,15219
1202 5TH AVE PITTSBURGH PA 15219,15219
1204 5TH AVE PITTSBURGH PA 15219,15219
1206 5TH AVE PITTSBURGH PA 15219,15219
1208 5TH AVE PITTSBURGH PA 15219,15219
1212 5TH AVE PITTSBURGH PA 15219,15219
1300 5TH AVE PITTSBURGH PA 15219,15219
1304 5TH AVE PITTSBURGH PA 15219,15219
1308 5TH AVE PITTSBURGH PA 15219,15219
1318 5TH AVE PITTSBURGH PA 15219,15219
1318 5TH AVE PITTSBURGH PA 15219,15219
1318 5TH AVE PITTSBURGH PA 15219,15219
1318 5TH AVE PITTSBURGH PA 15219,15219
1332 5TH AVE PITTSBURGH PA 15219,15219
401 GRANT ST PITTSBURGH PA 15219,15219
414 GRANT ST PITTSBURGH PA 15219,15219
0 DIAMOND ST PITTSBURGH PA 15219,15219
710 5TH AVE PITTSBURGH PA 15219,15219
710 5TH AVE STE 2000 PITTSBURGH PA 15219,15219
710 5TH AVE STE 3000 PITTSBURGH PA 15219,15219
718 5TH AVE PITTSBURGH PA 15282,15282
810 5TH AVE PITTSBURGH PA 15219,15219
810 5TH AVE PITTSBURGH PA 15219,15219
810 5TH AVE PITTSBURGH PA 15219,15219
816 5TH AVE PITTSBURGH PA 15219,15219
820 5TH AVE PITTSBURGH PA 15219,15219
824 5TH AVE PITTSBURGH PA 15219,15219
900 5TH AVE PITTSBURGH PA 15219,15219
905 WATSON ST PITTSBURGH PA 15219,15219
906 5TH AVE PITTSBURGH PA 15219,15219
908 -910 5TH AVE PITTSBURGH PA 15219,15219
339 BLVD OF THE ALLIES PITTSBURGH PA 15222,15222
333 BLVD OF THE ALLIES PITTSBURGH PA 15222,15222
326 3RD AVE PITTSBURGH PA 15222,15222
201 FORT PITT BLVD PITTSBURGH PA 15222,15222
201 FORT PITT BLVD PITTSBURGH PA 15222,15222
211 FORT PITT BLVD PITTSBURGH PA 15222,15222
219 FORT PITT BLVD PITTSBURGH PA 15222,15222
223 FORT PITT BLVD PITTSBURGH PA 15222,15222
227 FORT PITT BLVD PITTSBURGH PA 15222,15222
231 FORT PITT BLVD UNIT 1 PITTSBURGH PA 15222,15222
231 FORT PITT BLVD UNIT 3 PITTSBURGH PA 15222,15222
231 FORT PITT BLVD UNIT 4 PITTSBURGH PA 15222,15222
235 FORT PITT BLVD PITTSBURGH PA 15222,15222
239 FORT PITT BLVD PITTSBURGH PA 15222,15222
245 FORT PITT BLVD PITTSBURGH PA 15222,15222
247 FORT PITT BLVD PITTSBURGH PA 15222,15222
10 WOOD ST PITTSBURGH PA 15222,15222
1 SMITHFIELD ST PITTSBURGH PA 15222,15222
419 FORT PITT BLVD PITTSBURGH PA 15219,15219
433 FORT PITT BLVD PITTSBURGH PA 15219,15219
435 FORT PITT BLVD PITTSBURGH PA 15219,15219
432 -440 1ST AVE PITTSBURGH PA 15219,15219
412 1ST AVE PITTSBURGH PA 15219,15219
410 1ST AVE PITTSBURGH PA 15219,15219
16 SMITHFIELD ST PITTSBURGH PA 15222,15222
700 FORBES AVE PITTSBURGH PA 15282,15282
277 MCANULTY DR PITTSBURGH PA 15282,15282
90 SUPPLE CIR PITTSBURGH PA 15282,15282
732 LOCUST ST PITTSBURGH PA 15282,15282
564 FORBES AVE UNIT 1 PITTSBURGH PA 15219,15219
564 FORBES AVE UNIT 2 PITTSBURGH PA 15219,15219
564 FORBES AVE PITTSBURGH PA 15219,15219
925 VICKROY ST PITTSBURGH PA 15282,15282
409 MCANULTY DR PITTSBURGH PA 15282,15282
900 LOCUST ST PITTSBURGH PA 15282,15282
1009 -1023 FORBES AVE PITTSBURGH PA 15219,15219
1045 FORBES AVE PITTSBURGH PA 15219,15219
1209 FORBES AVE PITTSBURGH PA 15219,15219
1305 FORBES AVE PITTSBURGH PA 15219,15219
1000 FORBES AVE PITTSBURGH PA 15282,15282
1208 FORBES AVE PITTSBURGH PA 15282,15282
1304 FORBES AVE PITTSBURGH PA 15282,15282
1324 FORBES AVE PITTSBURGH PA 15219,15219
1000 GIBBON ST PITTSBURGH PA 15282,15282
1021 LOCUST ST PITTSBURGH PA 15282,15282
1324 VICKROY ST PITTSBURGH PA 15282,15282
1000 LOCUST ST PITTSBURGH PA 15282,15282
401 MAGEE ST PITTSBURGH PA 15282,15282
0 GRANT ST PITTSBURGH PA 15219,15219
205 GRANT ST PITTSBURGH PA 15219,15219
220 GRANT ST PITTSBURGH PA 15219,15219
607 2ND AVE PITTSBURGH PA 15219,15219
428 BLVD OF THE ALLIES PITTSBURGH PA 15219,15219
436 BLVD OF THE ALLIES PITTSBURGH PA 15219,15219
493 1ST AVE PITTSBURGH PA 15219,15219
433 1ST AVE PITTSBURGH PA 15219,15219
429 1ST AVE APT 1 PITTSBURGH PA 15219,15219
429 1ST AVE APT 2 PITTSBURGH PA 15219,15219
429 1ST AVE APT 3 PITTSBURGH PA 15219,15219
429 1ST AVE APT 6 PITTSBURGH PA 15219,15219
429 1ST AVE APT 7 PITTSBURGH PA 15219,15219
425 1ST AVE PITTSBURGH PA 15219,15219
110 GRANT ST PITTSBURGH PA 15219,15219
0 1ST AVE PITTSBURGH PA 15219,15219
0 1ST AVE PITTSBURGH PA 15219,15219
124 ROSS ST PITTSBURGH PA 15219,15219
546 2ND AVE PITTSBURGH PA 15219,15219
546 2ND AVE PITTSBURGH PA 15219,15219
0 2ND AVE PITTSBURGH PA 15219,15219
100 ROSS ST PITTSBURGH PA 15219,15219
0 1ST AVE PITTSBURGH PA 15219,15219
500 1ST AVE PITTSBURGH PA 15219,15219
114 VAN BRAAM ST PITTSBURGH PA 15219,15219
114 VAN BRAAM ST PITTSBURGH PA 15219,15219
114 VAN BRAAM ST PITTSBURGH PA 15219,15219
0 VAN BRAAM ST PITTSBURGH PA 15219,15219
114 VAN BRAAM ST PITTSBURGH PA 15219,15219
1638 FORBES AVE PITTSBURGH PA 15219,15219
40 VAN BRAAM ST PITTSBURGH PA 15219,15219
200 GRANT ST PITTSBURGH PA 15219,15219
505 COURT PL PITTSBURGH PA 15219,15219
510 3RD AVE PITTSBURGH PA 15219,15219
513 COURT PL PITTSBURGH PA 15219,15219
514 3RD AVE PITTSBURGH PA 15219,15219
519 COURT PL PITTSBURGH PA 15219,15219
514 3RD AVE PITTSBURGH PA 15219,15219
522 3RD AVE PITTSBURGH PA 15219,15219
522 3RD AVE PITTSBURGH PA 15219,15219
522 3RD AVE PITTSBURGH PA 15219,15219
527 COURT PL PITTSBURGH PA 15219,15219
529 COURT PL PITTSBURGH PA 15219,15219
225 ROSS ST PITTSBURGH PA 15219,15219
205 ROSS ST PITTSBURGH PA 15219,15219
610 3RD AVE PITTSBURGH PA 15219,15219
1332 5TH AVE PITTSBURGH PA 15219,15219
1344 5TH AVE PITTSBURGH PA 15219,15219
1344 5TH AVE PITTSBURGH PA 15219,15219
1406 5TH AVE PITTSBURGH PA 15219,15219
1406 5TH AVE PITTSBURGH PA 15219,15219
1410 5TH AVE PITTSBURGH PA 15219,15219
1420 5TH AVE PITTSBURGH PA 15219,15219
1420 5TH AVE PITTSBURGH PA 15219,15219
1450 5TH AVE PITTSBURGH PA 15219,15219
7 PRIDE ST PITTSBURGH PA 15219,15219
7 PRIDE ST PITTSBURGH PA 15219,15219
7 PRIDE ST PITTSBURGH PA 15219,15219
7 PRIDE AVE PITTSBURGH PA 15219,15219
7 PRIDE ST PITTSBURGH PA 15219,15219
1504 -1506 5TH AVE PITTSBURGH PA 15219,15219
1514 5TH AVE PITTSBURGH PA 15219,15219
1516 5TH AVE PITTSBURGH PA 15219,15219
1520 5TH AVE PITTSBURGH PA 15219,15219
1522 5TH AVE PITTSBURGH PA 15219,15219
6 MARION ST PITTSBURGH PA 15219,15219
1600 5TH AVE PITTSBURGH PA 15219,15219
1600 5TH AVE PITTSBURGH PA 15219,15219
500 1ST AVE PITTSBURGH PA 15219,15219
569 FORBES AVE PITTSBURGH PA 15219,15219
600 FORBES AVE PITTSBURGH PA 15282,15282
915 LOCUST ST PITTSBURGH PA 15282,15282
0 FORBES AVE PITTSBURGH PA 15219,15219
19 PRIDE ST PITTSBURGH PA 15219,15219
13 PRIDE ST PITTSBURGH PA 15219,15219
0 WATSON ST PITTSBURGH PA 15219,15219
0 WATSON ST PITTSBURGH PA 15219,15219
19 PRIDE ST PITTSBURGH PA 15219,15219
19 PRIDE ST PITTSBURGH PA 15219,15219
19 PRIDE ST PITTSBURGH PA 15219,15219
1517 FORBES AVE PITTSBURGH PA 15219,15219
1514 WATSON ST PITTSBURGH PA 15219,15219
0 MARION ST PITTSBURGH PA 15219,15219
1 MARION ST PITTSBURGH PA 15219,15219
3 MARION ST PITTSBURGH PA 15219,15219
1621 FORBES AVE PITTSBURGH PA 15219,15219
1621 FORBES AVE PITTSBURGH PA 15219,15219
1621 FORBES AVE PITTSBURGH PA 15219,15219
1600 5TH AVE PITTSBURGH PA 15219,15219
1611 FORBES AVE PITTSBURGH PA 15219,15219
1621 FORBES AVE PITTSBURGH PA 15219,15219
1621 FORBES ST PITTSBURGH PA 15219,15219
1613 -1617 FORBES AVE PITTSBURGH PA 15219,15219
1621 FORBES AVE PITTSBURGH PA 15219,15219
1625 FORBES AVE PITTSBURGH PA 15219,15219
1625 FORBES AVE PITTSBURGH PA 15219,15219
1625 FORBES AVE PITTSBURGH PA 15219,15219
1625 FORBES AVE PITTSBURGH PA 15219,15219
1625 FORBES AVE PITTSBURGH PA 15219,15219
114 VAN BRAAM ST PITTSBURGH PA 15219,15219
1625 FORBES AVE PITTSBURGH PA 15219,15219
1625 FORBES AVE PITTSBURGH PA 15219,15219
1625 FORBES AVE PITTSBURGH PA 15219,15219
1700 5TH AVE PITTSBURGH PA 15219,15219
1700 5TH AVE PITTSBURGH PA 15219,15219
1700 5TH AVE PITTSBURGH PA 15219,15219
1700 5TH AVE PITTSBURGH PA 15219,15219
1712 5TH AVE PITTSBURGH PA 15219,15219
1718 5TH AVE PITTSBURGH PA 15219,15219
1720 5TH AVE PITTSBURGH PA 15219,15219
1720 5TH AVE PITTSBURGH PA 15219,15219
1800 5TH AVE PITTSBURGH PA 15219,15219
1840 5TH AVE PITTSBURGH PA 15219,15219
1842 5TH AVE PITTSBURGH PA 15219,15219
0 5TH AVE PITTSBURGH PA 15219,15219
1842 5TH AVE PITTSBURGH PA 15219,15219
110 GIST ST PITTSBURGH PA 15219,15219
108 GIST ST PITTSBURGH PA 15219,15219
106 GIST ST PITTSBURGH PA 15219,15219
0 GIST ST PITTSBURGH PA 15219,15219
0 5TH AVE PITTSBURGH PA 15219,15219
1904 5TH AVE PITTSBURGH PA 15219,15219
1904 5TH AVE PITTSBURGH PA 15219,15219
1911 WATSON ST PITTSBURGH PA 15219,15219
1911 WATSON ST PITTSBURGH PA 15219,15219
1911 WATSON AVE PITTSBURGH PA 15219,15219
1911 WATSON ST PITTSBURGH PA 15219,15219
1911 WATSON ST PITTSBURGH PA 15219,15219
FORBES AVE PITTSBURGH PA 15219,15219
1916 WATSON ST PITTSBURGH PA 15219,15219
0 FORBES AVE PITTSBURGH PA 15219,15219
1600 FORBES AVE PITTSBURGH PA 15219,15219
0 MARION ST PITTSBURGH PA 15219,15219
35 MARION ST PITTSBURGH PA 15219,15219
39 MARION ST PITTSBURGH PA 15219,15219
0 TUSTIN ST PITTSBURGH PA 15219,15219
39 MARION ST PITTSBURGH PA 15219,15219
39 MARION ST PITTSBURGH PA 15219,15219
39 MARION ST PITTSBURGH PA 15219,15219
1622 LOCUST ST PITTSBURGH PA 15219,15219
550 1ST AVE PITTSBURGH PA 15219,15219
622 -643 2ND AVE PITTSBURGH PA 15219,15219
0 R OF W PITTSBURGH PA 15219,15219
600 1ST AVE PITTSBURGH PA 15219,15219
42 VAN BRAAM ST PITTSBURGH PA 15219,15219
1638 FORBES AVE PITTSBURGH PA 15219,15219
1632 FORBES AVE PITTSBURGH PA 15219,15219
1628 FORBES AVE PITTSBURGH PA 15219,15219
1626 FORBES AVE PITTSBURGH PA 15219,15219
1622 -1624 FORBES AVE PITTSBURGH PA 15219,15219
1620 FORBES AVE PITTSBURGH PA 15219,15219
1615 -1617 TUSTIN ST PITTSBURGH PA 15219,15219
1613 TUSTIN ST PITTSBURGH PA 15219,15219
1616 FORBES AVE PITTSBURGH PA 15219,15219
1600 FORBES AVE PITTSBURGH PA 15219,15219
1100 LOCUST ST PITTSBURGH PA 15282,15282
1325 VICKROY ST PITTSBURGH PA 15282,15282
1234 SEITZ ST PITTSBURGH PA 15219,15219
0 STEVENSON ST PITTSBURGH PA 15219,15219
0 STEVENSON ST PITTSBURGH PA 15219,15219
1324 FORBES AVE PITTSBURGH PA 15219,15219
1324 FORBES AVE PITTSBURGH PA 15219,15219
1324 FORBES AVE PITTSBURGH PA 15219,15219
1401 FORBES AVE PITTSBURGH PA 15219,15219
1425 FORBES AVE PITTSBURGH PA 15219,15219
1420 FORBES AVE PITTSBURGH PA 15219,15219
1455 LOCUST ST PITTSBURGH PA 15219,15219
1350 LOCUST ST PITTSBURGH PA 15219,15219
1339 LOCUST ST PITTSBURGH PA 15282,15282
1365 SEITZ ST PITTSBURGH PA 15282,15282
1401 BLVD OF THE ALLIES PITTSBURGH PA 15219,15219
1400 LOCUST ST PITTSBURGH PA 15219,15219
1515 LOCUST ST PITTSBURGH PA 15219,15219
0 LOCUST ST PITTSBURGH PA 15219,15219
1510 FORBES AVE PITTSBURGH PA 15219,15219
1510 FORBES AVE PITTSBURGH PA 15219,15219
1510 FORBES AVE PITTSBURGH PA 15219,15219
1510 FORBES AVE PITTSBURGH PA 15219,15219
1510 FORBES AVE PITTSBURGH PA 15219,15219
1518 FORBES AVE PITTSBURGH PA 15219,15219
1514 FORBES AVE PITTSBURGH PA 15219,15219
0 MARION ST PITTSBURGH PA 15219,15219
1510 FORBES AVE PITTSBURGH PA 15219,15219
13 PRIDE ST PITTSBURGH PA 15219,15219
35 MILTENBERGER ST PITTSBURGH PA 15219,15219
36 MILTENBERGER ST PITTSBURGH PA 15219,15219
34 MILTENBERGER ST PITTSBURGH PA 15219,15219
32 MILTENBERGER ST PITTSBURGH PA 15219,15219
1800 FORBES AVE PITTSBURGH PA 15219,15219
1802 FORBES AVE PITTSBURGH PA 15219,15219
1804 FORBES AVE PITTSBURGH PA 15219,15219
1807 TUSTIN ST PITTSBURGH PA 15219,15219
1830 FORBES AVE PITTSBURGH PA 15219,15219
1850 FORBES AVE PITTSBURGH PA 15219,15219
1854 FORBES AVE PITTSBURGH PA 15219,15219
211 GIST ST PITTSBURGH PA 15219,15219
207 GIST ST PITTSBURGH PA 15219,15219
209 GIST ST PITTSBURGH PA 15219,15219
207 GIST ST PITTSBURGH PA 15219,15219
1908 FORBES AVE PITTSBURGH PA 15219,15219
1910 FORBES AVE PITTSBURGH PA 15219,15219
0 FORBES AVE PITTSBURGH PA 15219,15219
0 FORBES AVE PITTSBURGH PA 15219,15219
1903 FORBES AVE PITTSBURGH PA 15219,15219
1901 FORBES AVE PITTSBURGH PA 15219,15219
0 WATSON ST PITTSBURGH PA 15219,15219
0 WATSON ST PITTSBURGH PA 15219,15219
0 WATSON ST PITTSBURGH PA 15219,15219
114 MILTENBERGER ST PITTSBURGH PA 15219,15219
0 WATSON ST PITTSBURGH PA 15219,15219
0 WATSON ST PITTSBURGH PA 15219,15219
0 FORBES AVE PITTSBURGH PA 15219,15219
0 FORBES AVE PITTSBURGH PA 15219,15219
0 FORBES AVE PITTSBURGH PA 15219,15219
0 FORBES AVE PITTSBURGH PA 15219,15219
0 FORBES AVE PITTSBURGH PA 15219,15219
1713 FORBES AVE PITTSBURGH PA 15219,15219
1711 FORBES AVE PITTSBURGH PA 15219,15219
1706 WATSON ST PITTSBURGH PA 15219,15219
1709 FORBES AVE PITTSBURGH PA 15219,15219
115 VAN BRAAM ST PITTSBURGH PA 15219,15219
121 VAN BRAAM ST PITTSBURGH PA 15219,15219
119 VAN BRAAM ST PITTSBURGH PA 15219,15219
1703 FORBES AVE PITTSBURGH PA 15219,15219
1705 FORBES AVE PITTSBURGH PA 15219,15219
1707 FORBES AVE PITTSBURGH PA 15219,15219
0 WATSON ST PITTSBURGH PA 15219,15219
114 VAN BRAAM ST PITTSBURGH PA 15219,15219
209 VAN BRAAM ST PITTSBURGH PA 15219,15219
1706 FORBES AVE PITTSBURGH PA 15219,15219
1714 FORBES AVE PITTSBURGH PA 15219,15219
0 FORBES AVE PITTSBURGH PA 15219,15219
0 FORBES AVE PITTSBURGH PA 15219,15219
1721 TUSTIN ST PITTSBURGH PA 15219,15219
116 MILTENBERGER ST PITTSBURGH PA 15219,15219
1737 FORBES AVE PITTSBURGH PA 15219,15219
118 MILTENBERGER ST PITTSBURGH PA 15219,15219
120 MILTENBERGER ST PITTSBURGH PA 15219,15219
0 WATSON ST PITTSBURGH PA 15219,15219
0 WATSON ST PITTSBURGH PA 15219,15219
1726 WATSON ST PITTSBURGH PA 15219,15219
1724 WATSON ST PITTSBURGH PA 15219,15219
1728 WATSON ST PITTSBURGH PA 15219,15219
1729 FORBES AVE PITTSBURGH PA 15219,15219
1731 FORBES AVE PITTSBURGH PA 15219,15219
1725 FORBES AVE PITTSBURGH PA 15219,15219
1722 WATSON ST PITTSBURGH PA 15219,15219
0 1ST AVE PITTSBURGH PA 15219,15219
600 1ST AVE PITTSBURGH PA 15219,15219
0 1ST AVE PITTSBURGH PA 15219,15219
501 MCANULTY DR PITTSBURGH PA 15282,15282
1001 BLUFF ST PITTSBURGH PA 15282,15282
0 BLVD OF THE ALLIES PITTSBURGH PA 15219,15219
615 -629 1ST AVE PITTSBURGH PA 15219,15219
0 2ND AVE PITTSBURGH PA 15219,15219
0 MUNICIPAL COURTS DR PITTSBURGH PA 15219,15219
700 2ND AVE PITTSBURGH PA 15219,15219
704 2ND AVE PITTSBURGH PA 15219,15219
660 1ST AVE PITTSBURGH PA 15219,15219
0 2ND AVE PITTSBURGH PA 15219,15219
1250 2ND AVE PITTSBURGH PA 15219,15219
1347 BLUFF ST PITTSBURGH PA 15282,15282
1315 BLUFF ST PITTSBURGH PA 15282,15282
1155 BLUFF ST PITTSBURGH PA 15282,15282
0 BLUFF ST PITTSBURGH PA 15219,15219
0 BLUFF ST PITTSBURGH PA 15219,15219
1250 2ND AVE PITTSBURGH PA 15219,15219
0 10TH ST PITTSBURGH PA 15219,15219
0 10TH ST PITTSBURGH PA 15219,15219
1250 2ND AVE PITTSBURGH PA 15219,15219
0 BLVD OF THE ALLIES PITTSBURGH PA 15219,15219
101 W CARSON ST PITTSBURGH PA 15219,15219
1636 5TH AVE PITTSBURGH PA 15219,15219
59 VAN BRAAM ST PITTSBURGH PA 15219,15219
53 VAN BRAAM ST PITTSBURGH PA 15219,15219
51 VAN BRAAM ST PITTSBURGH PA 15219,15219
49 VAN BRAAM ST PITTSBURGH PA 15219,15219
47 VAN BRAAM ST PITTSBURGH PA 15219,15219
45 VAN BRAAM ST PITTSBURGH PA 15219,15219
1706 TUSTIN ST PITTSBURGH PA 15219,15219
1708 TUSTIN ST PITTSBURGH PA 15219,15219
1710 TUSTIN ST PITTSBURGH PA 15219,15219
1713 LOCUST ST PITTSBURGH PA 15219,15219
1707 LOCUST ST PITTSBURGH PA 15219,15219
1709 LOCUST ST PITTSBURGH PA 15219,15219
1715 LOCUST ST PITTSBURGH PA 15219,15219
1716 TUSTIN ST PITTSBURGH PA 15219,15219
1721 LOCUST ST PITTSBURGH PA 15219,15219
1718 TUSTIN ST PITTSBURGH PA 15219,15219
1720 TUSTIN ST PITTSBURGH PA 15219,15219
45 MILTENBERGER ST PITTSBURGH PA 15219,15219
308 MILTENBERGER ST PITTSBURGH PA 15219,15219
304 MILTENBERGER ST PITTSBURGH PA 15219,15219
300 MILTENBERGER ST PITTSBURGH PA 15219,15219
1726 TUSTIN ST PITTSBURGH PA 15219,15219
301 MILTENBERGER ST PITTSBURGH PA 15219,15219
303 MILTENBERGER ST PITTSBURGH PA 15219,15219
305 MILTENBERGER ST PITTSBURGH PA 15219,15219
307 MILTENBERGER ST PITTSBURGH PA 15219,15219
1806 TUSTIN ST PITTSBURGH PA 15219,15219
0 LOCUST ST PITTSBURGH PA 15219,15219
1811 LOCUST ST PITTSBURGH PA 15219,15219
1924 5TH AVE PITTSBURGH PA 15219,15219
1926 5TH AVE PITTSBURGH PA 15219,15219
0 5TH AVE PITTSBURGH PA 15219,15219
1936 -1942 5TH AVE PITTSBURGH PA 15219,15219
2000 5TH AVE PITTSBURGH PA 15219,15219
2004 5TH AVE PITTSBURGH PA 15219,15219
2006 5TH AVE PITTSBURGH PA 15219,15219
0 WATSON ST PITTSBURGH PA 15219,15219
0 WATSON ST PITTSBURGH PA 15219,15219
2006 5TH AVE PITTSBURGH PA 15219,15219
2010 5TH AVE UNIT 1 PITTSBURGH PA 15219,15219
2010 5TH AVE UNIT 2 PITTSBURGH PA 15219,15219
0 5TH AVE PITTSBURGH PA 15219,15219
0 5TH AVE PITTSBURGH PA 15219,15219
0 5TH AVE PITTSBURGH PA 15219,15219
2018 5TH AVE PITTSBURGH PA 15219,15219
0 5TH AVE PITTSBURGH PA 15219,15219
2024 5TH AVE PITTSBURGH PA 15219,15219
309 GIST ST PITTSBURGH PA 15219,15219
307 GIST ST PITTSBURGH PA 15219,15219
303 GIST ST PITTSBURGH PA 15219,15219
0 TUSTIN ST PITTSBURGH PA 15219,15219
1916 TUSTIN ST PITTSBURGH PA 15219,15219
311 HELMING WAY PITTSBURGH PA 15219,15219
1903 BLVD OF THE ALLIES PITTSBURGH PA 15219,15219
41 GIST ST PITTSBURGH PA 15219,15219
1915 BLVD OF THE ALLIES PITTSBURGH PA 15219,15219
32 GIST ST PITTSBURGH PA 15219,15219
36 GIST ST PITTSBURGH PA 15219,15219
38 GIST ST PITTSBURGH PA 15219,15219
40 GIST ST PITTSBURGH PA 15219,15219
1847 BLVD OF THE ALLIES PITTSBURGH PA 15219,15219
1843 BLVD OF THE ALLIES PITTSBURGH PA 15219,15219
0 TUSTIN ST PITTSBURGH PA 15219,15219
27 MILTENBERGER ST PITTSBURGH PA 15219,15219
29 MILTENBERGER ST PITTSBURGH PA 15219,15219
31 MILTENBERGER ST PITTSBURGH PA 15219,15219
33 MILTENBERGER ST PITTSBURGH PA 15219,15219
1810 TUSTIN ST PITTSBURGH PA 15219,15219
1813 LOCUST ST PITTSBURGH PA 15219,15219
1812 TUSTIN ST PITTSBURGH PA 15219,15219
1815 LOCUST ST PITTSBURGH PA 15219,15219
1814 TUSTIN ST PITTSBURGH PA 15219,15219
0 LOCUST ST PITTSBURGH PA 15219,15219
0 LOCUST ST PITTSBURGH PA 15219,15219
1825 LOCUST ST PITTSBURGH PA 15219,15219
1825 LOCUST ST PITTSBURGH PA 15219,15219
1825 LOCUST ST PITTSBURGH PA 15219,15219
0 LOCUST ST PITTSBURGH PA 15219,15219
1831 LOCUST ST PITTSBURGH PA 15219,15219
1833 LOCUST ST PITTSBURGH PA 15219,15219
1835 LOCUST ST PITTSBURGH PA 15219,15219
1837 LOCUST ST PITTSBURGH PA 15219,15219
1839 LOCUST ST PITTSBURGH PA 15219,15219
1841 LOCUST ST PITTSBURGH PA 15219,15219
1843 LOCUST ST PITTSBURGH PA 15219,15219
1847 LOCUST ST PITTSBURGH PA 15219,15219
0 LOCUST ST PITTSBURGH PA 15219,15219
300 GIST ST PITTSBURGH PA 15219,15219
300 GIST ST PITTSBURGH PA 15219,15219
300 GIST ST PITTSBURGH PA 15219,15219
1915 BOULEVARD OF THE ALLIES PITTSBURGH PA 15219,15219
313 GIST ST PITTSBURGH PA 15219,15219
1914 FORBES AVE PITTSBURGH PA 15219,15219
1914 FORBES AVE PITTSBURGH PA 15219,15219
1920 FORBES AVE PITTSBURGH PA 15219,15219
1920 FORBES AVE PITTSBURGH PA 15219,15219
1920 FORBES AVE PITTSBURGH PA 15219,15219
1920 FORBES AVE PITTSBURGH PA 15219,15219
0 LOCUST ST PITTSBURGH PA 15219,15219
0 VAN BRAAM ST PITTSBURGH PA 15219,15219
0 VAN BRAAM ST PITTSBURGH PA 15219,15219
0 VAN BRAAM ST PITTSBURGH PA 15219,15219
0 VAN BRAAM ST PITTSBURGH PA 15219,15219
0 VAN BRAAM ST PITTSBURGH PA 15219,15219
0 EDNA ST PITTSBURGH PA 15219,15219
0 EDNA ST PITTSBURGH PA 15219,15219
0 EDNA ST PITTSBURGH PA 15219,15219
0 VAN BRAAM ST PITTSBURGH PA 15219,15219
1727 BLVD OF THE ALLIES PITTSBURGH PA 15219,15219
1715 BLVD OF THE ALLIES PITTSBURGH PA 15219,15219
209 JUMONVILLE ST PITTSBURGH PA 15219,15219
2005 TUSTIN ST PITTSBURGH PA 15219,15219
2010 1/2 FORBES AVE PITTSBURGH PA 15219,15219
2010 FORBES AVE PITTSBURGH PA 15219,15219
2015 TUSTIN ST PITTSBURGH PA 15219,15219
2017 TUSTIN ST PITTSBURGH PA 15219,15219
2013 TUSTIN ST PITTSBURGH PA 15219,15219
2012 FORBES AVE PITTSBURGH PA 15219,15219
2014 FORBES AVE PITTSBURGH PA 15219,15219
2017 1/2 TUSTIN ST PITTSBURGH PA 15219,15219
2016 FORBES AVE PITTSBURGH PA 15219,15219
2019 TUSTIN ST PITTSBURGH PA 15219,15219
2018 FORBES AVE PITTSBURGH PA 15219,15219
2028 5TH AVE PITTSBURGH PA 15219,15219
2076 5TH AVE PITTSBURGH PA 15219,15219
2038 WATSON ST PITTSBURGH PA 15219,15219
16 SENECA ST PITTSBURGH PA 15219,15219
2035 FORBES AVE PITTSBURGH PA 15219,15219
2033 FORBES AVE PITTSBURGH PA 15219,15219
2028 WATSON ST PITTSBURGH PA 15219,15219
2031 FORBES AVE PITTSBURGH PA 15219,15219
2027 FORBES AVE PITTSBURGH PA 15219,15219
2029 FORBES AVE PITTSBURGH PA 15219,15219
0 FORBES AVE PITTSBURGH PA 15219,15219
0 FORBES AVE PITTSBURGH PA 15219,15219
2019 FORBES AVE PITTSBURGH PA 15219,15219
2011 FORBES AVE PITTSBURGH PA 15219,15219
2009 FORBES AVE PITTSBURGH PA 15219,15219
2005 FORBES AVE PITTSBURGH PA 15219,15219
2003 FORBES AVE PITTSBURGH PA 15219,15219
2001 FORBES AVE PITTSBURGH PA 15219,15219
0 JUMONVILLE ST PITTSBURGH PA 15219,15219
1931 FORBES AVE PITTSBURGH PA 15219,15219
1927 FORBES AVE PITTSBURGH PA 15219,15219
1927 FORBES AVE PITTSBURGH PA 15219,15219
1927 FORBES AVE PITTSBURGH PA 15219,15219
1920 FORBES AVE PITTSBURGH PA 15219,15219
2021 TUSTIN ST PITTSBURGH PA 15219,15219
2021 TUSTIN ST PITTSBURGH PA 15219,15219
0 TUSTIN ST PITTSBURGH PA 15219,15219
2022 FORBES AVE PITTSBURGH PA 15219,15219
2024 FORBES AVE PITTSBURGH PA 15219,15219
0 TUSTIN ST PITTSBURGH PA 15219,15219
0 TUSTIN ST PITTSBURGH PA 15219,15219
2024 FORBES AVE PITTSBURGH PA 15219,15219
2028 -2031 FORBES AVE PITTSBURGH PA 15219,15219
2030 FORBES AVE PITTSBURGH PA 15219,15219
2032 FORBES AVE PITTSBURGH PA 15219,15219
2033 TUSTIN ST PITTSBURGH PA 15219,15219
1841 BLVD OF THE ALLIES PITTSBURGH PA 15219,15219
0 BLVD OF THE ALLIES PITTSBURGH PA 15219,15219
1835 BLVD OF THE ALLIES PITTSBURGH PA 15219,15219
1831 BLVD OF THE ALLIES PITTSBURGH PA 15219,15219
0 LOCUST ST PITTSBURGH PA 15219,15219
1842 LOCUST ST PITTSBURGH PA 15219,15219
1840 LOCUST ST PITTSBURGH PA 15219,15219
1838 LOCUST ST PITTSBURGH PA 15219,15219
0 LOCUST ST PITTSBURGH PA 15219,15219
1834 LOCUST ST PITTSBURGH PA 15219,15219
1830 LOCUST ST PITTSBURGH PA 15219,15219
1819 BLVD OF THE ALLIES PITTSBURGH PA 15219,15219
1812 LOCUST ST PITTSBURGH PA 15219,15219
1808 -1810 LOCUST ST PITTSBURGH PA 15219,15219
1805 BLVD OF THE ALLIES PITTSBURGH PA 15219,15219
1805 BLVD OF THE ALLIES PITTSBURGH PA 15219,15219
1801 BLVD OF THE ALLIES PITTSBURGH PA 15219,15219
55 MILTENBERGER ST PITTSBURGH PA 15219,15219
53 MILTENBERGER ST PITTSBURGH PA 15219,15219
51 MILTENBERGER ST PITTSBURGH PA 15219,15219
1718 LOCUST ST PITTSBURGH PA 15219,15219
1716 LOCUST ST PITTSBURGH PA 15219,15219
1714 LOCUST ST PITTSBURGH PA 15219,15219
1712 LOCUST ST PITTSBURGH PA 15219,15219
212 SENECA ST PITTSBURGH PA 15219,15219
0 TUSTIN ST PITTSBURGH PA 15219,15219
2042 TUSTIN ST PITTSBURGH PA 15219,15219
0 TUSTIN ST PITTSBURGH PA 15219,15219
0 TUSTIN ST PITTSBURGH PA 15219,15219
0 SENECA ST PITTSBURGH PA 15219,15219
2030 TUSTIN ST PITTSBURGH PA 15219,15219
2030 TUSTIN ST PITTSBURGH PA 15219,15219
0 TUSTIN ST PITTSBURGH PA 15219,15219
2020 TUSTIN ST PITTSBURGH PA 15219,15219
2041 BLVD OF THE ALLIES PITTSBURGH PA 15219,15219
2041 BLVD OF THE ALLIES PITTSBURGH PA 15219,15219
2012 TUSTIN ST PITTSBURGH PA 15219,15219
2017 BLVD OF THE ALLIES PITTSBURGH PA 15219,15219
2010 TUSTIN ST PITTSBURGH PA 15219,15219
2008 TUSTIN ST PITTSBURGH PA 15219,15219
2004 TUSTIN ST PITTSBURGH PA 15219,15219
2009 BLVD OF THE ALLIES PITTSBURGH PA 15219,15219
309 JUMONVILLE ST PITTSBURGH PA 15219,15219
307 JUMONVILLE ST PITTSBURGH PA 15219,15219
311 JUMONVILLE ST PITTSBURGH PA 15219,15219
2011 BLVD OF THE ALLIES PITTSBURGH PA 15219,15219
313 JUMONVILLE ST PITTSBURGH PA 15219,15219
2000 TUSTIN ST PITTSBURGH PA 15219,15219
2000 TUSTIN ST PITTSBURGH PA 15219,15219
2013 BLVD OF THE ALLIES PITTSBURGH PA 15219,15219
2001 BLVD OF THE ALLIES PITTSBURGH PA 15219,15219
2014 TUSTIN ST PITTSBURGH PA 15219,15219
2016 TUSTIN ST PITTSBURGH PA 15219,15219
2018 TUSTIN ST PITTSBURGH PA 15219,15219
2005 BLVD OF THE ALLIES PITTSBURGH PA 15219,15219
1937 BLVD OF THE ALLIES PITTSBURGH PA 15219,15219
300 JUMONVILLE ST PITTSBURGH PA 15219,15219
0 WATSON ST PITTSBURGH PA 15219,15219
2016 WATSON ST PITTSBURGH PA 15219,15219
2015 FORBES AVE PITTSBURGH PA 15219,15219
0 2ND AVE PITTSBURGH PA 15219,15219
625 STANWIX ST PITTSBURGH PA 15222,15222
625 STANWIX ST PITTSBURGH PA 15222,15222
401 LIBERTY AVE PITTSBURGH PA 15222,15222
320 FORT DUQUESNE BLVD PITTSBURGH PA 15222,15222
320 FORT DUQUESNE BLVD STE 300 PITTSBURGH PA 15222,15222
320 FORT DUQUESNE BLVD STE 1W1 PITTSBURGH PA 15222,15222
320 FORT DUQUESNE BLVD PITTSBURGH PA 15222,15222
320 FORT DUQUESNE BLVD UNIT 9A PITTSBURGH PA 15222,15222
320 FORT DUQUESNE BLVD UNIT 9B PITTSBURGH PA 15222,15222
320 FORT DUQUESNE BLVD UNIT 9D PITTSBURGH PA 15222,15222
320 FORT DUQUESNE BLVD UNIT 9E PITTSBURGH PA 15222,15222
320 FORT DUQUESNE BLVD UNIT 9F PITTSBURGH PA 15222,15222
320 FORT DUQUESNE BLVD UNIT 9G PITTSBURGH PA 15222,15222
320 FORT DUQUESNE BLVD UNIT 9H PITTSBURGH PA 15222,15222
320 FORT DUQUESNE BLVD UNIT 10B PITTSBURGH PA 15222,15222
320 FORT DUQUESNE BLVD UNIT 10C PITTSBURGH PA 15222,15222
320 FORT DUQUESNE BLVD UNIT 10D-F PITTSBURGH PA 15222,15222
320 FORT DUQUESNE BLVD UNIT 10G PITTSBURGH PA 15222,15222
320 FORT DUQUESNE BLVD UNIT 11B PITTSBURGH PA 15222,15222
320 FORT DUQUESNE BLVD UNIT 11C PITTSBURGH PA 15222,15222
320 FORT DUQUESNE BLVD UNIT 11D PITTSBURGH PA 15222,15222
1920 FORBES AVE PITTSBURGH PA 15219,15219
1920 FORBES AVE PITTSBURGH PA 15219,15219
1920 FORBES AVE PITTSBURGH PA 15219,15219
2006 1/2 FORBES AVE PITTSBURGH PA 15219,15219
0 TUSTIN ST PITTSBURGH PA 15219,15219
2000 FORBES AVE PITTSBURGH PA 15219,15219
2006 FORBES AVE PITTSBURGH PA 15219,15219
2002 FORBES AVE PITTSBURGH PA 15219,15219
2004 FORBES AVE PITTSBURGH PA 15219,15219
207 JUMONVILLE ST PITTSBURGH PA 15219,15219
320 FORT DUQUESNE BLVD STE 340 PITTSBURGH PA 15222,15222
320 FORT DUQUESNE BLVD STE 240-245 PITTSBURGH PA 15222,15222
320 FORT DUQUESNE BLVD STE 100 PITTSBURGH PA 15222,15222
320 FORT DUQUESNE BLVD STE 235 PITTSBURGH PA 15222,15222
320 FORT DUQUESNE BLVD STE 225 PITTSBURGH PA 15222,15222
320 FORT DUQUESNE BLVD STE 350 PITTSBURGH PA 15222,15222
320 FORT DUQUESNE BLVD STE 200 PITTSBURGH PA 15222,15222
320 FORT DUQUESNE BLVD STE 275 PITTSBURGH PA 15222,15222
320 FORT DUQUESNE BLVD STE 100 PITTSBURGH PA 15222,15222
320 FORT DUQUESNE BLVD PITTSBURGH PA 15222,15222
320 FORT DUQUESNE BLVD STE 319 PITTSBURGH PA 15222,15222
320 FORT DUQUESNE BLVD STE 120 PITTSBURGH PA 15222,15222
320 FORT DUQUESNE BLVD STE 215 PITTSBURGH PA 15222,15222
320 FORT DUQUESNE BLVD STE 360 PITTSBURGH PA 15222,15222
320 FORT DUQUESNE BLVD STE 325 PITTSBURGH PA 15222,15222
320 FORT DUQUESNE BLVD STE 370 PITTSBURGH PA 15222,15222
320 FORT DUQUESNE BLVD STE 380 PITTSBURGH PA 15222,15222
320 FORT DUQUESNE BLVD PITTSBURGH PA 15222,15222
320 FORT DUQUESNE BLVD STE 200 PITTSBURGH PA 15222,15222
2035 TUSTIN ST PITTSBURGH PA 15219,15219
0 TUSTIN ST PITTSBURGH PA 15219,15219
0 TUSTIN ST PITTSBURGH PA 15219,15219
2032 FORBES AVE PITTSBURGH PA 15219,15219
0 FORBES AVE PITTSBURGH PA 15219,15219
206 SENECA ST PITTSBURGH PA 15219,15219
206 SENECA ST PITTSBURGH PA 15219,15219
210 SENECA ST PITTSBURGH PA 15219,15219
320 FORT DUQUESNE BLVD UNIT 6B PITTSBURGH PA 15222,15222
320 FORT DUQUESNE BLVD UNIT 6C PITTSBURGH PA 15222,15222
320 FORT DUQUESNE BLVD UNIT 6D PITTSBURGH PA 15222,15222
320 FORT DUQUESNE BLVD UNIT 6F PITTSBURGH PA 15222,15222
320 FORT DUQUESNE BLVD UNIT 6G PITTSBURGH PA 15222,15222
320 FORT DUQUESNE BLVD UNIT 6H PITTSBURGH PA 15222,15222
320 FORT DUQUESNE BLVD UNIT 7B PITTSBURGH PA 15222,15222
320 FORT DUQUESNE BLVD UNIT 7C PITTSBURGH PA 15222,15222
320 FORT DUQUESNE BLVD UNIT 7D PITTSBURGH PA 15222,15222
320 FORT DUQUESNE BLVD UNIT 7E PITTSBURGH PA 15222,15222
320 FORT DUQUESNE BLVD UNIT 7G PITTSBURGH PA 15222,15222
320 FORT DUQUESNE BLVD UNIT 8A PITTSBURGH PA 15222,15222
320 FORT DUQUESNE BLVD UNIT 8B PITTSBURGH PA 15222,15222
320 FORT DUQUESNE BLVD UNIT 8D PITTSBURGH PA 15222,15222
320 FORT DUQUESNE BLVD UNIT 8E PITTSBURGH PA 15222,15222
320 FORT DUQUESNE BLVD UNIT 22E PITTSBURGH PA 15222,15222
320 FORT DUQUESNE BLVD UNIT 22G PITTSBURGH PA 15222,15222
320 FORT DUQUESNE BLVD UNIT 22J PITTSBURGH PA 15222,15222
320 FORT DUQUESNE BLVD UNIT 23C PITTSBURGH PA 15222,15222
320 FORT DUQUESNE BLVD UNIT 23D PITTSBURGH PA 15222,15222
320 FORT DUQUESNE BLVD UNIT 14A PITTSBURGH PA 15222,15222
320 FORT DUQUESNE BLVD UNIT 14B PITTSBURGH PA 15222,15222
320 FORT DUQUESNE BLVD UNIT 14D PITTSBURGH PA 15222,15222
320 FORT DUQUESNE BLVD UNIT 14E PITTSBURGH PA 15222,15222
320 FORT DUQUESNE BLVD UNIT 14F PITTSBURGH PA 15222,15222
320 FORT DUQUESNE BLVD UNIT 14G PITTSBURGH PA 15222,15222
320 FORT DUQUESNE BLVD UNIT 15A PITTSBURGH PA 15222,15222
320 FORT DUQUESNE BLVD UNIT 15B PITTSBURGH PA 15222,15222
320 FORT DUQUESNE BLVD UNIT 15C PITTSBURGH PA 15222,15222
320 FORT DUQUESNE BLVD UNIT 15D PITTSBURGH PA 15222,15222
320 FORT DUQUESNE BLVD UNIT 15F PITTSBURGH PA 15222,15222
320 FORT DUQUESNE  BLVD UNIT 16A PITTSBURGH PA 15222,15222
320 FORT DUQUESNE BLVD UNIT 16B PITTSBURGH PA 15222,15222
320 FORT DUQUESNE BLVD UNIT 16D PITTSBURGH PA 15222,15222
320 FORT DUQUESNE BLVD UNIT 16F PITTSBURGH PA 15222,15222
320 FORT DUQUESNE BLVD UNIT 16G PITTSBURGH PA 15222,15222
320 FORT DUQUESNE BLVD UNIT 17C PITTSBURGH PA 15222,15222
320 FORT DUQUESNE BLVD UNIT 17D PITTSBURGH PA 15222,15222
320 FORT DUQUESNE BLVD UNIT 18A PITTSBURGH PA 15222,15222
320 FORT DUQUESNE BLVD UNIT 18B PITTSBURGH PA 15222,15222
320 FORT DUQUESNE BLVD UNIT 23E PITTSBURGH PA 15222,15222
320 FORT DUQUESNE BLVD UNIT 23F PITTSBURGH PA 15222,15222
320 FORT DUQUESNE BLVD UNIT 23G PITTSBURGH PA 15222,15222
320 FORT DUQUESNE BLVD UNIT 24B PITTSBURGH PA 15222,15222
320 FORT DUQUESNE BLVD UNIT 24C PITTSBURGH PA 15222,15222
320 FORT DUQUESNE BLVD UNIT 24D PITTSBURGH PA 15222,15222
320 FORT DUQUESNE BLVD UNIT 24F PITTSBURGH PA 15222,15222
320 FORT DUQUESNE BLVD UNIT 24H PITTSBURGH PA 15222,15222
320 FORT DUQUESNE BLVD UNIT 12F PITTSBURGH PA 15222,15222
320 FORT DUQUESNE BLVD UNIT 12G PITTSBURGH PA 15222,15222
320 FORT DUQUESNE BLVD UNIT 11E PITTSBURGH PA 15222,15222
320 FORT DUQUESNE BLVD UNIT 11F PITTSBURGH PA 15222,15222
320 FORT DUQUESNE BLVD UNIT 11H PITTSBURGH PA 15222,15222
320 FORT DUQUESNE BLVD UNIT 12A PITTSBURGH PA 15222,15222
320 FORT DUQUESNE BLVD UNIT 12C PITTSBURGH PA 15222,15222
320 FORT DUQUESNE BLVD UNIT 12D PITTSBURGH PA 15222,15222
320 FORT DUQUESNE BLVD UNIT 12E PITTSBURGH PA 15222,15222
320 FORT DUQUESNE BLVD STE 200 PITTSBURGH PA 15222,15222
320 FORT DUQUESNE BLVD STE 2710 PITTSBURGH PA 15222,15222
320 FORT DUQUESNE BLVD STE 200 PITTSBURGH PA 15222,15222
320 FORT DUQUESNE BLVD STE 190 PITTSBURGH PA 15222,15222
320 FORT DUQUESNE BLVD STE 250 PITTSBURGH PA 15222,15222
320 FORT DUQUESNE BLVD STE 2710 PITTSBURGH PA 15222,15222
320 FORT DUQUESNE BLVD PITTSBURGH PA 15222,15222
320 FORT DUQUESNE BLVD UNIT 4B PITTSBURGH PA 15222,15222
320 FORT DUQUESNE BLVD UNIT 4C PITTSBURGH PA 15222,15222
320 FORT DUQUESNE BLVD UNIT 4D PITTSBURGH PA 15222,15222
320 FORT DUQUESNE BLVD UNIT 4F PITTSBURGH PA 15222,15222
320 FORT DUQUESNE BLVD UNIT 4G PITTSBURGH PA 15222,15222
320 FORT DUQUESNE BLVD UNIT 5B PITTSBURGH PA 15222,15222
320 FORT DUQUESNE BLVD UNIT 5E PITTSBURGH PA 15222,15222
2434 SMALLMAN ST UNIT 219 PITTSBURGH PA 15222,15222
2434 SMALLMAN ST UNIT 220 PITTSBURGH PA 15222,15222
2434 SMALLMAN ST UNIT 221 PITTSBURGH PA 15222,15222
2434 SMALLMAN ST UNIT 222 PITTSBURGH PA 15222,15222
808 PENN AVE UNIT 500 PITTSBURGH PA 15222,15222
808 PENN AVE UNIT 700 PITTSBURGH PA 15222,15222
808 PENN AVE UNIT 800 PITTSBURGH PA 15222,15222
810 PENN AVE PITTSBURGH PA 15222,15222
208 9TH ST PITTSBURGH PA 15222,15222
209 -211 9TH ST PITTSBURGH PA 15222,15222
908 -910 PENN AVE PITTSBURGH PA 15222,15222
914 PENN AVE PITTSBURGH PA 15222,15222
922 PENN AVE PITTSBURGH PA 15222,15222
1719 PENN AVE PITTSBURGH PA 15222,15222
1721 PENN AVE PITTSBURGH PA 15222,15222
1725 PENN AVE PITTSBURGH PA 15222,15222
1620 PENN AVE PITTSBURGH PA 15222,15222
1624 PENN AVE PITTSBURGH PA 15222,15222
1636 PENN AVE PITTSBURGH PA 15222,15222
1658 PENN AVE PITTSBURGH PA 15222,15222
1700 PENN AVE PITTSBURGH PA 15222,15222
1728 PENN AVE PITTSBURGH PA 15222,15222
1732 PENN AVE PITTSBURGH PA 15222,15222
0 BIGELOW BLVD PITTSBURGH PA 15219,15219
0 BIGELOW BLVD PITTSBURGH PA 15219,15219
0 BIGELOW BLVD PITTSBURGH PA 15219,15219
0 ARCENA ST PITTSBURGH PA 15219,15219
0 ARCENA ST PITTSBURGH PA 15219,15219
0 ARCENA ST PITTSBURGH PA 15219,15219
0 ARCENA ST PITTSBURGH PA 15219,15219
0 ARCENA ST PITTSBURGH PA 15219,15219
0 ARCENA ST PITTSBURGH PA 15219,15219
0 ARCENA ST PITTSBURGH PA 15219,15219
2434 SMALLMAN ST UNIT 314 PITTSBURGH PA 15222,15222
2434 SMALLMAN ST UNIT 315 PITTSBURGH PA 15222,15222
2434 SMALLMAN ST UNIT 319 PITTSBURGH PA 15222,15222
2434 SMALLMAN ST UNIT 320 PITTSBURGH PA 15222,15222
2434 SMALLMAN ST UNIT 321 PITTSBURGH PA 15222,15222
2434 SMALLMAN ST UNIT 411 PITTSBURGH PA 15222,15222
2434 SMALLMAN ST UNIT 412 PITTSBURGH PA 15222,15222
2434 SMALLMAN ST UNIT 413 PITTSBURGH PA 15222,15222
930 -932 PENN AVE PITTSBURGH PA 15222,15222
936 PENN AVE PITTSBURGH PA 15222,15222
938 -940 PENN AVE PITTSBURGH PA 15222,15222
942 PENN AVE PITTSBURGH PA 15222,15222
950 PENN AVE PITTSBURGH PA 15222,15222
960 PENN AVE PITTSBURGH PA 15222,15222
951 PENN AVE PITTSBURGH PA 15222,15222
945 PENN AVE PITTSBURGH PA 15222,15222
941 PENN AVE PITTSBURGH PA 15222,15222
941 PENN AVE UNIT 101 PITTSBURGH PA 15222,15222
1800 PENN AVE PITTSBURGH PA 15222,15222
1736 PENN AVE PITTSBURGH PA 15222,15222
0 LIBERTY AVE PITTSBURGH PA 15222,15222
1601 LIBERTY AVE PITTSBURGH PA 15222,15222
1711 LIBERTY AVE PITTSBURGH PA 15222,15222
1901 LIBERTY AVE PITTSBURGH PA 15222,15222
0 BIGELOW BLVD PITTSBURGH PA 15219,15219
0 BIGELOW BLVD PITTSBURGH PA 15219,15219
0 BIGELOW BLVD PITTSBURGH PA 15219,15219
0 ARCENA ST PITTSBURGH PA 15219,15219
0 ARCENA ST PITTSBURGH PA 15219,15219
0 ARCENA ST PITTSBURGH PA 15219,15219
0 ARCENA ST PITTSBURGH PA 15219,15219
0 ARCENA ST PITTSBURGH PA 15219,15219
0 ARCENA ST PITTSBURGH PA 15219,15219
0 CRESCENT ST PITTSBURGH PA 15219,15219
0 CRESCENT ST PITTSBURGH PA 15219,15219
320 FORT DUQUESNE BLVD UNIT 18C PITTSBURGH PA 15222,15222
320 FORT DUQUESNE BLVD UNIT 18D PITTSBURGH PA 15222,15222
320 FORT DUQUESNE BLVD UNIT 18E PITTSBURGH PA 15222,15222
320 FORT DUQUESNE BLVD UNIT 19C PITTSBURGH PA 15222,15222
320 FORT DUQUESNE BLVD UNIT 19E PITTSBURGH PA 15222,15222
320 FORT DUQUESNE BLVD UNIT 19G PITTSBURGH PA 15222,15222
320 FORT DUQUESNE BLVD UNIT 19H PITTSBURGH PA 15222,15222
320 FORT DUQUESNE BLVD UNIT 20B PITTSBURGH PA 15222,15222
320 FORT DUQUESNE BLVD UNIT 20C PITTSBURGH PA 15222,15222
320 FORT DUQUESNE BLVD UNIT 20D PITTSBURGH PA 15222,15222
320 FORT DUQUESNE BLVD UNIT 20E PITTSBURGH PA 15222,15222
320 FORT DUQUESNE BLVD UNIT 20G PITTSBURGH PA 15222,15222
320 FORT DUQUESNE BLVD UNIT 20H PITTSBURGH PA 15222,15222
320 FORT DUQUESNE BLVD UNIT 21C PITTSBURGH PA 15222,15222
320 FORT DUQUESNE BLVD UNIT 21E PITTSBURGH PA 15222,15222
320 FORT DUQUESNE BLVD UNIT 21G PITTSBURGH PA 15222,15222
320 FORT DUQUESNE BLVD UNIT 21H PITTSBURGH PA 15222,15222
320 FORT DUQUESNE BLVD UNIT 22B PITTSBURGH PA 15222,15222
320 FORT DUQUESNE BLVD UNIT 22C PITTSBURGH PA 15222,15222
933 LIBERTY AVE PITTSBURGH PA 15222,15222
931 LIBERTY AVE PITTSBURGH PA 15222,15222
929 LIBERTY AVE PITTSBURGH PA 15222,15222
927 LIBERTY AVE PITTSBURGH PA 15222,15222
925 LIBERTY AVE PITTSBURGH PA 15222,15222
917 LIBERTY AVE PITTSBURGH PA 15222,15222
913 -915 LIBERTY AVE PITTSBURGH PA 15222,15222
913 LIBERTY AVE UNIT 100 PITTSBURGH PA 15222,15222
915 LIBERTY AVE UNIT 201 PITTSBURGH PA 15222,15222
915 LIBERTY AVE UNIT 401 PITTSBURGH PA 15222,15222
915 LIBERTY AVE UNIT 501 PITTSBURGH PA 15222,15222
2434 SMALLMAN ST UNIT 212 PITTSBURGH PA 15222,15222
2434 SMALLMAN ST UNIT 214 PITTSBURGH PA 15222,15222
2434 SMALLMAN ST UNIT 215 PITTSBURGH PA 15222,15222
2434 SMALLMAN ST UNIT 218 PITTSBURGH PA 15222,15222
0 CRESCENT ST PITTSBURGH PA 15219,15219
0 BIGELOW BLVD PITTSBURGH PA 15219,15219
1 21ST ST PITTSBURGH PA 15222,15222
1 21ST ST PITTSBURGH PA 15222,15222
0 23RD ST PITTSBURGH PA 15222,15222
0 27TH ST PITTSBURGH PA 15222,15222
2120 -2128 RAILROAD ST PITTSBURGH PA 15222,15222
2103 -2145 SMALLMAN ST PITTSBURGH PA 15222,15222
2203 -2245 SMALLMAN ST PITTSBURGH PA 15222,15222
2130 -2158 RAILROAD ST PITTSBURGH PA 15222,15222
2200 -2228 RIALROAD ST PITTSBURGH PA 15222,15222
2230 -2238 RAILROAD ST PITTSBURGH PA 15222,15222
2434 SMALLMAN ST UNIT 513 PITTSBURGH PA 15222,15222
2434 SMALLMAN ST UNIT 514 PITTSBURGH PA 15222,15222
2434 SMALLMAN ST UNIT 515 PITTSBURGH PA 15222,15222
2434 SMALLMAN ST UNIT 517 PITTSBURGH PA 15222,15222
2434 SMALLMAN ST UNIT 518 PITTSBURGH PA 15222,15222
2434 SMALLMAN ST UNIT 519 PITTSBURGH PA 15222,15222
2434 SMALLMAN ST UNIT 520 PITTSBURGH PA 15222,15222
2434 SMALLMAN ST UNIT 521 PITTSBURGH PA 15222,15222
2434 SMALLMAN ST UNIT 522 PITTSBURGH PA 15222,15222
2434 SMALLMAN ST UNIT 611 PITTSBURGH PA 15222,15222
941 PENN AVE UNIT 701 PITTSBURGH PA 15222,15222
941 PENN AVE UNIT 702 PITTSBURGH PA 15222,15222
941 PENN AVE UNIT 801 PITTSBURGH PA 15222,15222
941 PENN AVE UNIT 901 PITTSBURGH PA 15222,15222
933 -937 PENN AVE PITTSBURGH PA 15222,15222
0 27TH ST PITTSBURGH PA 15222,15222
40 24TH ST PITTSBURGH PA 15222,15222
40 24TH ST PITTSBURGH PA 15222,15222
40 24TH ST PITTSBURGH PA 15222,15222
0 RAILROAD ST PITTSBURGH PA 15222,15222
0 RAILROAD ST PITTSBURGH PA 15222,15222
2545 RAILROAD ST PITTSBURGH PA 15222,15222
48 26TH ST PITTSBURGH PA 15222,15222
0 26TH ST PITTSBURGH PA 15222,15222
2645 RAILROAD ST PITTSBURGH PA 15222,15222
114 27TH ST PITTSBURGH PA 15222,15222
2554 SMALLMAN ST UNIT 305 PITTSBURGH PA 15222,15222
2554 SMALLMAN ST UNIT 307 PITTSBURGH PA 15222,15222
2554 SMALLMAN ST UNIT 401 PITTSBURGH PA 15222,15222
2554 SMALLMAN ST UNIT 402 PITTSBURGH PA 15222,15222
2554 SMALLMAN ST UNIT 404 PITTSBURGH PA 15222,15222
2554 SMALLMAN ST UNIT 405 PITTSBURGH PA 15222,15222
2554 SMALLMAN ST UNIT 406 PITTSBURGH PA 15222,15222
2554 SMALLMAN ST UNIT 501 PITTSBURGH PA 15222,15222
907 -909 PENN AVE PITTSBURGH PA 15222,15222
905 PENN AVE PITTSBURGH PA 15222,15222
135 9TH ST PITTSBURGH PA 15222,15222
186 9TH ST PITTSBURGH PA 15222,15222
118 -124 9TH ST PITTSBURGH PA 15222,15222
809 PENN AVE PITTSBURGH PA 15222,15222
0 PENN AVE PITTSBURGH PA 15222,15222
0 9TH ST PITTSBURGH PA 15222,15222
931 PENN AVE PITTSBURGH PA 15222,15222
925 PENN AVE PITTSBURGH PA 15222,15222
923 PENN AVE PITTSBURGH PA 15222,15222
924 FRENCH ST PITTSBURGH PA 15222,15222
0 CRESCENT ST PITTSBURGH PA 15219,15219
0 CRESCENT ST PITTSBURGH PA 15219,15219
0 CRESCENT ST PITTSBURGH PA 15219,15219
0 RIDGEWAY ST PITTSBURGH PA 15219,15219
0 ARCENA ST PITTSBURGH PA 15219,15219
0 RIDGEWAY ST PITTSBURGH PA 15222,15222
0 ARCENA ST PITTSBURGH PA 15219,15219
0 RIDGEWAY ST PITTSBURGH PA 15219,15219
0 RIDGEWAY ST PITTSBURGH PA 15219,15219
0 RIDGEWAY ST PITTSBURGH PA 15219,15219
0 21ST ST PITTSBURGH PA 15222,15222
1 21ST ST PITTSBURGH PA 15222,15222
2434 SMALLMAN ST UNIT 415 PITTSBURGH PA 15222,15222
2434 SMALLMAN ST UNIT 416 PITTSBURGH PA 15222,15222
2434 SMALLMAN ST UNIT 418 PITTSBURGH PA 15222,15222
2434 SMALLMAN ST UNIT 419 PITTSBURGH PA 15222,15222
2434 SMALLMAN ST UNIT 420 PITTSBURGH PA 15222,15222
2434 SMALLMAN ST UNIT 421 PITTSBURGH PA 15222,15222
2434 SMALLMAN ST UNIT 422 PITTSBURGH PA 15222,15222
2434 SMALLMAN ST UNIT 512 PITTSBURGH PA 15222,15222
941 PENN AVE UNIT 102 PITTSBURGH PA 15222,15222
941 PENN AVE UNIT 201 PITTSBURGH PA 15222,15222
941 PENN AVE UNIT 202 PITTSBURGH PA 15222,15222
941 PENN AVE UNIT 301 PITTSBURGH PA 15222,15222
941 PENN AVE UNIT 302 PITTSBURGH PA 15222,15222
941 PENN AVE UNIT 401 PITTSBURGH PA 15222,15222
941 PENN AVE UNIT 402 PITTSBURGH PA 15222,15222
941 PENN AVE UNIT 502 PITTSBURGH PA 15222,15222
0 BIGELOW BLVD PITTSBURGH PA 15219,15219
0 BIGELOW BLVD PITTSBURGH PA 15219,15219
0 BIGELOW BLVD PITTSBURGH PA 15219,15219
0 BIGELOW BLVD PITTSBURGH PA 15219,15219
0 CRESCENT ST PITTSBURGH PA 15219,15219
0 CRESCENT ST PITTSBURGH PA 15219,15219
0 CRESCENT ST PITTSBURGH PA 15219,15219
0 CRESCENT ST PITTSBURGH PA 15219,15219
0 PENN AVE PITTSBURGH PA 15222,15222
1215 -1221 PENN AVE PITTSBURGH PA 15222,15222
1212 SMALLMAN ST PITTSBURGH PA 15222,15222
0 SMALLMAN ST PITTSBURGH PA 15222,15222
1212 SMALLMAN ST PITTSBURGH PA 15222,15222
1150 SMALLMAN ST PITTSBURGH PA 15222,15222
1108 -1126 SMALLMAN ST PITTSBURGH PA 15222,15222
0 R OF W PITTSBURGH PA 15222,15222
2627 PENN AVE PITTSBURGH PA 15222,15222
2635 -2643 PENN AVE PITTSBURGH PA 15222,15222
2643 PENN AVE PITTSBURGH PA 15222,15222
2635 PENN AVE APT 202 PITTSBURGH PA 15222,15222
2635 PENN AVE APT 203 PITTSBURGH PA 15222,15222
2635 PENN AVE APT 204 PITTSBURGH PA 15222,15222
2635 PENN AVE APT 206 PITTSBURGH PA 15222,15222
2635 PENN AVE APT 208 PITTSBURGH PA 15222,15222
2635 PENN AVE APT 212 PITTSBURGH PA 15222,15222
2434 SMALLMAN ST UNIT 612 PITTSBURGH PA 15222,15222
2434 SMALLMAN ST UNIT 615 PITTSBURGH PA 15222,15222
2434 SMALLMAN ST UNIT 616 PITTSBURGH PA 15222,15222
2434 SMALLMAN ST UNIT 619 PITTSBURGH PA 15222,15222
2434 SMALLMAN ST UNIT 622 PITTSBURGH PA 15222,15222
2434 SMALLMAN ST UNIT 119 PITTSBURGH PA 15222,15222
215 25TH ST UNIT 2 PITTSBURGH PA 15222,15222
215 25TH ST UNIT 3 PITTSBURGH PA 15222,15222
0 PENN AVE PITTSBURGH PA 15222,15222
1111 -1119 PENN AVE PITTSBURGH PA 15222,15222
0 PENN ALY PITTSBURGH PA 15222,15222
1000 FORT DUQUESNE BLVD PITTSBURGH PA 15222,15222
55 11TH ST PITTSBURGH PA 15222,15222
1001 LIBERTY AVE PITTSBURGH PA 15222,15222
1000 PENN AVE PITTSBURGH PA 15222,15222
1001 LIBERTY AVE PITTSBURGH PA 15222,15222
0 LIBERTY AVE PITTSBURGH PA 15222,15222
0 7TH AVE PITTSBURGH PA 15219,15219
0 WATERFRONT PL PITTSBURGH PA 15222,15222
1101 SMALLMAN ST PITTSBURGH PA 15222,15222
1101 SMALLMAN ST PITTSBURGH PA 15222,15222
1201 WATERFRONT PL PITTSBURGH PA 15222,15222
0 SMALLMAN ST PITTSBURGH PA 15222,15222
1251 WATERFRONT PL PITTSBURGH PA 15222,15222
0 WATERFRONT PL PITTSBURGH PA 15222,15222
0 WATERFRONT PL PITTSBURGH PA 15222,15222
1301 PENN AVE PITTSBURGH PA 15222,15222
2635 PENN AVE APT 214 PITTSBURGH PA 15222,15222
2635 PENN AVE APT 215 PITTSBURGH PA 15222,15222
2635 PENN AVE APT 216 PITTSBURGH PA 15222,15222
2635 PENN AVE APT 217 PITTSBURGH PA 15222,15222
2635 PENN AVE APT 219 PITTSBURGH PA 15222,15222
2635 PENN AVE APT 301 PITTSBURGH PA 15222,15222
2635 PENN AVE APT 305 PITTSBURGH PA 15222,15222
2635 PENN AVE APT 306 PITTSBURGH PA 15222,15222
2545 PENN AVE UNIT 503 PITTSBURGH PA 15222,15222
2545 PENN AVE UNIT 505 PITTSBURGH PA 15222,15222
2545 PENN AVE UNIT 506 PITTSBURGH PA 15222,15222
2545 PENN AVE UNIT 507 PITTSBURGH PA 15222,15222
2545 PENN AVE UNIT 508 PITTSBURGH PA 15222,15222
2545 PENN AVE UNIT 601 PITTSBURGH PA 15222,15222
2545 PENN AVE UNIT 602 PITTSBURGH PA 15222,15222
2549 PENN AVE PITTSBURGH PA 15222,15222
0 COR LIBERTY & GRANT PITTSBURGH PA 15219,15219
0 LIBERTY AVE PITTSBURGH PA 15222,15222
1100 LIBERTY AVE PITTSBURGH PA 15222,15222
0 27TH ST PITTSBURGH PA 15222,15222
0 27TH ST PITTSBURGH PA 15222,15222
800 FORT DUQUESNE BLVD PITTSBURGH PA 15222,15222
912 FORT DUQUESNE BLVD PITTSBURGH PA 15222,15222
0 CRESCENT ST PITTSBURGH PA 15219,15219
1000 FORT DUQUESNE BLVD PITTSBURGH PA 15222,15222
1125 PENN AVE PITTSBURGH PA 15222,15222
1133 PENN AVE PITTSBURGH PA 15222,15222
1135 PENN AVE PITTSBURGH PA 15222,15222
1139 PENN AVE PITTSBURGH PA 15222,15222
1139 PENN AVE PITTSBURGH PA 15222,15222
1149 PENN AVE PITTSBURGH PA 15222,15222
1201 PENN AVE PITTSBURGH PA 15222,15222
2528 -2584 RAILROAD ST PITTSBURGH PA 15222,15222
2555 SMALLMAN ST PITTSBURGH PA 15222,15222
2501 SMALLMAN ST PITTSBURGH PA 15222,15222
2601 SMALLMAN ST PITTSBURGH PA 15222,15222
2613 SMALLMAN ST PITTSBURGH PA 15222,15222
2639 SMALLMAN ST PITTSBURGH PA 15222,15222
2647 SMALLMAN ST PITTSBURGH PA 15222,15222
123 26TH ST PITTSBURGH PA 15222,15222
123 26TH ST PITTSBURGH PA 15222,15222
2623 PENN AVE PITTSBURGH PA 15222,15222
2545 PENN AVE UNIT 201 PITTSBURGH PA 15222,15222
2545 PENN AVE UNIT 203 PITTSBURGH PA 15222,15222
2545 PENN AVE UNIT 205 PITTSBURGH PA 15222,15222
2545 PENN AVE UNIT 207 PITTSBURGH PA 15222,15222
2545 PENN AVE UNIT 208 PITTSBURGH PA 15222,15222
2545 PENN AVE UNIT 301 PITTSBURGH PA 15222,15222
2545 PENN AVE UNIT 303 PITTSBURGH PA 15222,15222
2545 PENN AVE UNIT 304 PITTSBURGH PA 15222,15222
111 9TH ST PITTSBURGH PA 15222,15222
912 FORT DUQUESNE BLVD PITTSBURGH PA 15222,15222
121 9TH ST PITTSBURGH PA 15222,15222
121 9TH ST PITTSBURGH PA 15222,15222
111 9TH ST PITTSBURGH PA 15222,15222
111 9TH ST PITTSBURGH PA 15222,15222
111 9TH ST PITTSBURGH PA 15222,15222
111 9TH ST PITTSBURGH PA 15222,15222
0 PENN AVE PITTSBURGH PA 15222,15222
2528 PENN AVE PITTSBURGH PA 15222,15222
2522 PENN AVE PITTSBURGH PA 15222,15222
2520 PENN AVE PITTSBURGH PA 15222,15222
2515 SPRING WAY PITTSBURGH PA 15222,15222
2117 PENN AVE PITTSBURGH PA 15222,15222
2121 PENN AVE PITTSBURGH PA 15222,15222
2123 PENN AVE PITTSBURGH PA 15222,15222
2127 PENN AVE PITTSBURGH PA 15222,15222
2205 PENN AVE PITTSBURGH PA 15222,15222
2205 PENN AVE PITTSBURGH PA 15222,15222
2220 PENN AVE PITTSBURGH PA 15222,15222
2216 PENN AVE PITTSBURGH PA 15222,15222
2216 PENN AVE PITTSBURGH PA 15222,15222
2212 PENN AVE PITTSBURGH PA 15222,15222
0 BIGELOW BLVD PITTSBURGH PA 15219,15219
0 CRESCENT ST PITTSBURGH PA 15219,15219
0 CRESCENT ST PITTSBURGH PA 15219,15219
0 CRESCENT ST PITTSBURGH PA 15219,15219
0 CRESCENT ST PITTSBURGH PA 15219,15219
0 CRESCENT ST PITTSBURGH PA 15219,15219
0 BIGELOW BLVD PITTSBURGH PA 15219,15219
0 BIGELOW BLVD PITTSBURGH PA 15219,15219
0 CRESCENT ST PITTSBURGH PA 15219,15219
0 CRESCENT ST PITTSBURGH PA 15219,15219
0 CRESCENT ST PITTSBURGH PA 15219,15219
0 BIGELOW BLVD PITTSBURGH PA 15219,15219
2635 PENN AVE APT 408 PITTSBURGH PA 15222,15222
2550 SMALLMAN ST PITTSBURGH PA 15222,15222
2210 PENN AVE PITTSBURGH PA 15222,15222
2208 PENN AVE PITTSBURGH PA 15222,15222
2204 PENN AVE PITTSBURGH PA 15222,15222
2200 PENN AVE PITTSBURGH PA 15222,15222
2124 PENN AVE PITTSBURGH PA 15222,15222
2112 -2120 PENN AVE PITTSBURGH PA 15222,15222
2106 PENN AVE PITTSBURGH PA 15222,15222
2100 PENN AVE PITTSBURGH PA 15222,15222
213 21ST ST PITTSBURGH PA 15222,15222
220 22ND ST PITTSBURGH PA 15222,15222
2201 LIBERTY AVE PITTSBURGH PA 15222,15222
0 CRESCENT ST PITTSBURGH PA 15219,15219
0 BIGELOW BLVD PITTSBURGH PA 15219,15219
0 CRESCENT ST PITTSBURGH PA 15219,15219
0 CRESCENT ST PITTSBURGH PA 15219,15219
0 CRESCENT ST PITTSBURGH PA 15219,15219
0 BIGELOW BLVD PITTSBURGH PA 15219,15219
0 BIGELOW BLVD PITTSBURGH PA 15219,15219
0 BIGELOW BLVD PITTSBURGH PA 15219,15219
0 RIDGEWAY ST PITTSBURGH PA 15219,15219
2635 PENN AVE APT 502 PITTSBURGH PA 15222,15222
2635 PENN AVE APT 504 PITTSBURGH PA 15222,15222
2635 PENN AVE APT 505 PITTSBURGH PA 15222,15222
2635 PENN AVE APT 506 PITTSBURGH PA 15222,15222
2635 PENN AVE APT 508 PITTSBURGH PA 15222,15222
2635 PENN AVE UNIT 501 PITTSBURGH PA 15222,15222
2635 PENN AVE APT 410 PITTSBURGH PA 15222,15222
2635 PENN AVE APT 413 PITTSBURGH PA 15222,15222
2635 PENN AVE APT 415 PITTSBURGH PA 15222,15222
2635 PENN AVE APT 416 PITTSBURGH PA 15222,15222
2635 PENN AVE APT 418 PITTSBURGH PA 15222,15222
2635 PENN AVE APT 501 PITTSBURGH PA 15222,15222
215 25TH ST UNIT 4 PITTSBURGH PA 15222,15222
215 25TH ST UNIT 5 PITTSBURGH PA 15222,15222
215 25TH ST UNIT 6 PITTSBURGH PA 15222,15222
215 25TH ST UNIT 7 PITTSBURGH PA 15222,15222
215 25TH ST UNIT 9 PITTSBURGH PA 15222,15222
2552 SMALLMAN ST PITTSBURGH PA 15222,15222
0 GRANT ST PITTSBURGH PA 15219,15219
0 BIGELOW BLVD PITTSBURGH PA 15219,15219
0 R OF W PITTSBURGH PA 15222,15222
0 LIBERTY AVE PITTSBURGH PA 15222,15222
1301 PENN AVE PITTSBURGH PA 15222,15222
1401 PENN AVE PITTSBURGH PA 15222,15222
1421 PENN AVE PITTSBURGH PA 15222,15222
0 PENN AVE PITTSBURGH PA 15222,15222
1200 -1350 PENN AVE PITTSBURGH PA 15222,15222
1400 EAST BUSWAY PITTSBURGH PA 15219,15219
0 BIGELOW BLVD PITTSBURGH PA 15219,15219
0 BIGELOW BLVD PITTSBURGH PA 15219,15219
0 BIGELOW BLVD PITTSBURGH PA 15219,15219
0 BIGELOW BLVD PITTSBURGH PA 15219,15219
0 BIGELOW BLVD PITTSBURGH PA 15219,15219
2635 PENN AVE APT 310 PITTSBURGH PA 15222,15222
2635 PENN AVE APT 312 PITTSBURGH PA 15222,15222
2635 PENN AVE APT 313 PITTSBURGH PA 15222,15222
2635 PENN AVE APT 314 PITTSBURGH PA 15222,15222
2635 PENN AVE APT 316 PITTSBURGH PA 15222,15222
2635 PENN AVE APT 317 PITTSBURGH PA 15222,15222
2635 PENN AVE APT 401 PITTSBURGH PA 15222,15222
2635 PENN AVE APT 402 PITTSBURGH PA 15222,15222
2538 PENN AVE PITTSBURGH PA 15222,15222
2538 PENN AVE PITTSBURGH PA 15222,15222
2534 PENN AVE PITTSBURGH PA 15222,15222
2532 PENN AVE PITTSBURGH PA 15222,15222
2419 SMALLMAN ST UNIT 204 PITTSBURGH PA 15222,15222
2545 PENN AVE UNIT 305 PITTSBURGH PA 15222,15222
2545 PENN AVE UNIT 306 PITTSBURGH PA 15222,15222
2545 PENN AVE UNIT 307 PITTSBURGH PA 15222,15222
2545 PENN AVE UNIT 401 PITTSBURGH PA 15222,15222
2545 PENN AVE UNIT 403 PITTSBURGH PA 15222,15222
2545 PENN AVE UNIT 406 PITTSBURGH PA 15222,15222
2545 PENN AVE UNIT 407 PITTSBURGH PA 15222,15222
2545 PENN AVE UNIT 408 PITTSBURGH PA 15222,15222
0 BRERETON ST PITTSBURGH PA 15219,15219
0 BRERETON ST PITTSBURGH PA 15219,15219
0 BRERETON ST PITTSBURGH PA 15219,15219
0 BRERETON ST PITTSBURGH PA 15219,15219
0 BRERETON ST PITTSBURGH PA 15219,15219
0 BRERETON ST PITTSBURGH PA 15219,15219
0 BRERETON ST PITTSBURGH PA 15219,15219
0 BRERETON ST PITTSBURGH PA 15219,15219
0 BRERETON ST PITTSBURGH PA 15219,15219
0 BRERETON ST PITTSBURGH PA 15219,15219
0 BRERETON ST PITTSBURGH PA 15219,15219
0 ARCENA ST PITTSBURGH PA 15219,15219
0 ARCENA ST PITTSBURGH PA 15219,15219
0 ARCENA ST PITTSBURGH PA 15219,15219
0 ARCENA ST PITTSBURGH PA 15219,15219
0 ARCENA ST PITTSBURGH PA 15219,15219
0 ARCENA ST PITTSBURGH PA 15219,15219
1703 ARCENA ST PITTSBURGH PA 15219,15219
1709 ARCENA ST PITTSBURGH PA 15219,15219
705 SMITHFIELD ST PITTSBURGH PA 15222,15222
980 LIBERTY AVE PITTSBURGH PA 15222,15222
2419 SMALLMAN ST UNIT 206 PITTSBURGH PA 15222,15222
2419 SMALLMAN ST UNIT 207 PITTSBURGH PA 15222,15222
2419 SMALLMAN ST UNIT 301 PITTSBURGH PA 15222,15222
2419 SMALLMAN ST UNIT 302 PITTSBURGH PA 15222,15222
2419 SMALLMAN ST UNIT 303 PITTSBURGH PA 15222,15222
2419 SMALLMAN ST UNIT 305 PITTSBURGH PA 15222,15222
2419 SMALLMAN ST UNIT 306 PITTSBURGH PA 15222,15222
2419 SMALLMAN ST UNIT 307 PITTSBURGH PA 15222,15222
2554 SMALLMAN ST UNIT 201 PITTSBURGH PA 15222,15222
2554 SMALLMAN ST UNIT 202 PITTSBURGH PA 15222,15222
2554 SMALLMAN ST UNIT 203 PITTSBURGH PA 15222,15222
2554 SMALLMAN ST UNIT 204 PITTSBURGH PA 15222,15222
2554 SMALLMAN ST UNIT 205 PITTSBURGH PA 15222,15222
2554 SMALLMAN ST UNIT 207 PITTSBURGH PA 15222,15222
2554 SMALLMAN ST UNIT 302 PITTSBURGH PA 15222,15222
2554 SMALLMAN ST UNIT 303 PITTSBURGH PA 15222,15222
2554 SMALLMAN ST UNIT 304 PITTSBURGH PA 15222,15222
0 BRERETON ST PITTSBURGH PA 15219,15219
0 BRERETON ST PITTSBURGH PA 15219,15219
0 BRERETON ST PITTSBURGH PA 15219,15219
0 BRERETON ST PITTSBURGH PA 15219,15219
0 BRERETON ST PITTSBURGH PA 15219,15219
0 TYRONE ST PITTSBURGH PA 15219,15219
0 TYRONE ST PITTSBURGH PA 15219,15219
0 BIGELOW BLVD PITTSBURGH PA 15219,15219
0 BIGELOW BLVD PITTSBURGH PA 15219,15219
0 BRERETON ST PITTSBURGH PA 15219,15219
0 BIGELOW BLVD PITTSBURGH PA 15219,15219
971 LIBERTY AVE PITTSBURGH PA 15222,15222
969 LIBERTY AVE PITTSBURGH PA 15222,15222
967 LIBERTY AVE PITTSBURGH PA 15222,15222
965 LIBERTY AVE PITTSBURGH PA 15222,15222
955 -959 LIBERTY AVE PITTSBURGH PA 15222,15222
951 LIBERTY AVE PITTSBURGH PA 15222,15222
951 LIBERTY AVE STE 100 PITTSBURGH PA 15222,15222
951 LIBERTY AVE UNIT 1B PITTSBURGH PA 15222,15222
951 LIBERTY AVE UNIT 2A PITTSBURGH PA 15222,15222
951 LIBERTY AVE UNIT 2B PITTSBURGH PA 15222,15222
2650 PENN AVE PITTSBURGH PA 15222,15222
2640 PENN AVE PITTSBURGH PA 15222,15222
2638 PENN AVE PITTSBURGH PA 15222,15222
2554 SMALLMAN ST UNIT 502 PITTSBURGH PA 15222,15222
2554 SMALLMAN ST UNIT 503 PITTSBURGH PA 15222,15222
2554 SMALLMAN ST UNIT 506 PITTSBURGH PA 15222,15222
206 26TH ST PITTSBURGH PA 15222,15222
2205 PENN AVE PITTSBURGH PA 15222,15222
2227 PENN AVE PITTSBURGH PA 15222,15222
2329 PENN AVE PITTSBURGH PA 15222,15222
244 25TH ST PITTSBURGH PA 15222,15222
2501 PENN AVE PITTSBURGH PA 15222,15222
2503 PENN AVE PITTSBURGH PA 15222,15222
2200 -2550 LIBERTY AVE PITTSBURGH PA 15222,15222
2050 LIBERTY AVE PITTSBURGH PA 15222,15222
2620 STOCKHOLM ST PITTSBURGH PA 15219,15219
2608 STOCKHOLM ST PITTSBURGH PA 15219,15219
0 STOCKHOLM ST PITTSBURGH PA 15219,15219
0 STOCKHOLM ST PITTSBURGH PA 15219,15219
0 BIGELOW BLVD PITTSBURGH PA 15219,15219
0 BIGELOW BLVD PITTSBURGH PA 15219,15219
0 BRERETON ST PITTSBURGH PA 15219,15219
1825 ARCENA ST UNIT 1 PITTSBURGH PA 15219,15219
1825 ARCENA ST UNIT 2 PITTSBURGH PA 15219,15219
1825 ARCENA ST UNIT 3 PITTSBURGH PA 15219,15219
0 ARCENA ST PITTSBURGH PA 15219,15219
0 ARCENA ST PITTSBURGH PA 15219,15219
0 ARCENA ST PITTSBURGH PA 15219,15219
0 ARCENA ST PITTSBURGH PA 15219,15219
0 ARCENA ST PITTSBURGH PA 15219,15219
0 ARCENA ST PITTSBURGH PA 15219,15219
0 ARCENA ST PITTSBURGH PA 15219,15219
2622 PENN AVE PITTSBURGH PA 15222,15222
2404 RAILROAD ST PITTSBURGH PA 15222,15222
2419 SMALLMAN ST UNIT 1 PITTSBURGH PA 15222,15222
2419 SMALLMAN ST UNIT 102 PITTSBURGH PA 15222,15222
2419 SMALLMAN ST UNIT 103 PITTSBURGH PA 15222,15222
2419 SMALLMAN ST UNIT 201 PITTSBURGH PA 15222,15222
2419 SMALLMAN ST UNIT 202 PITTSBURGH PA 15222,15222
2419 SMALLMAN ST UNIT 203 PITTSBURGH PA 15222,15222
0 DEVILLIERS ST PITTSBURGH PA 15219,15219
0 DEVILLIERS ST PITTSBURGH PA 15219,15219
0 DEVILLIERS ST PITTSBURGH PA 15219,15219
1718 BEDFORD AVE PITTSBURGH PA 15219,15219
0 BEDFORD AVE PITTSBURGH PA 15219,15219
0 BEDFORD AVE PITTSBURGH PA 15219,15219
0 BEDFORD AVE PITTSBURGH PA 15219,15219
2 -10 ROBERTS ST PITTSBURGH PA 15219,15219
707 ROBERTS ST PITTSBURGH PA 15219,15219
705 ROBERTS ST PITTSBURGH PA 15219,15219
1703 WEBSTER AVE PITTSBURGH PA 15219,15219
256 DINWIDDIE ST PITTSBURGH PA 15219,15219
0 CLIFF ST PITTSBURGH PA 15219,15219
112 WASHINGTON PL UNIT 19A PITTSBURGH PA 15219,15219
112 WASHINGTON PL UNIT 19D PITTSBURGH PA 15219,15219
112 WASHINGTON PL UNIT 19F PITTSBURGH PA 15219,15219
112 WASHINGTON PL UNIT 19 -F-G PITTSBURGH PA 15219,15219
112 WASHINGTON PL UNIT 20A PITTSBURGH PA 15219,15219
112 WASHINGTON PL UNIT 20C PITTSBURGH PA 15219,15219
1801 CENTRE AVE PITTSBURGH PA 15219,15219
532 ROBERTS ST PITTSBURGH PA 15219,15219
505 ROBERTS ST PITTSBURGH PA 15219,15219
507 ROBERTS ST PITTSBURGH PA 15219,15219
0 WICK ST PITTSBURGH PA 15219,15219
0 LOMBARD ST PITTSBURGH PA 15219,15219
0 LOMBARD ST PITTSBURGH PA 15219,15219
276 DINWIDDIE ST PITTSBURGH PA 15219,15219
0 LOMBARD ST PITTSBURGH PA 15219,15219
0 LOMBARD ST PITTSBURGH PA 15219,15219
1711 REED ST PITTSBURGH PA 15219,15219
1707 REED ST PITTSBURGH PA 15219,15219
251 MILLER ST PITTSBURGH PA 15219,15219
251 MILLER ST PITTSBURGH PA 15219,15219
251 MILLER ST PITTSBURGH PA 15219,15219
251 MILLER ST PITTSBURGH PA 15219,15219
0 HENNING PL PITTSBURGH PA 15219,15219
0 HENNING PL PITTSBURGH PA 15219,15219
1901 CENTRE AVE PITTSBURGH PA 15219,15219
1917 CENTRE AVE PITTSBURGH PA 15219,15219
1908 WYLIE AVE PITTSBURGH PA 15219,15219
0 DINWIDDIE ST PITTSBURGH PA 15219,15219
0 CENTRE AVE PITTSBURGH PA 15219,15219
319 ROBERTS ST PITTSBURGH PA 15219,15219
315 ROBERTS ST PITTSBURGH PA 15219,15219
313 ROBERTS ST PITTSBURGH PA 15219,15219
311 ROBERTS ST PITTSBURGH PA 15219,15219
0 ENOCH ST PITTSBURGH PA 15219,15219
1834 WEBSTER AVE PITTSBURGH PA 15219,15219
0 DINWIDDIE ST PITTSBURGH PA 15219,15219
0 DINWIDDIE ST PITTSBURGH PA 15219,15219
0 DINWIDDIE ST PITTSBURGH PA 15219,15219
266 DINWIDDIE ST PITTSBURGH PA 15219,15219
0 WICK ST PITTSBURGH PA 15219,15219
0 WICK ST PITTSBURGH PA 15219,15219
0 WICK ST PITTSBURGH PA 15219,15219
0 WICK ST PITTSBURGH PA 15219,15219
0 LOMBARD ST PITTSBURGH PA 15219,15219
0 LOMBARD ST PITTSBURGH PA 15219,15219
0 WICK ST PITTSBURGH PA 15219,15219
0 WICK ST PITTSBURGH PA 15219,15219
0 WICK ST PITTSBURGH PA 15219,15219
509 ROBERTS ST PITTSBURGH PA 15219,15219
511 ROBERTS ST PITTSBURGH PA 15219,15219
0 ARTHUR ST PITTSBURGH PA 15219,15219
145 CRAWFORD ST PITTSBURGH PA 15219,15219
145 CRAWFORD ST PITTSBURGH PA 15219,15219
145 CRAWFORD ST PITTSBURGH PA 15219,15219
145 CRAWFORD ST PITTSBURGH PA 15219,15219
145 CRAWFORD ST PITTSBURGH PA 15219,15219
145 CRAWFORD ST PITTSBURGH PA 15219,15219
145 CRAWFORD ST PITTSBURGH PA 15219,15219
145 CRAWFORD ST PITTSBURGH PA 15219,15219
1501 -1503 COLWELL ST PITTSBURGH PA 15219,15219
8 REED ST PITTSBURGH PA 15219,15219
72 MILLER ST PITTSBURGH PA 15219,15219
0 COLWELL ST PITTSBURGH PA 15219,15219
1631 COLWELL ST PITTSBURGH PA 15219,15219
174 GRANVILLE ST PITTSBURGH PA 15219,15219
168 GRANVILLE ST PITTSBURGH PA 15219,15219
162 GRANVILLE ST PITTSBURGH PA 15219,15219
0 SWEENEY WAY PITTSBURGH PA 15219,15219
161 SWEENEY WAY PITTSBURGH PA 15219,15219
173 DEVILLIERS ST PITTSBURGH PA 15219,15219
617 DEVILLIERS ST PITTSBURGH PA 15219,15219
0 PEACH WAY PITTSBURGH PA 15219,15219
0 PEACH WAY PITTSBURGH PA 15219,15219
1832 WEBSTER AVE PITTSBURGH PA 15219,15219
1830 WEBSTER AVE PITTSBURGH PA 15219,15219
0 WEBSTER AVE PITTSBURGH PA 15219,15219
0 WEBSTER AVE PITTSBURGH PA 15219,15219
0 WEBSTER AVE PITTSBURGH PA 15219,15219
0 WEBSTER AVE PITTSBURGH PA 15219,15219
0 WEBSTER AVE PITTSBURGH PA 15219,15219
0 WEBSTER AVE PITTSBURGH PA 15219,15219
0 5TH AVE PITTSBURGH PA 15219,15219
0 5TH AVE PITTSBURGH PA 15219,15219
0 5TH AVE PITTSBURGH PA 15219,15219
0 5TH AVE PITTSBURGH PA 15219,15219
0 COLWELL ST PITTSBURGH PA 15219,15219
1901 5TH AVE PITTSBURGH PA 15219,15219
112 WASHINGTON PL UNIT 12E PITTSBURGH PA 15219,15219
112 WASHINGTON PL UNIT 12F PITTSBURGH PA 15219,15219
112 WASHINGTON PL UNIT 12G PITTSBURGH PA 15219,15219
112 WASHINGTON PL UNIT 12H PITTSBURGH PA 15219,15219
112 WASHINGTON PL UNIT 14A PITTSBURGH PA 15219,15219
0 BRERETON ST PITTSBURGH PA 15219,15219
2616 BRERETON ST PITTSBURGH PA 15219,15219
2616 BRERETON ST PITTSBURGH PA 15219,15219
2616 BRERETON ST PITTSBURGH PA 15219,15219
2616 BRERETON ST PITTSBURGH PA 15219,15219
2602 BRERETON ST PITTSBURGH PA 15219,15219
0 BRERETON ST PITTSBURGH PA 15219,15219
0 BRERETON ST PITTSBURGH PA 15219,15219
10 REED ST PITTSBURGH PA 15219,15219
713 CASSATT ST PITTSBURGH PA 15219,15219
707 CASSATT ST PITTSBURGH PA 15219,15219
0 BEDFORD AVE PITTSBURGH PA 15219,15219
718 CASSATT ST PITTSBURGH PA 15219,15219
0 CASSATT ST PITTSBURGH PA 15219,15219
1817 BEDFORD AVE PITTSBURGH PA 15219,15219
1815 BEDFORD AVE PITTSBURGH PA 15219,15219
0 BEDFORD AVE PITTSBURGH PA 15219,15219
1821 BEDFORD AVE PITTSBURGH PA 15219,15219
1823 BEDFORD AVE PITTSBURGH PA 15219,15219
112 WASHINGTON PL UNIT 20D PITTSBURGH PA 15219,15219
112 WASHINGTON PL UNIT 20F PITTSBURGH PA 15219,15219
0 MANILLA ST PITTSBURGH PA 15219,15219
0 PEACH WAY PITTSBURGH PA 15219,15219
0 MANILLA ST PITTSBURGH PA 15219,15219
0 PEACH WAY PITTSBURGH PA 15219,15219
0 MANILLA ST PITTSBURGH PA 15219,15219
728 MERCER ST PITTSBURGH PA 15219,15219
730 MERCER ST PITTSBURGH PA 15219,15219
0 LOMBARD ST PITTSBURGH PA 15219,15219
0 LOMBARD ST PITTSBURGH PA 15219,15219
0 LOMBARD ST PITTSBURGH PA 15219,15219
0 LOMBARD ST PITTSBURGH PA 15219,15219
274 LOMBARD ST PITTSBURGH PA 15219,15219
276 LOMBARD ST PITTSBURGH PA 15219,15219
0 5TH AVE PITTSBURGH PA 15219,15219
0 5TH AVE PITTSBURGH PA 15219,15219
0 5TH AVE PITTSBURGH PA 15219,15219
251 DINWIDDIE ST PITTSBURGH PA 15219,15219
249 DINWIDDIE ST PITTSBURGH PA 15219,15219
247 DINWIDDIE ST PITTSBURGH PA 15219,15219
239 DINWIDDIE ST PITTSBURGH PA 15219,15219
237 DINWIDDIE ST PITTSBURGH PA 15219,15219
231 DINWIDDIE ST PITTSBURGH PA 15219,15219
229 DINWIDDIE ST PITTSBURGH PA 15219,15219
0 BEDFORD AVE PITTSBURGH PA 15219,15219
0 BEDFORD AVE PITTSBURGH PA 15219,15219
2618 BRERETON ST PITTSBURGH PA 15219,15219
164 WASHINGTON PL PITTSBURGH PA 15219,15219
1318 5TH AVE PITTSBURGH PA 15219,15219
1329 5TH AVE PITTSBURGH PA 15219,15219
0 OUR WAY PITTSBURGH PA 15219,15219
1329 5TH AVE PITTSBURGH PA 15219,15219
1329 5TH AVE PITTSBURGH PA 15219,15219
1413 5TH AVE PITTSBURGH PA 15219,15219
1413 5TH AVE PITTSBURGH PA 15219,15219
1413 5TH AVE PITTSBURGH PA 15219,15219
1413 5TH AVE PITTSBURGH PA 15219,15219
0 ARCENA ST PITTSBURGH PA 15219,15219
0 RIDGEWAY ST PITTSBURGH PA 15219,15219
112 WASHINGTON PL UNIT 20G PITTSBURGH PA 15219,15219
112 WASHINGTON PL UNIT 20H PITTSBURGH PA 15219,15219
112 WASHINGTON PL UNIT 2J PITTSBURGH PA 15219,15219
112 WASHINGTON PL UNIT 2L PITTSBURGH PA 15219,15219
112 WASHINGTON PL UNIT 3K PITTSBURGH PA 15219,15219
529 ROBERTS ST PITTSBURGH PA 15219,15219
534 ARTHUR ST PITTSBURGH PA 15219,15219
522 ARTHUR ST PITTSBURGH PA 15219,15219
516 ARTHUR ST PITTSBURGH PA 15219,15219
510 ARTHUR ST PITTSBURGH PA 15219,15219
508 ARTHUR ST PITTSBURGH PA 15219,15219
278 LOMBARD ST PITTSBURGH PA 15219,15219
0 LOMBARD ST PITTSBURGH PA 15219,15219
0 LOMBARD ST PITTSBURGH PA 15219,15219
0 LOMBARD ST PITTSBURGH PA 15219,15219
226 LOMBARD ST PITTSBURGH PA 15219,15219
0 LOMBARD ST PITTSBURGH PA 15219,15219
0 LOMBARD ST PITTSBURGH PA 15219,15219
0 LOMBARD ST PITTSBURGH PA 15219,15219
0 LOMBARD ST PITTSBURGH PA 15219,15219
0 DIAZ WAY PITTSBURGH PA 15219,15219
0 DIAZ WAY PITTSBURGH PA 15219,15219
0 COLWELL ST PITTSBURGH PA 15219,15219
0 COLWELL ST PITTSBURGH PA 15219,15219
0 DEVILLIERS ST PITTSBURGH PA 15219,15219
1911 BEDFORD AVE PITTSBURGH PA 15219,15219
1913 BEDFORD AVE PITTSBURGH PA 15219,15219
0 MONACA PL PITTSBURGH PA 15219,15219
0 MONACA PL PITTSBURGH PA 15219,15219
0 LEDLIE ST PITTSBURGH PA 15219,15219
0 BEDFORD AVE PITTSBURGH PA 15219,15219
0 BEDFORD AVE PITTSBURGH PA 15219,15219
1816 1/2 WEBSTER AVE PITTSBURGH PA 15219,15219
1816 WEBSTER AVE PITTSBURGH PA 15219,15219
0 ENOCH ST PITTSBURGH PA 15219,15219
0 ENOCH ST PITTSBURGH PA 15219,15219
0 WEBSTER AVE PITTSBURGH PA 15219,15219
1810 WEBSTER AVE PITTSBURGH PA 15219,15219
1833 CLIFF ST PITTSBURGH PA 15219,15219
1835 CLIFF ST PITTSBURGH PA 15219,15219
0 RIDGEWAY ST PITTSBURGH PA 15219,15219
1832 ARCENA ST PITTSBURGH PA 15219,15219
1837 CLIFF ST PITTSBURGH PA 15219,15219
1839 CLIFF ST PITTSBURGH PA 15219,15219
1836 -1840 ARCENA ST PITTSBURGH PA 15219,15219
1843 CLIFF ST PITTSBURGH PA 15219,15219
1845 CLIFF ST PITTSBURGH PA 15219,15219
112 WASHINGTON PL UNIT 14C PITTSBURGH PA 15219,15219
112 WASHINGTON PL UNIT 14E PITTSBURGH PA 15219,15219
112 WASHINGTON PL UNIT 14F PITTSBURGH PA 15219,15219
504 ARTHUR ST PITTSBURGH PA 15219,15219
1704 -1720 CENTRE AVE PITTSBURGH PA 15219,15219
0 REED ST PITTSBURGH PA 15219,15219
0 REED ST PITTSBURGH PA 15219,15219
1511 COLWELL ST PITTSBURGH PA 15219,15219
1515 COLWELL ST PITTSBURGH PA 15219,15219
1517 COLWELL ST PITTSBURGH PA 15219,15219
1519 -1521 COLWELL ST PITTSBURGH PA 15219,15219
1513 COLWELL ST PITTSBURGH PA 15219,15219
0 VINE ST PITTSBURGH PA 15219,15219
1726 CLIFF ST PITTSBURGH PA 15219,15219
1724 CLIFF ST PITTSBURGH PA 15219,15219
162 SWEENEY WAY PITTSBURGH PA 15219,15219
157 SWEENEY WAY PITTSBURGH PA 15219,15219
168 SWEENEY WAY PITTSBURGH PA 15219,15219
174 SWEENEY WAY PITTSBURGH PA 15219,15219
158 GRANVILLE ST PITTSBURGH PA 15219,15219
0 GRANVILLE ST PITTSBURGH PA 15219,15219
0 GRANVILLE ST PITTSBURGH PA 15219,15219
720 MERCER ST PITTSBURGH PA 15219,15219
718 MERCER ST PITTSBURGH PA 15219,15219
737 PEACH WAY PITTSBURGH PA 15219,15219
716 MERCER ST PITTSBURGH PA 15219,15219
714 MERCER ST PITTSBURGH PA 15219,15219
1800 WEBSTER AVE PITTSBURGH PA 15219,15219
0 ROBERTS ST PITTSBURGH PA 15219,15219
0 ROBERTS ST PITTSBURGH PA 15219,15219
0 5TH AVE PITTSBURGH PA 15219,15219
0 5TH AVE PITTSBURGH PA 15219,15219
0 5TH AVE PITTSBURGH PA 15219,15219
0 COLWELL ST PITTSBURGH PA 15219,15219
0 DIAZ WAY PITTSBURGH PA 15219,15219
0 DIAZ WAY PITTSBURGH PA 15219,15219
0 COLWELL ST PITTSBURGH PA 15219,15219
0 COLWELL ST PITTSBURGH PA 15219,15219
0 COLWELL ST PITTSBURGH PA 15219,15219
0 COLWELL ST PITTSBURGH PA 15219,15219
0 COLWELL ST PITTSBURGH PA 15219,15219
112 WASHINGTON PL UNIT 14G PITTSBURGH PA 15219,15219
112 WASHINGTON PL UNIT 14H PITTSBURGH PA 15219,15219
112 WASHINGTON PL UNIT 15A PITTSBURGH PA 15219,15219
112 WASHINGTON PL UNIT 15B PITTSBURGH PA 15219,15219
0 BRERETON ST PITTSBURGH PA 15219,15219
0 BRERETON ST PITTSBURGH PA 15219,15219
0 BRERETON ST PITTSBURGH PA 15219,15219
0 BRERETON ST PITTSBURGH PA 15219,15219
0 BRERETON ST PITTSBURGH PA 15219,15219
0 STOCKHOLM ST PITTSBURGH PA 15219,15219
0 STOCKHOLM ST PITTSBURGH PA 15219,15219
0 STOCKHOLM ST PITTSBURGH PA 15219,15219
0 STOCKHOLM ST PITTSBURGH PA 15219,15219
112 WASHINGTON PL UNIT 6K PITTSBURGH PA 15219,15219
112 WASHINGTON PL UNIT 7J PITTSBURGH PA 15219,15219
1602 -1625 CENTRE AVE PITTSBURGH PA 15219,15219
509 ARTHUR ST PITTSBURGH PA 15219,15219
1602 -1612 WYLIE AVE PITTSBURGH PA 15219,15219
511 ARTHUR ST PITTSBURGH PA 15219,15219
513 ARTHUR ST PITTSBURGH PA 15219,15219
515 ARTHUR ST PITTSBURGH PA 15219,15219
521 ARTHUR ST PITTSBURGH PA 15219,15219
523 ARTHUR ST PITTSBURGH PA 15219,15219
23 VINE ST PITTSBURGH PA 15219,15219
1618 -1624 BEDFORD AVE PITTSBURGH PA 15219,15219
702 ROBERTS ST PITTSBURGH PA 15219,15219
710 ROBERTS ST PITTSBURGH PA 15219,15219
708 ROBERTS ST PITTSBURGH PA 15219,15219
0 LOMBARD ST PITTSBURGH PA 15219,15219
0 LOMBARD ST PITTSBURGH PA 15219,15219
322 DINWIDDIE ST PITTSBURGH PA 15219,15219
326 DINWIDDIE ST PITTSBURGH PA 15219,15219
340 -360 DINWIDDIE ST PITTSBURGH PA 15219,15219
420 DINWIDDIE ST PITTSBURGH PA 15219,15219
0 ROSE ST PITTSBURGH PA 15219,15219
0 DEVILLIERS ST PITTSBURGH PA 15219,15219
611 PROTECTORY PL PITTSBURGH PA 15219,15219
613 PROTECTORY PL PITTSBURGH PA 15219,15219
609 PROTECTORY PL PITTSBURGH PA 15219,15219
1618 WEBSTER AVE PITTSBURGH PA 15219,15219
1622 WEBSTER AVE PITTSBURGH PA 15219,15219
605 PROTECTORY PL PITTSBURGH PA 15219,15219
1626 WEBSTER AVE PITTSBURGH PA 15219,15219
807 LEDLIE ST PITTSBURGH PA 15219,15219
805 LEDLIE ST PITTSBURGH PA 15219,15219
1925 BEDFORD AVE PITTSBURGH PA 15219,15219
0 BEDFORD AVE PITTSBURGH PA 15219,15219
0 STOCKHOLM ST PITTSBURGH PA 15219,15219
1425 5TH AVE PITTSBURGH PA 15219,15219
1501 5TH AVE PITTSBURGH PA 15219,15219
1505 5TH AVE PITTSBURGH PA 15219,15219
1509 5TH AVE PITTSBURGH PA 15219,15219
1525 5TH AVE PITTSBURGH PA 15219,15219
1601 5TH AVE PITTSBURGH PA 15219,15219
1605 5TH AVE PITTSBURGH PA 15219,15219
1605 5TH AVE PITTSBURGH PA 15219,15219
225 -231 PRIDE ST PITTSBURGH PA 15219,15219
1450 COLWELL ST PITTSBURGH PA 15219,15219
1844 ARCENA ST PITTSBURGH PA 15219,15219
1848 ARCENA ST PITTSBURGH PA 15219,15219
527 ARTHUR ST PITTSBURGH PA 15219,15219
533 ARTHUR ST PITTSBURGH PA 15219,15219
511 -573 CRAWFORD ST PITTSBURGH PA 15219,15219
541 -563 PROTECTORY PL PITTSBURGH PA 15219,15219
0 PROTECTORY PL PITTSBURGH PA 15219,15219
0 CRAWFORD ST PITTSBURGH PA 15219,15219
91 CRAWFORD ST PITTSBURGH PA 15219,15219
0 CRAWFORD ST PITTSBURGH PA 15219,15219
145 CRAWFORD ST PITTSBURGH PA 15219,15219
145 CRAWFORD ST PITTSBURGH PA 15219,15219
145 CRAWFORD ST PITTSBURGH PA 15219,15219
145 CRAWFORD ST PITTSBURGH PA 15219,15219
1600 FORESIDE PL PITTSBURGH PA 15219,15219
0 WICK ST PITTSBURGH PA 15219,15219
237 WICK ST PITTSBURGH PA 15219,15219
0 WICK ST PITTSBURGH PA 15219,15219
0 WICK ST PITTSBURGH PA 15219,15219
0 WICK ST PITTSBURGH PA 15219,15219
0 WICK ST PITTSBURGH PA 15219,15219
0 WICK ST PITTSBURGH PA 15219,15219
0 WICK ST PITTSBURGH PA 15219,15219
0 WICK ST PITTSBURGH PA 15219,15219
0 WICK ST PITTSBURGH PA 15219,15219
0 GRANVILLE ST PITTSBURGH PA 15219,15219
0 GRANVILLE ST PITTSBURGH PA 15219,15219
0 GRANVILLE ST PITTSBURGH PA 15219,15219
0 GRANVILLE ST PITTSBURGH PA 15219,15219
1845 WYLIE AVE PITTSBURGH PA 15219,15219
0 ROWLEY ST PITTSBURGH PA 15219,15219
0 BEDFORD AVE PITTSBURGH PA 15219,15219
0 ROWLEY ST PITTSBURGH PA 15219,15219
0 BEDFORD AVE PITTSBURGH PA 15219,15219
1907 WEBSTER AVE PITTSBURGH PA 15219,15219
0 ROBERTS ST PITTSBURGH PA 15219,15219
0 ROBERTS ST PITTSBURGH PA 15219,15219
0 ENOCH ST PITTSBURGH PA 15219,15219
0 ENOCH ST PITTSBURGH PA 15219,15219
1812 ENOCH ST PITTSBURGH PA 15219,15219
0 ENOCH ST PITTSBURGH PA 15219,15219
1816 ENOCH ST PITTSBURGH PA 15219,15219
1852 ENOCH ST PITTSBURGH PA 15219,15219
165 -175 GRANVILLE ST PITTSBURGH PA 15219,15219
1852 ARCENA ST PITTSBURGH PA 15219,15219
1854 ARCENA ST PITTSBURGH PA 15219,15219
1863 CLIFF ST PITTSBURGH PA 15219,15219
705 LEDLIE ST PITTSBURGH PA 15219,15219
112 WASHINGTON PL UNIT 15C PITTSBURGH PA 15219,15219
112 WASHINGTON PL UNIT 15D PITTSBURGH PA 15219,15219
112 WASHINGTON PL UNIT 15E PITTSBURGH PA 15219,15219
112 WASHINGTON PL UNIT 15F PITTSBURGH PA 15219,15219
112 WASHINGTON PL UNIT 15G PITTSBURGH PA 15219,15219
112 WASHINGTON PL UNIT 15H PITTSBURGH PA 15219,15219
112 WASHINGTON PL UNIT 16A PITTSBURGH PA 15219,15219
1504 CENTRE AVE PITTSBURGH PA 15219,15219
0 CENTRE AVE PITTSBURGH PA 15219,15219
325 ROBERTS ST PITTSBURGH PA 15219,15219
402 MILLER ST PITTSBURGH PA 15219,15219
84 ROBERTS ST PITTSBURGH PA 15219,15219
0 ROBERTS ST PITTSBURGH PA 15219,15219
0 MILLER ST PITTSBURGH PA 15219,15219
346 MILLER ST PITTSBURGH PA 15219,15219
0 REED ST PITTSBURGH PA 15219,15219
0 REED ST PITTSBURGH PA 15219,15219
0 REED ST PITTSBURGH PA 15219,15219
0 REED ST PITTSBURGH PA 15219,15219
0 REED ST PITTSBURGH PA 15219,15219
1845 WYLIE AVE PITTSBURGH PA 15219,15219
1911 WYLIE AVE PITTSBURGH PA 15219,15219
1911 WYLIE AVE PITTSBURGH PA 15219,15219
1911 WYLIE AVE PITTSBURGH PA 15219,15219
1911 WYLIE AVE PITTSBURGH PA 15219,15219
0 WYLIE AVE PITTSBURGH PA 15219,15219
712 ROBERTS ST PITTSBURGH PA 15219,15219
714 ROBERTS ST PITTSBURGH PA 15219,15219
716 ROBERTS ST PITTSBURGH PA 15219,15219
1811 WEBSTER AVE PITTSBURGH PA 15219,15219
1815 WEBSTER AVE PITTSBURGH PA 15219,15219
1823 WEBSTER AVE PITTSBURGH PA 15219,15219
1805 WYLIE AVE PITTSBURGH PA 15219,15219
0 COLWELL ST PITTSBURGH PA 15219,15219
0 COLWELL ST PITTSBURGH PA 15219,15219
0 COLWELL ST PITTSBURGH PA 15219,15219
0 COLWELL ST PITTSBURGH PA 15219,15219
0 COLWELL ST PITTSBURGH PA 15219,15219
0 DIAZ WAY PITTSBURGH PA 15219,15219
230 LOMBARD ST PITTSBURGH PA 15219,15219
232 LOMBARD ST PITTSBURGH PA 15219,15219
234 LOMBARD ST PITTSBURGH PA 15219,15219
1630 WEBSTER AVE PITTSBURGH PA 15219,15219
611 ARTHUR ST PITTSBURGH PA 15219,15219
1619 WYLIE AVE PITTSBURGH PA 15219,15219
112 WASHINGTON PL UNIT 16C PITTSBURGH PA 15219,15219
112 WASHINGTON PL UNIT 16D PITTSBURGH PA 15219,15219
0 STOCKHOLM ST PITTSBURGH PA 15219,15219
2630 STOCKHOLM ST PITTSBURGH PA 15219,15219
0 LIBERTY AVE PITTSBURGH PA 15222,15222
0 LIBERTY AVE PITTSBURGH PA 15222,15222
0 BIGELOW BLVD PITTSBURGH PA 15219,15219
0 CENTRE AVE PITTSBURGH PA 15219,15219
0 CENTRE AVE PITTSBURGH PA 15219,15219
0 CRAWFORD ST PITTSBURGH PA 15219,15219
0 CRAWFORD ST PITTSBURGH PA 15219,15219
0 CENTRE AVE PITTSBURGH PA 15219,15219
0 PRIDE ST PITTSBURGH PA 15219,15219
0 VINE ST PITTSBURGH PA 15219,15219
145 CRAWFORD ST PITTSBURGH PA 15219,15219
145 CRAWFORD ST PITTSBURGH PA 15219,15219
145 CRAWFORD ST PITTSBURGH PA 15219,15219
145 CRAWFORD ST PITTSBURGH PA 15219,15219
145 CRAWFORD ST PITTSBURGH PA 15219,15219
145 CRAWFORD ST PITTSBURGH PA 15219,15219
145 CRAWFORD ST PITTSBURGH PA 15219,15219
145 CRAWFORD ST PITTSBURGH PA 15219,15219
1870 CLIFF ST PITTSBURGH PA 15219,15219
0 MONACA PL PITTSBURGH PA 15219,15219
1854 CLIFF ST PITTSBURGH PA 15219,15219
1850 CLIFF ST PITTSBURGH PA 15219,15219
1842 CLIFF ST PITTSBURGH PA 15219,15219
221 HILLSIDE DR PITTSBURGH PA 15219,15219
1807 -1829 REED ST PITTSBURGH PA 15219,15219
1721 5TH AVE PITTSBURGH PA 15219,15219
1719 5TH AVE PITTSBURGH PA 15219,15219
1709 -1715 5TH AVE PITTSBURGH PA 15219,15219
1705 5TH AVE PITTSBURGH PA 15219,15219
1701 5TH AVE PITTSBURGH PA 15219,15219
1701 5TH AVE PITTSBURGH PA 15219,15219
1643 5TH AVE PITTSBURGH PA 15219,15219
1655 5TH AVE PITTSBURGH PA 15219,15219
0 COLWELL ST PITTSBURGH PA 15219,15219
226 DINWIDDIE ST PITTSBURGH PA 15219,15219
228 DINWIDDIE ST PITTSBURGH PA 15219,15219
609 ARTHUR ST PITTSBURGH PA 15219,15219
1623 WYLIE AVE PITTSBURGH PA 15219,15219
605 ARTHUR ST PITTSBURGH PA 15219,15219
603 ARTHUR ST PITTSBURGH PA 15219,15219
1631 WYLIE AVE PITTSBURGH PA 15219,15219
112 WASHINGTON PL UNIT 6C PITTSBURGH PA 15219,15219
112 WASHINGTON PL UNIT 6D PITTSBURGH PA 15219,15219
112 WASHINGTON PL UNIT 6F PITTSBURGH PA 15219,15219
112 WASHINGTON PL UNIT 6G PITTSBURGH PA 15219,15219
112 WASHINGTON PL UNIT 6H PITTSBURGH PA 15219,15219
112 WASHINGTON PL UNIT 7A PITTSBURGH PA 15219,15219
0 PRIDE ST PITTSBURGH PA 15219,15219
0 PRIDE ST PITTSBURGH PA 15219,15219
0 PRIDE ST PITTSBURGH PA 15219,15219
1506 COLWELL ST PITTSBURGH PA 15219,15219
0 PRIDE ST PITTSBURGH PA 15219,15219
1506 COLWELL ST PITTSBURGH PA 15219,15219
0 COLWELL ST PITTSBURGH PA 15219,15219
0 COLWELL ST PITTSBURGH PA 15219,15219
0 COLWELL ST PITTSBURGH PA 15219,15219
0 COLWELL ST PITTSBURGH PA 15219,15219
0 MONACA PL PITTSBURGH PA 15219,15219
0 MONACA PL PITTSBURGH PA 15219,15219
816 CASSATT ST PITTSBURGH PA 15219,15219
0 CASSATT ST PITTSBURGH PA 15219,15219
1600 FORESIDE PL PITTSBURGH PA 15219,15219
1600 FORESIDE PL PITTSBURGH PA 15219,15219
1646 REED ST PITTSBURGH PA 15219,15219
0 REED ST PITTSBURGH PA 15219,15219
0 BEDFORD AVE PITTSBURGH PA 15219,15219
0 MONACA PL PITTSBURGH PA 15219,15219
14 MONACA PL PITTSBURGH PA 15219,15219
16 MONACA PL PITTSBURGH PA 15219,15219
0 BEDFORD AVE PITTSBURGH PA 15219,15219
8 MONACA PL PITTSBURGH PA 15219,15219
1827 BEDFORD AVE PITTSBURGH PA 15219,15219
1829 BEDFORD AVE PITTSBURGH PA 15219,15219
242 DINWIDDIE ST PITTSBURGH PA 15219,15219
240 DINWIDDIE ST PITTSBURGH PA 15219,15219
238 DINWIDDIE ST PITTSBURGH PA 15219,15219
234 DINWIDDIE ST PITTSBURGH PA 15219,15219
244 DINWIDDIE ST PITTSBURGH PA 15219,15219
248 DINWIDDIE ST PITTSBURGH PA 15219,15219
0 WYLIE AVE PITTSBURGH PA 15219,15219
2001 WYLIE AVE PITTSBURGH PA 15219,15219
2001 WYLIE ST PITTSBURGH PA 15219,15219
0 DEVILLIERS ST PITTSBURGH PA 15219,15219
2001 WYLIE AVE PITTSBURGH PA 15219,15219
2001 WYLIE AVE PITTSBURGH PA 15219,15219
2001 WYLIE AVE PITTSBURGH PA 15219,15219
112 WASHINGTON PL UNIT 7B PITTSBURGH PA 15219,15219
112 WASHINGTON PL UNIT 7C PITTSBURGH PA 15219,15219
1801 CLIFF ST PITTSBURGH PA 15219,15219
1801 CLIFF ST PITTSBURGH PA 15219,15219
1801 CLIFF ST PITTSBURGH PA 15219,15219
1801 CLIFF ST PITTSBURGH PA 15219,15219
1801 CLIFF ST PITTSBURGH PA 15219,15219
1801 CLIFF ST PITTSBURGH PA 15219,15219
1801 CLIFF ST PITTSBURGH PA 15219,15219
1801 CLIFF ST PITTSBURGH PA 15219,15219
1809 CLIFF ST PITTSBURGH PA 15219,15219
0 CLIFF ST PITTSBURGH PA 15219,15219
112 WASHINGTON PL UNIT 10H PITTSBURGH PA 15219,15219
0 CASSATT ST PITTSBURGH PA 15219,15219
0 CLIFF ST PITTSBURGH PA 15219,15219
1730 CLIFF ST PITTSBURGH PA 15219,15219
1728 CLIFF ST PITTSBURGH PA 15219,15219
112 WASHINGTON PL UNIT 16E PITTSBURGH PA 15219,15219
112 WASHINGTON PL UNIT 16G PITTSBURGH PA 15219,15219
112 WASHINGTON PL UNIT 16H PITTSBURGH PA 15219,15219
112 WASHINGTON PL UNIT 17A PITTSBURGH PA 15219,15219
112 WASHINGTON PL UNIT 17C PITTSBURGH PA 15219,15219
112 WASHINGTON PL UNIT 17E PITTSBURGH PA 15219,15219
112 WASHINGTON PL UNIT 17F PITTSBURGH PA 15219,15219
0 REED ST PITTSBURGH PA 15219,15219
216 VINE ST PITTSBURGH PA 15219,15219
0 VINE ST PITTSBURGH PA 15219,15219
0 VINE ST PITTSBURGH PA 15219,15219
0 VINE ST PITTSBURGH PA 15219,15219
1706 CLIFF ST PITTSBURGH PA 15219,15219
1702 CLIFF ST PITTSBURGH PA 15219,15219
1700 CLIFF ST PITTSBURGH PA 15219,15219
0 CASSATT ST PITTSBURGH PA 15219,15219
0 CASSATT ST PITTSBURGH PA 15219,15219
817 CASSATT ST PITTSBURGH PA 15219,15219
815 CASSATT ST PITTSBURGH PA 15219,15219
2001 WYLIE AVE PITTSBURGH PA 15219,15219
2001 WYLIE AVE PITTSBURGH PA 15219,15219
1843 LINTON ST PITTSBURGH PA 15219,15219
0 WEBSTER AVE PITTSBURGH PA 15219,15219
211 HILLSIDE DR PITTSBURGH PA 15219,15219
205 HILLSIDE DR PITTSBURGH PA 15219,15219
220 HILLSIDE DR PITTSBURGH PA 15219,15219
212 HILLSIDE DR PITTSBURGH PA 15219,15219
0 WEBSTER AVE PITTSBURGH PA 15219,15219
1845 WEBSTER AVE PITTSBURGH PA 15219,15219
1847 WEBSTER AVE PITTSBURGH PA 15219,15219
0 COLWELL ST PITTSBURGH PA 15219,15219
112 WASHINGTON PL UNIT 11A PITTSBURGH PA 15219,15219
112 WASHINGTON PL UNIT 11C PITTSBURGH PA 15219,15219
112 WASHINGTON PL UNIT 11D PITTSBURGH PA 15219,15219
112 WASHINGTON PL UNIT 11E PITTSBURGH PA 15219,15219
112 WASHINGTON PL UNIT 11G PITTSBURGH PA 15219,15219
112 WASHINGTON PL UNIT 11H PITTSBURGH PA 15219,15219
2525 LIBERTY AVE PITTSBURGH PA 15222,15222
0 BRERETON ST PITTSBURGH PA 15219,15219
0 BRERETON ST PITTSBURGH PA 15219,15219
0 BRERETON ST PITTSBURGH PA 15219,15219
0 BRERETON ST PITTSBURGH PA 15219,15219
0 BRERETON ST PITTSBURGH PA 15219,15219
112 WASHINGTON PL UNIT 17G PITTSBURGH PA 15219,15219
0 CRAWFORD ST PITTSBURGH PA 15219,15219
0 MARIO LEMIEUX PL PITTSBURGH PA 15219,15219
0 MARIO LEMIEUX PL PITTSBURGH PA 15219,15219
1215 CENTRE AVE PITTSBURGH PA 15219,15219
0 CENTRE AVE PITTSBURGH PA 15219,15219
632 -680 LOGAN ST PITTSBURGH PA 15219,15219
0 BEDFORD AVE PITTSBURGH PA 15219,15219
1215 CENTRE AVE PITTSBURGH PA 15219,15219
0 MARIO LEMIEUX PL PITTSBURGH PA 15219,15219
0 WYLIE AVE PITTSBURGH PA 15219,15219
1536 COLWELL ST UNIT 2 PITTSBURGH PA 15219,15219
1846 CLIFF ST PITTSBURGH PA 15219,15219
1838 CLIFF ST PITTSBURGH PA 15219,15219
0 CLIFF ST PITTSBURGH PA 15219,15219
0 MONACA PL PITTSBURGH PA 15219,15219
112 WASHINGTON PL UNIT 7K PITTSBURGH PA 15219,15219
112 WASHINGTON PL UNIT 7L PITTSBURGH PA 15219,15219
112 WASHINGTON PL UNIT 8J PITTSBURGH PA 15219,15219
112 WASHINGTON PL UNIT 8K PITTSBURGH PA 15219,15219
112 WASHINGTON PL UNIT 9K PITTSBURGH PA 15219,15219
112 WASHINGTON PL UNIT 9L PITTSBURGH PA 15219,15219
112 WASHINGTON PL UNIT 10J PITTSBURGH PA 15219,15219
112 WASHINGTON PL UNIT 10K PITTSBURGH PA 15219,15219
1638 COLWELL ST PITTSBURGH PA 15219,15219
1640 COLWELL ST PITTSBURGH PA 15219,15219
1711 OUR WAY PITTSBURGH PA 15219,15219
1711 OUR WAY PITTSBURGH PA 15219,15219
0 COLWELL ST PITTSBURGH PA 15219,15219
0 COLWELL ST PITTSBURGH PA 15219,15219
0 COLWELL ST PITTSBURGH PA 15219,15219
1652 COLWELL ST PITTSBURGH PA 15219,15219
121 DINWIDDIE ST PITTSBURGH PA 15219,15219
1719 COLWELL ST PITTSBURGH PA 15219,15219
0 KEARNEY WAY PITTSBURGH PA 15219,15219
0 COLWELL ST PITTSBURGH PA 15219,15219
0 COLWELL ST PITTSBURGH PA 15219,15219
0 BRERETON ST PITTSBURGH PA 15219,15219
0 BRERETON ST PITTSBURGH PA 15219,15219
0 BRERETON ST PITTSBURGH PA 15219,15219
0 BRERETON ST PITTSBURGH PA 15219,15219
0 BRERETON ST PITTSBURGH PA 15219,15219
1315 5TH AVE PITTSBURGH PA 15219,15219
1225 5TH AVE PITTSBURGH PA 15219,15219
1225 5TH AVE PITTSBURGH PA 15219,15219
1207 5TH AVE PITTSBURGH PA 15219,15219
1339 OUR WAY PITTSBURGH PA 15219,15219
164 -184 WASHINGTON PL PITTSBURGH PA 15219,15219
164 -184 WASHINGTON PL PITTSBURGH PA 15219,15219
164 -184 WASHINGTON PL PITTSBURGH PA 15219,15219
1536 COLWELL ST UNIT 3 PITTSBURGH PA 15219,15219
1536 COLWELL ST UNIT 4 PITTSBURGH PA 15219,15219
1536 COLWELL ST UNIT 6 PITTSBURGH PA 15219,15219
1536 COLWELL ST UNIT 7 PITTSBURGH PA 15219,15219
0 COLWELL ST PITTSBURGH PA 15219,15219
1600 COLWELL ST PITTSBURGH PA 15219,15219
1841 BEDFORD AVE PITTSBURGH PA 15219,15219
1843 BEDFORD AVE PITTSBURGH PA 15219,15219
1845 BEDFORD AVE PITTSBURGH PA 15219,15219
1831 BEDFORD AVE PITTSBURGH PA 15219,15219
1839 BEDFORD AVE PITTSBURGH PA 15219,15219
1835 BEDFORD AVE PITTSBURGH PA 15219,15219
1833 BEDFORD AVE PITTSBURGH PA 15219,15219
1837 BEDFORD AVE PITTSBURGH PA 15219,15219
112 WASHINGTON PL UNIT 10L PITTSBURGH PA 15219,15219
112 WASHINGTON PL UNIT 11J PITTSBURGH PA 15219,15219
112 WASHINGTON PL UNIT 12K PITTSBURGH PA 15219,15219
112 WASHINGTON PL UNIT 12L PITTSBURGH PA 15219,15219
112 WASHINGTON PL UNIT 14J PITTSBURGH PA 15219,15219
112 WASHINGTON PL UNIT 14L PITTSBURGH PA 15219,15219
112 WASHINGTON PL UNIT 15J PITTSBURGH PA 15219,15219
91 CRAWFORD ST PITTSBURGH PA 15219,15219
1524 -1624 CENTRE AVE PITTSBURGH PA 15219,15219
0 COLWELL ST PITTSBURGH PA 15219,15219
1800 REED ST PITTSBURGH PA 15219,15219
1706 -1714 REED ST PITTSBURGH PA 15219,15219
1851 LINTON ST PITTSBURGH PA 15219,15219
1859 LINTON ST PITTSBURGH PA 15219,15219
1867 LINTON ST PITTSBURGH PA 15219,15219
1875 LINTON ST PITTSBURGH PA 15219,15219
1825 CENTRE AVE PITTSBURGH PA 15219,15219
1835 CENTRE AVE PITTSBURGH PA 15219,15219
1901 CENTRE AVE PITTSBURGH PA 15219,15219
1901 CENTRE AVE PITTSBURGH PA 15219,15219
1901 CENTRE AVE PITTSBURGH PA 15219,15219
1901 CENTRE AVE PITTSBURGH PA 15219,15219
1815 CLIFF ST PITTSBURGH PA 15219,15219
0 CLIFF ST PITTSBURGH PA 15219,15219
1823 CLIFF ST PITTSBURGH PA 15219,15219
1825 CLIFF ST PITTSBURGH PA 15219,15219
0 RIDGEWAY ST PITTSBURGH PA 15219,15219
0 RIDGEWAY ST PITTSBURGH PA 15219,15219
1829 CLIFF ST PITTSBURGH PA 15219,15219
0 CLIFF ST PITTSBURGH PA 15219,15219
0 RIDGEWAY ST PITTSBURGH PA 15219,15219
112 WASHINGTON PL UNIT 12A PITTSBURGH PA 15219,15219
112 WASHINGTON PL UNIT 12B PITTSBURGH PA 15219,15219
112 WASHINGTON PL UNIT 12C PITTSBURGH PA 15219,15219
0 MONACA PL PITTSBURGH PA 15219,15219
1901 BEDFORD AVE PITTSBURGH PA 15219,15219
112 WASHINGTON PL UNIT 18J PITTSBURGH PA 15219,15219
112 WASHINGTON PL UNIT 18A PITTSBURGH PA 15219,15219
112 WASHINGTON PL UNIT 18B PITTSBURGH PA 15219,15219
112 WASHINGTON PL UNIT 18C PITTSBURGH PA 15219,15219
112 WASHINGTON PL UNIT 18D PITTSBURGH PA 15219,15219
112 WASHINGTON PL UNIT 18E PITTSBURGH PA 15219,15219
112 WASHINGTON PL UNIT 18F PITTSBURGH PA 15219,15219
112 WASHINGTON PL UNIT 18G PITTSBURGH PA 15219,15219
1201 -1217 WYLIE AVE PITTSBURGH PA 15219,15219
1720 CLIFF ST PITTSBURGH PA 15219,15219
1718 CLIFF ST PITTSBURGH PA 15219,15219
1716 CLIFF ST PITTSBURGH PA 15219,15219
1714 CLIFF ST PITTSBURGH PA 15219,15219
1712 CLIFF ST PITTSBURGH PA 15219,15219
1708 CLIFF ST PITTSBURGH PA 15219,15219
112 WASHINGTON PL UNIT 3L PITTSBURGH PA 15219,15219
112 WASHINGTON PL UNIT 4L PITTSBURGH PA 15219,15219
112 WASHINGTON PL UNIT 5J PITTSBURGH PA 15219,15219
112 WASHINGTON PL UNIT 5L PITTSBURGH PA 15219,15219
112 WASHINGTON PL UNIT 6J PITTSBURGH PA 15219,15219
1853 WEBSTER AVE PITTSBURGH PA 15219,15219
0 WEBSTER AVE PITTSBURGH PA 15219,15219
0 WEBSTER AVE PITTSBURGH PA 15219,15219
0 WEBSTER AVE PITTSBURGH PA 15219,15219
0 WEBSTER AVE PITTSBURGH PA 15219,15219
1844 WEBSTER AVE PITTSBURGH PA 15219,15219
0 WEBSTER AVE PITTSBURGH PA 15219,15219
1840 WEBSTER AVE PITTSBURGH PA 15219,15219
1838 WEBSTER AVE PITTSBURGH PA 15219,15219
0 DINWIDDIE ST PITTSBURGH PA 15219,15219
0 DINWIDDIE ST PITTSBURGH PA 15219,15219
0 DINWIDDIE ST PITTSBURGH PA 15219,15219
0 DINWIDDIE ST PITTSBURGH PA 15219,15219
301 -309 DINWIDDIE ST PITTSBURGH PA 15219,15219
0 DINWIDDIE ST PITTSBURGH PA 15219,15219
271 DINWIDDIE ST PITTSBURGH PA 15219,15219
0 DINWIDDIE ST PITTSBURGH PA 15219,15219
261 DINWIDDIE ST PITTSBURGH PA 15219,15219
267 DINWIDDIE ST PITTSBURGH PA 15219,15219
259 DINWIDDIE ST PITTSBURGH PA 15219,15219
257 DINWIDDIE ST PITTSBURGH PA 15219,15219
227 DINWIDDIE ST PITTSBURGH PA 15219,15219
225 DINWIDDIE ST PITTSBURGH PA 15219,15219
221 DINWIDDIE ST PITTSBURGH PA 15219,15219
219 DINWIDDIE ST PITTSBURGH PA 15219,15219
626 -632 WASHINGTON PL PITTSBURGH PA 15219,15219
626 WASHINGTON PL PITTSBURGH PA 15219,15219
626 WASHINGTON PL PITTSBURGH PA 15219,15219
626 WASHINGTON PL PITTSBURGH PA 15219,15219
632 WASHINGTON PL PITTSBURGH PA 15219,15219
0 BEDFORD AVE PITTSBURGH PA 15219,15219
0 WYLIE AVE PITTSBURGH PA 15219,15219
0 WASHINGTON PL PITTSBURGH PA 15219,15219
519 HELDMAN ST PITTSBURGH PA 15219,15219
515 HELDMAN ST PITTSBURGH PA 15219,15219
1610 -1612 COLWELL ST PITTSBURGH PA 15219,15219
1614 -1616 COLWELL ST PITTSBURGH PA 15219,15219
0 COLWELL ST PITTSBURGH PA 15219,15219
0 COLWELL ST PITTSBURGH PA 15219,15219
0 WICK ST PITTSBURGH PA 15219,15219
0 WICK ST PITTSBURGH PA 15219,15219
0 WICK ST PITTSBURGH PA 15219,15219
0 WICK ST PITTSBURGH PA 15219,15219
0 WICK ST PITTSBURGH PA 15219,15219
1920 -1942 BEDFORD AVE PITTSBURGH PA 15219,15219
233 -265 DEVILLIERS ST PITTSBURGH PA 15219,15219
195 DEVILLIERS ST PITTSBURGH PA 15219,15219
0 WEBSTER AVE PITTSBURGH PA 15219,15219
0 WEBSTER AVE PITTSBURGH PA 15219,15219
1926 WEBSTER AVE PITTSBURGH PA 15219,15219
1918 WEBSTER AVE PITTSBURGH PA 15219,15219
173 SWEENEY WAY PITTSBURGH PA 15219,15219
112 DINWIDDIE ST PITTSBURGH PA 15219,15219
0 5TH AVE PITTSBURGH PA 15219,15219
1818 COLWELL ST PITTSBURGH PA 15219,15219
0 5TH AVE PITTSBURGH PA 15219,15219
0 COLWELL ST PITTSBURGH PA 15219,15219
0 5TH AVE PITTSBURGH PA 15219,15219
0 5TH AVE PITTSBURGH PA 15219,15219
0 WICK ST PITTSBURGH PA 15219,15219
0 WICK ST PITTSBURGH PA 15219,15219
0 WICK ST PITTSBURGH PA 15219,15219
0 WICK ST PITTSBURGH PA 15219,15219
0 WICK ST PITTSBURGH PA 15219,15219
0 WICK ST PITTSBURGH PA 15219,15219
0 HENNING PL PITTSBURGH PA 15219,15219
217 DINWIDDIE ST PITTSBURGH PA 15219,15219
215 DINWIDDIE ST PITTSBURGH PA 15219,15219
0 DINWIDDIE ST PITTSBURGH PA 15219,15219
1721 COLWELL ST PITTSBURGH PA 15219,15219
1921 WEBSTER AVE PITTSBURGH PA 15219,15219
0 WEBSTER AVE PITTSBURGH PA 15219,15219
0 WEBSTER AVE PITTSBURGH PA 15219,15219
1931 WEBSTER AVE PITTSBURGH PA 15219,15219
1933 WEBSTER AVE PITTSBURGH PA 15219,15219
0 WEBSTER AVE PITTSBURGH PA 15219,15219
0 WEBSTER AVE PITTSBURGH PA 15219,15219
0 DEVILLIERS ST PITTSBURGH PA 15219,15219
0 OUR WAY PITTSBURGH PA 15219,15219
1420 CENTRE AVE PITTSBURGH PA 15219,15219
145 CRAWFORD ST PITTSBURGH PA 15219,15219
145 CRAWFORD ST PITTSBURGH PA 15219,15219
145 CRAWFORD ST PITTSBURGH PA 15219,15219
707 LEDLIE ST PITTSBURGH PA 15219,15219
709 LEDLIE ST PITTSBURGH PA 15219,15219
711 LEDLIE ST PITTSBURGH PA 15219,15219
713 LEDLIE ST PITTSBURGH PA 15219,15219
0 LEDLIE ST PITTSBURGH PA 15219,15219
843 LEDLIE ST PITTSBURGH PA 15219,15219
0 LEDLIE ST PITTSBURGH PA 15219,15219
1902 -1932 WEBSTER AVE PITTSBURGH PA 15219,15219
614 MANILLA ST PITTSBURGH PA 15219,15219
610 MANILLA ST PITTSBURGH PA 15219,15219
0 ROBERTS ST PITTSBURGH PA 15219,15219
0 ROBERTS ST PITTSBURGH PA 15219,15219
1700 -1708 BEDFORD AVE PITTSBURGH PA 15219,15219
1636 BEDFORD AVE PITTSBURGH PA 15219,15219
1634 BEDFORD AVE PITTSBURGH PA 15219,15219
0 BEDFORD AVE PITTSBURGH PA 15219,15219
0 BEDFORD AVE PITTSBURGH PA 15219,15219
0 MANILLA ST PITTSBURGH PA 15219,15219
0 WICK ST PITTSBURGH PA 15219,15219
1464 SMALLMAN ST PITTSBURGH PA 15222,15222
1427 PENN AVE PITTSBURGH PA 15222,15222
313 6TH AVE PITTSBURGH PA 15222,15222
606 WOOD ST PITTSBURGH PA 15222,15222
610 WOOD ST PITTSBURGH PA 15222,15222
808 LIBERTY AVE PITTSBURGH PA 15222,15222
810 -818 LIBERTY AVE PITTSBURGH PA 15222,15222
820 -824 LIBERTY AVE PITTSBURGH PA 15222,15222
629 SMITHFIELD ST PITTSBURGH PA 15222,15222
308 7TH AVE PITTSBURGH PA 15222,15222
647 SMITHFIELD ST PITTSBURGH PA 15222,15222
645 SMITHFIELD ST PITTSBURGH PA 15222,15222
320 FORT DUQUESNE BLVD UNIT 26F PITTSBURGH PA 15222,15222
0 LOMBARD ST PITTSBURGH PA 15219,15219
0 LOMBARD ST PITTSBURGH PA 15219,15219
0 LOMBARD ST PITTSBURGH PA 15219,15219
0 LOMBARD ST PITTSBURGH PA 15219,15219
0 LOMBARD ST PITTSBURGH PA 15219,15219
0 LOMBARD ST PITTSBURGH PA 15219,15219
0 LOMBARD ST PITTSBURGH PA 15219,15219
0 LOMBARD ST PITTSBURGH PA 15219,15219
0 LOMBARD ST PITTSBURGH PA 15219,15219
1700 WEBSTER AVE PITTSBURGH PA 15219,15219
617 ROBERTS ST PITTSBURGH PA 15219,15219
614 ARTHUR ST PITTSBURGH PA 15219,15219
613 ROBERTS ST PITTSBURGH PA 15219,15219
2419 SMALLMAN ST UNIT 507 PITTSBURGH PA 15222,15222
2401 SMALLMAN ST PITTSBURGH PA 15222,15222
2305 -2343 SMALLMAN ST PITTSBURGH PA 15222,15222
2300 SMALLMAN ST PITTSBURGH PA 15222,15222
915 LIBERTY AVE UNIT 601 PITTSBURGH PA 15222,15222
915 LIBERTY AVE UNIT 701 PITTSBURGH PA 15222,15222
915 LIBERTY AVE UNIT 801 PITTSBURGH PA 15222,15222
909 -911 LIBERTY AVE PITTSBURGH PA 15222,15222
905 LIBERTY AVE PITTSBURGH PA 15222,15222
903 LIBERTY AVE PITTSBURGH PA 15222,15222
217 9TH ST PITTSBURGH PA 15222,15222
819 LIBERTY AVE PITTSBURGH PA 15222,15222
817 LIBERTY AVE PITTSBURGH PA 15222,15222
813 LIBERTY AVE PITTSBURGH PA 15222,15222
301 5TH AVE UNIT 512 PITTSBURGH PA 15222,15222
301 5TH AVE UNIT 513 PITTSBURGH PA 15222,15222
301 5TH AVE UNIT 514 PITTSBURGH PA 15222,15222
301 5TH AVE UNIT 515 PITTSBURGH PA 15222,15222
301 5TH AVE UNIT 516 PITTSBURGH PA 15222,15222
301 5TH AVE UNIT 517 PITTSBURGH PA 15222,15222
301 5TH AVE UNIT 518 PITTSBURGH PA 15222,15222
301 5TH AVE UNIT 520 PITTSBURGH PA 15222,15222
301 5TH AVE UNIT 521 PITTSBURGH PA 15222,15222
320 FORT DUQUESNE BLVD UNIT 18L PITTSBURGH PA 15222,15222
320 FORT DUQUESNE BLVD UNIT 19J PITTSBURGH PA 15222,15222
320 FORT DUQUESNE BLVD UNIT 19K PITTSBURGH PA 15222,15222
320 FORT DUQUESNE BLVD UNIT 5H PITTSBURGH PA 15222,15222
320 FORT DUQUESNE BLVD UNIT 7H PITTSBURGH PA 15222,15222
320 FORT DUQUESNE BLVD UNIT 8H PITTSBURGH PA 15222,15222
320 FORT DUQUESNE BLVD UNIT 10H PITTSBURGH PA 15222,15222
320 FORT DUQUESNE BLVD UNIT 12H PITTSBURGH PA 15222,15222
320 FORT DUQUESNE BLVD UNIT 14H PITTSBURGH PA 15222,15222
320 FORT DUQUESNE BLVD UNIT 16H PITTSBURGH PA 15222,15222
501 WASHINGTON PL PITTSBURGH PA 15219,15219
501 WASHINGTON PL PITTSBURGH PA 15219,15219
501 WASHINGTON PL PITTSBURGH PA 15219,15219
441 SMITHFIELD ST PITTSBURGH PA 15222,15222
431 -489 SMITHFIELD ST PITTSBURGH PA 15222,15222
610 ARTHUR ST PITTSBURGH PA 15219,15219
609 ROBERTS ST PITTSBURGH PA 15219,15219
606 ARTHUR ST PITTSBURGH PA 15219,15219
0 ROWLEY ST PITTSBURGH PA 15219,15219
0 WEBSTER AVE PITTSBURGH PA 15219,15219
0 ROWLEY ST PITTSBURGH PA 15219,15219
1880 -1902 BEDFORD AVE PITTSBURGH PA 15219,15219
1701 CLIFF ST PITTSBURGH PA 15219,15219
1703 CLIFF ST PITTSBURGH PA 15219,15219
715 MERCER ST PITTSBURGH PA 15219,15219
1617 BEDFORD AVE PITTSBURGH PA 15219,15219
1615 BEDFORD AVE PITTSBURGH PA 15219,15219
800 PENN AVE PITTSBURGH PA 15222,15222
0 WATERFRONT PL PITTSBURGH PA 15222,15222
0 WATERFRONT PL PITTSBURGH PA 15222,15222
0 WATERFRONT DR PITTSBURGH PA 15222,15222
1619 -1627 PENN AVE PITTSBURGH PA 15222,15222
1647 PENN AVE PITTSBURGH PA 15222,15222
1649 PENN AVE PITTSBURGH PA 15222,15222
1711 PENN AVE PITTSBURGH PA 15222,15222
1711 PENN AVE PITTSBURGH PA 15222,15222
1711 PENN AVE PITTSBURGH PA 15222,15222
1717 PENN AVE PITTSBURGH PA 15222,15222
947 LIBERTY AVE PITTSBURGH PA 15222,15222
945 LIBERTY AVE UNIT 1 PITTSBURGH PA 15222,15222
945 LIBERTY AVE UNIT 2 PITTSBURGH PA 15222,15222
320 FORT DUQUESNE BLVD UNIT 19O PITTSBURGH PA 15222,15222
320 FORT DUQUESNE BLVD UNIT 20K PITTSBURGH PA 15222,15222
320 FORT DUQUESNE BLVD UNIT 20O PITTSBURGH PA 15222,15222
320 FORT DUQUESNE BLVD UNIT 21J PITTSBURGH PA 15222,15222
350 OLIVER AVE UNIT 1210 PITTSBURGH PA 15222,15222
350 OLIVER AVE UNIT 1303 PITTSBURGH PA 15222,15222
350 OLIVER AVE UNIT 1304 PITTSBURGH PA 15222,15222
350 OLIVER AVE UNIT 1306 PITTSBURGH PA 15222,15222
350 OLIVER AVE UNIT 1307 PITTSBURGH PA 15222,15222
350 OLIVER AVE UNIT 1308 PITTSBURGH PA 15222,15222
350 OLIVER AVE UNIT 1401 PITTSBURGH PA 15222,15222
0 SMALLMAN ST PITTSBURGH PA 15222,15222
525 WILLIAM PENN PL PITTSBURGH PA 15219,15219
434 -482 SMITHFIELD ST PITTSBURGH PA 15219,15219
434 5TH AVE PITTSBURGH PA 15219,15219
425 FORBES AVE PITTSBURGH PA 15219,15219
1808 WATERFRONT PL PITTSBURGH PA 15222,15222
1750 WATERFRONT PL PITTSBURGH PA 15222,15222
1746 WATERFRONT PL PITTSBURGH PA 15222,15222
1744 WATERFRONT PL PITTSBURGH PA 15222,15222
1730 WATERFRONT PL PITTSBURGH PA 15222,15222
0 WATERFRONT PL PITTSBURGH PA 15222,15222
1726 WATERFRONT PL PITTSBURGH PA 15222,15222
635 -641 SMITHFIELD ST PITTSBURGH PA 15222,15222
309 ROBERTS ST PITTSBURGH PA 15219,15219
1727 REED ST PITTSBURGH PA 15219,15219
301 ROBERTS ST PITTSBURGH PA 15219,15219
344 -346 ROBERTS ST PITTSBURGH PA 15219,15219
0 ROBERTS ST PITTSBURGH PA 15219,15219
0 ROBERTS ST PITTSBURGH PA 15219,15219
0 ROBERTS ST PITTSBURGH PA 15219,15219
0 ROBERTS ST PITTSBURGH PA 15219,15219
243 LOMBARD ST PITTSBURGH PA 15219,15219
241 LOMBARD ST PITTSBURGH PA 15219,15219
0 LOMBARD ST PITTSBURGH PA 15219,15219
0 LOMBARD ST PITTSBURGH PA 15219,15219
0 LOMBARD ST PITTSBURGH PA 15219,15219
945 LIBERTY AVE UNIT 3 PITTSBURGH PA 15222,15222
945 LIBERTY AVE UNIT 4 PITTSBURGH PA 15222,15222
945 LIBERTY AVE UNIT 5 PITTSBURGH PA 15222,15222
945 LIBERTY AVE UNIT 6 PITTSBURGH PA 15222,15222
945 LIBERTY AVE UNIT 7 PITTSBURGH PA 15222,15222
943 LIBERTY AVE PITTSBURGH PA 15222,15222
941 LIBERTY AVE PITTSBURGH PA 15222,15222
937 LIBERTY AVE PITTSBURGH PA 15222,15222
100 24TH ST PITTSBURGH PA 15222,15222
2400 SMALLMAN ST PITTSBURGH PA 15222,15222
2434 SMALLMAN ST PITTSBURGH PA 15222,15222
2434 SMALLMAN ST UNIT 711 PITTSBURGH PA 15222,15222
2434 SMALLMAN ST UNIT 111 PITTSBURGH PA 15222,15222
1519 PENN AVE PITTSBURGH PA 15222,15222
1529 PENN AVE PITTSBURGH PA 15222,15222
1529 PENN AVE PITTSBURGH PA 15222,15222
1529 PENN AVE PITTSBURGH PA 15222,15222
1529 PENN AVE PITTSBURGH PA 15222,15222
1606 -1660 SMALLMAN ST PITTSBURGH PA 15222,15222
1601 -1607 PENN AVE PITTSBURGH PA 15222,15222
1611 PENN AVE PITTSBURGH PA 15222,15222
1613 PENN AVE PITTSBURGH PA 15222,15222
1615 PENN AVE PITTSBURGH PA 15222,15222
301 5TH AVE UNIT 601 PITTSBURGH PA 15222,15222
301 5TH AVE UNIT 602 PITTSBURGH PA 15222,15222
301 5TH AVE UNIT 604 PITTSBURGH PA 15222,15222
633 SMITHFIELD ST PITTSBURGH PA 15222,15222
325 6TH AVE PITTSBURGH PA 15222,15222
300 6TH AVE PITTSBURGH PA 15222,15222
320 6TH AVE PITTSBURGH PA 15222,15222
328 6TH AVE PITTSBURGH PA 15222,15222
527 -535 SMITHFIELD ST PITTSBURGH PA 15222,15222
340 -352 OLIVER AVE PITTSBURGH PA 15222,15222
525 SMITHFIELD ST PITTSBURGH PA 15222,15222
340 OLIVER AVE PITTSBURGH PA 15222,15222
350 OLIVER AVE UNIT 801 PITTSBURGH PA 15222,15222
320 FORT DUQUESNE BLVD UNIT 17H PITTSBURGH PA 15222,15222
320 FORT DUQUESNE BLVD UNIT 23H PITTSBURGH PA 15222,15222
320 FORT DUQUESNE BLVD UNIT 5J PITTSBURGH PA 15222,15222
0 LOMBARD ST PITTSBURGH PA 15219,15219
0 LOMBARD ST PITTSBURGH PA 15219,15219
227 LOMBARD ST PITTSBURGH PA 15219,15219
223 LOMBARD ST PITTSBURGH PA 15219,15219
0 LOMBARD ST PITTSBURGH PA 15219,15219
219 LOMBARD ST PITTSBURGH PA 15219,15219
602 ARTHUR ST PITTSBURGH PA 15219,15219
604 -616 PROTECTORY PL PITTSBURGH PA 15219,15219
1827 LINTON ST PITTSBURGH PA 15219,15219
1823 LINTON ST PITTSBURGH PA 15219,15219
1830 WYLIE AVE PITTSBURGH PA 15219,15219
1820 WYLIE AVE PITTSBURGH PA 15219,15219
2434 SMALLMAN ST UNIT 117 PITTSBURGH PA 15222,15222
2434 SMALLMAN ST UNIT 118 PITTSBURGH PA 15222,15222
804 PENN AVE PITTSBURGH PA 15222,15222
806 PENN AVE UNIT 1 PITTSBURGH PA 15222,15222
806 PENN AVE UNIT 5 PITTSBURGH PA 15222,15222
806 PENN AVE PITTSBURGH PA 15222,15222
808 PENN AVE UNIT 100 PITTSBURGH PA 15222,15222
808 PENN AVE UNIT 200 PITTSBURGH PA 15222,15222
808 PENN AVE UNIT 300 PITTSBURGH PA 15222,15222
808 PENN AVE UNIT 400 PITTSBURGH PA 15222,15222
524 PENN AVE PITTSBURGH PA 15222,15222
11 5TH AVE UNIT 201 PITTSBURGH PA 15222,15222
11 5TH AVE UNIT 202 PITTSBURGH PA 15222,15222
301 5TH AVE UNIT 606 PITTSBURGH PA 15222,15222
301 5TH AVE UNIT 608 PITTSBURGH PA 15222,15222
301 5TH AVE UNIT 609 PITTSBURGH PA 15222,15222
301 5TH AVE UNIT 610 PITTSBURGH PA 15222,15222
320 FORT DUQUESNE BLVD UNIT 21K PITTSBURGH PA 15222,15222
320 FORT DUQUESNE BLVD UNIT 21L PITTSBURGH PA 15222,15222
320 FORT DUQUESNE BLVD UNIT 21M PITTSBURGH PA 15222,15222
320 FORT DUQUESNE BLVD UNIT 21NO PITTSBURGH PA 15222,15222
320 FORT DUQUESNE BLVD UNIT 21O PITTSBURGH PA 15222,15222
320 FORT DUQUESNE BLVD UNIT 22O PITTSBURGH PA 15222,15222
320 FORT DUQUESNE BLVD UNIT 23K PITTSBURGH PA 15222,15222
320 FORT DUQUESNE BLVD UNIT 9J PITTSBURGH PA 15222,15222
320 FORT DUQUESNE BLVD UNIT 14J PITTSBURGH PA 15222,15222
320 FORT DUQUESNE BLVD UNIT 14L PITTSBURGH PA 15222,15222
429 FORBES AVE PITTSBURGH PA 15219,15219
437 GRANT ST PITTSBURGH PA 15219,15219
456 5TH AVE PITTSBURGH PA 15219,15219
540 GRANT ST PITTSBURGH PA 15219,15219
0 GRANT ST PITTSBURGH PA 15219,15219
500 GRANT ST PITTSBURGH PA 15219,15219
0 BIGELOW SQ PITTSBURGH PA 15219,15219
436 GRANT ST PITTSBURGH PA 15219,15219
0 6TH AVE PITTSBURGH PA 15219,15219
558 6TH AVE PITTSBURGH PA 15219,15219
1810 WYLIE AVE PITTSBURGH PA 15219,15219
1611 BEDFORD AVE PITTSBURGH PA 15219,15219
1609 BEDFORD AVE PITTSBURGH PA 15219,15219
1605 BEDFORD AVE PITTSBURGH PA 15219,15219
1601 BEDFORD AVE PITTSBURGH PA 15219,15219
1539 BEDFORD AVE PITTSBURGH PA 15219,15219
1525 BEDFORD AVE PITTSBURGH PA 15219,15219
0 BEDFORD AVE PITTSBURGH PA 15219,15219
812 CRAWFORD ST PITTSBURGH PA 15219,15219
0 ROBERTS ST PITTSBURGH PA 15219,15219
0 ROBERTS ST PITTSBURGH PA 15219,15219
0 ROBERTS ST PITTSBURGH PA 15219,15219
0 ROBERTS ST PITTSBURGH PA 15219,15219
11 5TH AVE UNIT 302 PITTSBURGH PA 15222,15222
11 5TH AVE UNIT 303 PITTSBURGH PA 15222,15222
11 5TH AVE UNIT 401 PITTSBURGH PA 15222,15222
11 5TH AVE UNIT 402 PITTSBURGH PA 15222,15222
11 5TH AVE UNIT 403 PITTSBURGH PA 15222,15222
11 5TH AVE UNIT 501 PITTSBURGH PA 15222,15222
701 PENN AVE PITTSBURGH PA 15222,15222
701 PENN AVE PITTSBURGH PA 15222,15222
709 PENN AVE PITTSBURGH PA 15222,15222
707 PENN AVE PITTSBURGH PA 15222,15222
725 -737 PENN AVE PITTSBURGH PA 15222,15222
12 8TH ST PITTSBURGH PA 15222,15222
0 8TH ST PITTSBURGH PA 15222,15222
0 8TH ST PITTSBURGH PA 15222,15222
350 OLIVER AVE UNIT 1403 PITTSBURGH PA 15222,15222
350 OLIVER AVE UNIT 1404 PITTSBURGH PA 15222,15222
350 OLIVER AVE UNIT 1405 PITTSBURGH PA 15222,15222
350 OLIVER AVE UNIT 1406 PITTSBURGH PA 15222,15222
350 OLIVER AVE UNIT 1408 PITTSBURGH PA 15222,15222
350 OLIVER AVE UNIT 1502 PITTSBURGH PA 15222,15222
350 OLIVER AVE UNIT 1503 PITTSBURGH PA 15222,15222
350 OLIVER AVE UNIT 1504 PITTSBURGH PA 15222,15222
2021 -2023 PENN AVE PITTSBURGH PA 15222,15222
2031 PENN AVE PITTSBURGH PA 15222,15222
2014 -2020 SMALLMAN ST PITTSBURGH PA 15222,15222
57 21ST ST PITTSBURGH PA 15222,15222
2115 PENN AVE PITTSBURGH PA 15222,15222
2034 PENN AVE PITTSBURGH PA 15222,15222
2034 PENN AVE PITTSBURGH PA 15222,15222
2000 LIBERTY AVE PITTSBURGH PA 15222,15222
1627 -2001 SMALLMAN ST PITTSBURGH PA 15222,15222
0 SMALLMAN ST PITTSBURGH PA 15222,15222
0 WATERFRONT PL PITTSBURGH PA 15222,15222
0 WATERFRONT PL PITTSBURGH PA 15222,15222
1909 WATERFRONT PL PITTSBURGH PA 15222,15222
0 WATERFRONT PL PITTSBURGH PA 15222,15222
2042 WATERFRONT PL PITTSBURGH PA 15222,15222
320 FORT DUQUESNE BLVD UNIT 25C PITTSBURGH PA 15222,15222
320 FORT DUQUESNE BLVD UNIT 25D PITTSBURGH PA 15222,15222
411 -419 DINWIDDIE ST PITTSBURGH PA 15219,15219
1836 -1850 CENTRE AVE PITTSBURGH PA 15219,15219
0 HELDMAN ST PITTSBURGH PA 15219,15219
0 WICK ST PITTSBURGH PA 15219,15219
0 WICK ST PITTSBURGH PA 15219,15219
234 WICK ST PITTSBURGH PA 15219,15219
228 WICK ST PITTSBURGH PA 15219,15219
0 WICK ST PITTSBURGH PA 15219,15219
0 LOMBARD ST PITTSBURGH PA 15219,15219
0 LOMBARD ST PITTSBURGH PA 15219,15219
0 WICK ST PITTSBURGH PA 15219,15219
0 LOMBARD ST PITTSBURGH PA 15219,15219
547 ROBERTS ST PITTSBURGH PA 15219,15219
601 FORT DUQUESNE BLVD PITTSBURGH PA 15222,15222
701 FORT DUQUESNE BLVD PITTSBURGH PA 15222,15222
510 MARKET ST PITTSBURGH PA 15222,15222
510 MARKET ST PITTSBURGH PA 15222,15222
201 5TH AVE PITTSBURGH PA 15222,15222
550 MARKET  ST UNIT 14A PITTSBURGH PA 15222,15222
550 MARKET  ST UNIT 14B PITTSBURGH PA 15222,15222
550 MARKET ST UNIT 14C PITTSBURGH PA 15222,15222
550 MARKET  ST UNIT 15C PITTSBURGH PA 15222,15222
550 MARKET ST UNIT 18B PITTSBURGH PA 15222,15222
550 MARKET  ST UNIT 18C PITTSBURGH PA 15222,15222
320 FORT DUQUESNE BLVD UNIT 8O PITTSBURGH PA 15222,15222
320 FORT DUQUESNE BLVD UNIT 9K PITTSBURGH PA 15222,15222
2111 -2113 PENN AVE PITTSBURGH PA 15222,15222
1806 PENN AVE PITTSBURGH PA 15222,15222
1808 PENN AVE PITTSBURGH PA 15222,15222
1812 PENN AVE PITTSBURGH PA 15222,15222
1814 PENN AVE PITTSBURGH PA 15222,15222
301 5TH AVE UNIT 614 PITTSBURGH PA 15222,15222
301 5TH AVE UNIT 615 PITTSBURGH PA 15222,15222
301 5TH AVE UNIT 616 PITTSBURGH PA 15222,15222
301 5TH AVE UNIT 617 PITTSBURGH PA 15222,15222
301 5TH AVE UNIT 618 PITTSBURGH PA 15222,15222
301 5TH AVE UNIT 619 PITTSBURGH PA 15222,15222
301 5TH AVE UNIT 620 PITTSBURGH PA 15222,15222
320 FORT DUQUESNE BLVD UNIT 25F PITTSBURGH PA 15222,15222
320 FORT DUQUESNE BLVD UNIT 25G PITTSBURGH PA 15222,15222
320 FORT DUQUESNE BLVD UNIT 25H PITTSBURGH PA 15222,15222
320 FORT DUQUESNE BLVD UNIT 26C PITTSBURGH PA 15222,15222
320 FORT DUQUESNE BLVD UNIT 26D PITTSBURGH PA 15222,15222
320 FORT DUQUESNE BLVD UNIT 23L PITTSBURGH PA 15222,15222
320 FORT DUQUESNE BLVD UNIT 26L PITTSBURGH PA 15222,15222
320 FORT DUQUESNE BLVD UNIT 9M PITTSBURGH PA 15222,15222
320 FORT DUQUESNE BLVD UNIT 12M PITTSBURGH PA 15222,15222
320 FORT DUQUESNE BLVD UNIT 14M PITTSBURGH PA 15222,15222
1720 WYLIE AVE PITTSBURGH PA 15219,15219
1700 WYLIE AVE PITTSBURGH PA 15219,15219
538 ARTHUR ST PITTSBURGH PA 15219,15219
536 ARTHUR ST PITTSBURGH PA 15219,15219
535 ARTHUR ST PITTSBURGH PA 15219,15219
1634 WYLIE AVE PITTSBURGH PA 15219,15219
1619 BEDFORD AVE PITTSBURGH PA 15219,15219
1621 BEDFORD AVE PITTSBURGH PA 15219,15219
1621 BEDFORD AVE PITTSBURGH PA 15219,15219
1625 BEDFORD AVE PITTSBURGH PA 15219,15219
1635 BEDFORD AVE PITTSBURGH PA 15219,15219
714 -724 MANILLA ST PITTSBURGH PA 15219,15219
320 FORT DUQUESNE BLVD UNIT 9L PITTSBURGH PA 15222,15222
320 FORT DUQUESNE BLVD UNIT 10K PITTSBURGH PA 15222,15222
320 FORT DUQUESNE BLVD UNIT 10L PITTSBURGH PA 15222,15222
320 FORT DUQUESNE BLVD UNIT 10M PITTSBURGH PA 15222,15222
320 FORT DUQUESNE BLVD UNIT 10N PITTSBURGH PA 15222,15222
350 OLIVER AVE UNIT 803 PITTSBURGH PA 15222,15222
350 OLIVER AVE UNIT 804 PITTSBURGH PA 15222,15222
350 OLIVER AVE UNIT 805 PITTSBURGH PA 15222,15222
350 OLIVER AVE UNIT 806 PITTSBURGH PA 15222,15222
350 OLIVER AVE UNIT 807 PITTSBURGH PA 15222,15222
350 OLIVER AVE UNIT 809 PITTSBURGH PA 15222,15222
350 OLIVER AVE UNIT 901 PITTSBURGH PA 15222,15222
320 FORT DUQUESNE BLVD UNIT 23N PITTSBURGH PA 15222,15222
320 FORT DUQUESNE BLVD UNIT 24J PITTSBURGH PA 15222,15222
320 FORT DUQUESNE BLVD UNIT 24L PITTSBURGH PA 15222,15222
320 FORT DUQUESNE BLVD UNIT 24N PITTSBURGH PA 15222,15222
320 FORT DUQUESNE BLVD UNIT 25J PITTSBURGH PA 15222,15222
320 FORT DUQUESNE BLVD UNIT 25K PITTSBURGH PA 15222,15222
320 FORT DUQUESNE BLVD UNIT 25M PITTSBURGH PA 15222,15222
350 OLIVER AVE UNIT 1506 PITTSBURGH PA 15222,15222
350 OLIVER AVE UNIT 1601 PITTSBURGH PA 15222,15222
350 OLIVER AVE UNIT 1603 PITTSBURGH PA 15222,15222
350 OLIVER AVE UNIT 1605 PITTSBURGH PA 15222,15222
500 ROSS ST PITTSBURGH PA 15219,15219
500 ROSS ST PITTSBURGH PA 15219,15219
0 6TH AVE PITTSBURGH PA 15219,15219
440 ROSS ST PITTSBURGH PA 15219,15219
600 5TH AVE PITTSBURGH PA 15219,15219
0 5TH AVE PITTSBURGH PA 15219,15219
700 5TH AVE PITTSBURGH PA 15219,15219
120 CECIL PL PITTSBURGH PA 15222,15222
120 CECIL PL PITTSBURGH PA 15222,15222
11 5TH AVE UNIT 601 PITTSBURGH PA 15222,15222
11 5TH AVE UNIT 602 PITTSBURGH PA 15222,15222
11 5TH AVE UNIT 603 PITTSBURGH PA 15222,15222
11 5TH AVE UNIT 701 PITTSBURGH PA 15222,15222
216 WICK ST PITTSBURGH PA 15219,15219
0 WICK ST PITTSBURGH PA 15219,15219
0 WICK ST PITTSBURGH PA 15219,15219
548 ROBERTS ST PITTSBURGH PA 15219,15219
540 ROBERTS ST PITTSBURGH PA 15219,15219
527 HELDMAN ST PITTSBURGH PA 15219,15219
539 ROBERTS ST PITTSBURGH PA 15219,15219
539 1/2 ROBERTS ST PITTSBURGH PA 15219,15219
541 ROBERTS ST PITTSBURGH PA 15219,15219
543 ROBERTS ST PITTSBURGH PA 15219,15219
814 CRAWFORD ST PITTSBURGH PA 15219,15219
0 CRAWFORD ST PITTSBURGH PA 15219,15219
350 OLIVER AVE UNIT 902 PITTSBURGH PA 15222,15222
350 OLIVER AVE UNIT 904 PITTSBURGH PA 15222,15222
1759 WATERFRONT PL PITTSBURGH PA 15222,15222
1679 WATERFRONT PL PITTSBURGH PA 15222,15222
0 WATERFRONT PL PITTSBURGH PA 15222,15222
0 WATERFRONT PL PITTSBURGH PA 15222,15222
1700 SMALLMAN ST PITTSBURGH PA 15222,15222
42 18TH ST PITTSBURGH PA 15222,15222
46 18TH ST PITTSBURGH PA 15222,15222
46 18TH ST PITTSBURGH PA 15222,15222
1727 PENN AVE PITTSBURGH PA 15222,15222
550 MARKET  ST UNIT 19A PITTSBURGH PA 15222,15222
550 MARKET  ST UNIT 20B PITTSBURGH PA 15222,15222
350 OLIVER AVE UNIT 1607 PITTSBURGH PA 15222,15222
350 OLIVER AVE UNIT 1608 PITTSBURGH PA 15222,15222
530 -538 SMITHFIELD ST PITTSBURGH PA 15222,15222
1724 WATERFRONT PL PITTSBURGH PA 15222,15222
1720 WATERFRONT PL PITTSBURGH PA 15222,15222
1712 WATERFRONT PL PITTSBURGH PA 15222,15222
1674 WATERFRONT PL PITTSBURGH PA 15222,15222
1670 WATERFRONT PL PITTSBURGH PA 15222,15222
1668 WATERFRONT PL PITTSBURGH PA 15222,15222
1662 WATERFRONT PL PITTSBURGH PA 15222,15222
1660 WATERFRONT PL PITTSBURGH PA 15222,15222
301 5TH AVE UNIT 621 PITTSBURGH PA 15222,15222
11 5TH AVE UNIT 702 PITTSBURGH PA 15222,15222
11 5TH AVE UNIT 801 PITTSBURGH PA 15222,15222
11 5TH AVE UNIT 802 PITTSBURGH PA 15222,15222
526 -536 PENN AVE PITTSBURGH PA 15222,15222
600 PENN AVE PITTSBURGH PA 15222,15222
650 PENN AVE PITTSBURGH PA 15222,15222
237 7TH ST PITTSBURGH PA 15222,15222
320 FORT DUQUESNE BLVD UNIT 26G PITTSBURGH PA 15222,15222
320 FORT DUQUESNE BLVD UNIT 4K PITTSBURGH PA 15222,15222
320 FORT DUQUESNE BLVD UNIT 4L PITTSBURGH PA 15222,15222
320 FORT DUQUESNE BLVD UNIT 4M PITTSBURGH PA 15222,15222
320 FORT DUQUESNE BLVD UNIT 4N PITTSBURGH PA 15222,15222
0 HENNING PL PITTSBURGH PA 15219,15219
202 DINWIDDIE ST PITTSBURGH PA 15219,15219
204 DINWIDDIE ST PITTSBURGH PA 15219,15219
206 -210 DINWIDDIE ST PITTSBURGH PA 15219,15219
216 DINWIDDIE ST PITTSBURGH PA 15219,15219
218 DINWIDDIE ST PITTSBURGH PA 15219,15219
220 DINWIDDIE ST PITTSBURGH PA 15219,15219
617 MANILLA ST PITTSBURGH PA 15219,15219
621 MANILLA ST PITTSBURGH PA 15219,15219
1609 WEBSTER AVE PITTSBURGH PA 15219,15219
1605 WEBSTER AVE PITTSBURGH PA 15219,15219
0 MERCER ST PITTSBURGH PA 15219,15219
550 MARKET ST UNIT 21B PITTSBURGH PA 15222,15222
550 MARKET ST UNIT 21A PITTSBURGH PA 15222,15222
550 MARKET ST UNIT 15B PITTSBURGH PA 15222,15222
550 MARKET  ST UNIT 19B PITTSBURGH PA 15222,15222
320 FORT DUQUESNE BLVD UNIT 11J PITTSBURGH PA 15222,15222
320 FORT DUQUESNE BLVD UNIT 11K PITTSBURGH PA 15222,15222
320 FORT DUQUESNE BLVD UNIT 11L PITTSBURGH PA 15222,15222
320 FORT DUQUESNE BLVD UNIT 11N PITTSBURGH PA 15222,15222
320 FORT DUQUESNE BLVD UNIT 11O PITTSBURGH PA 15222,15222
320 FORT DUQUESNE BLVD UNIT 12K PITTSBURGH PA 15222,15222
320 FORT DUQUESNE BLVD UNIT 12L PITTSBURGH PA 15222,15222
301 5TH AVE UNIT 622 PITTSBURGH PA 15222,15222
301 5TH AVE UNIT 701 PITTSBURGH PA 15222,15222
301 5TH AVE UNIT 702 PITTSBURGH PA 15222,15222
301 5TH AVE UNIT 704 PITTSBURGH PA 15222,15222
301 5TH AVE UNIT 705 PITTSBURGH PA 15222,15222
301 5TH AVE UNIT 708 PITTSBURGH PA 15222,15222
301 5TH AVE UNIT 709 PITTSBURGH PA 15222,15222
320 FORT DUQUESNE BLVD UNIT 26J PITTSBURGH PA 15222,15222
320 FORT DUQUESNE BLVD UNIT 26K PITTSBURGH PA 15222,15222
320 FORT DUQUESNE BLVD UNIT 5A PITTSBURGH PA 15222,15222
320 FORT DUQUESNE BLVD UNIT 10A PITTSBURGH PA 15222,15222
320 FORT DUQUESNE BLVD UNIT 4O PITTSBURGH PA 15222,15222
320 FORT DUQUESNE BLVD UNIT 26M PITTSBURGH PA 15222,15222
320 FORT DUQUESNE BLVD UNIT 5N PITTSBURGH PA 15222,15222
320 FORT DUQUESNE BLVD UNIT 9N PITTSBURGH PA 15222,15222
320 FORT DUQUESNE BLVD UNIT 12N PITTSBURGH PA 15222,15222
320 FORT DUQUESNE BLVD UNIT 14 N PITTSBURGH PA 15222,15222
320 FORT DUQUESNE BLVD UNIT 16N PITTSBURGH PA 15222,15222
500 10TH STREET BYP PITTSBURGH PA 15222,15222
120 6TH ST PITTSBURGH PA 15222,15222
134 6TH ST PITTSBURGH PA 15222,15222
601 -613 PENN AVE PITTSBURGH PA 15222,15222
1707 BEDFORD AVE PITTSBURGH PA 15219,15219
1713 BEDFORD AVE PITTSBURGH PA 15219,15219
0 DINWIDDIE ST PITTSBURGH PA 15219,15219
0 DINWIDDIE ST PITTSBURGH PA 15219,15219
325 DINWIDDIE ST PITTSBURGH PA 15219,15219
0 KEARNEY WAY PITTSBURGH PA 15219,15219
323 DINWIDDIE ST PITTSBURGH PA 15219,15219
321 DINWIDDIE ST PITTSBURGH PA 15219,15219
319 DINWIDDIE ST PITTSBURGH PA 15219,15219
315 DINWIDDIE ST PITTSBURGH PA 15219,15219
313 DINWIDDIE ST PITTSBURGH PA 15219,15219
0 HENNING PL PITTSBURGH PA 15219,15219
320 FORT DUQUESNE BLVD UNIT 14K PITTSBURGH PA 15222,15222
350 OLIVER AVE UNIT 906 PITTSBURGH PA 15222,15222
350 OLIVER AVE UNIT 908 PITTSBURGH PA 15222,15222
350 OLIVER AVE UNIT 909 PITTSBURGH PA 15222,15222
350 OLIVER AVE UNIT 910 PITTSBURGH PA 15222,15222
350 OLIVER AVE UNIT 1001 PITTSBURGH PA 15222,15222
350 OLIVER AVE UNIT 1002 PITTSBURGH PA 15222,15222
350 OLIVER AVE UNIT 1003 PITTSBURGH PA 15222,15222
350 OLIVER AVE UNIT 1004 PITTSBURGH PA 15222,15222
350 OLIVER AVE UNIT 1005 PITTSBURGH PA 15222,15222
1729 PENN AVE PITTSBURGH PA 15222,15222
1735 PENN AVE PITTSBURGH PA 15222,15222
1800 SMALLMAN ST PITTSBURGH PA 15222,15222
320 FORT DUQUESNE BLVD UNIT 19A PITTSBURGH PA 15222,15222
320 FORT DUQUESNE  BLVD UNIT 20A PITTSBURGH PA 15222,15222
626 SMITHFIELD ST PITTSBURGH PA 15222,15222
628 SMITHFIELD ST PITTSBURGH PA 15222,15222
630 SMITHFIELD ST PITTSBURGH PA 15222,15222
632 SMITHFIELD ST PITTSBURGH PA 15222,15222
634 SMITHFIELD ST PITTSBURGH PA 15222,15222
650 SMITHFIELD ST PITTSBURGH PA 15222,15222
411 -415 7TH AVE PITTSBURGH PA 15219,15219
411 7TH AVE PITTSBURGH PA 15222,15222
421 -429 7TH AVE PITTSBURGH PA 15219,15219
416 7TH AVE PITTSBURGH PA 15219,15219
416 7TH AVE PITTSBURGH PA 15219,15219
1916 WATERFRONT PL PITTSBURGH PA 15222,15222
129 6TH ST PITTSBURGH PA 15222,15222
121 -123 6TH ST PITTSBURGH PA 15222,15222
119 6TH ST PITTSBURGH PA 15222,15222
107 6TH ST PITTSBURGH PA 15222,15222
107 6TH ST PITTSBURGH PA 15222,15222
703 -717 LIBERTY AVE PITTSBURGH PA 15222,15222
643 LIBERTY AVE PITTSBURGH PA 15222,15222
215 6TH ST PITTSBURGH PA 15222,15222
200 -226 6TH ST PITTSBURGH PA 15222,15222
535 LIBERTY AVE PITTSBURGH PA 15222,15222
529 LIBERTY AVE PITTSBURGH PA 15222,15222
20 MARKET SQ PITTSBURGH PA 15222,15222
430 MARKET ST PITTSBURGH PA 15222,15222
436 MARKET ST PITTSBURGH PA 15222,15222
820 CRAWFORD ST PITTSBURGH PA 15219,15219
822 CRAWFORD ST PITTSBURGH PA 15219,15219
1530 CLIFF ST PITTSBURGH PA 15219,15219
1535 -1547 CLIFF ST PITTSBURGH PA 15219,15219
1521 CLIFF ST PITTSBURGH PA 15219,15219
0 CLIFF ST PITTSBURGH PA 15219,15219
1435 BEDFORD AVE PITTSBURGH PA 15219,15219
79 REED ST PITTSBURGH PA 15219,15219
333 -339 HELDMAN ST PITTSBURGH PA 15219,15219
20 HELDMAN ST PITTSBURGH PA 15219,15219
0 HELDMAN ST PITTSBURGH PA 15219,15219
1820 CENTRE AVE PITTSBURGH PA 15219,15219
411 -419 CENTRE AVE PITTSBURGH PA 15219,15219
1806 SMALLMAN ST PITTSBURGH PA 15222,15222
114 -122 19TH ST PITTSBURGH PA 15222,15222
1801 PENN AVE PITTSBURGH PA 15222,15222
1801 PENN AVE PITTSBURGH PA 15222,15222
57 18TH ST PITTSBURGH PA 15222,15222
1809 PENN AVE PITTSBURGH PA 15222,15222
1809 PENN AVE PITTSBURGH PA 15222,15222
1918 -1930 SMALLMAN ST PITTSBURGH PA 15222,15222
600 -602 LIBERTY AVE PITTSBURGH PA 15222,15222
604 LIBERTY AVE PITTSBURGH PA 15222,15222
606 LIBERTY AVE PITTSBURGH PA 15222,15222
620 LIBERTY AVE PITTSBURGH PA 15222,15222
210 6TH AVE PITTSBURGH PA 15222,15222
1914 WATERFRONT PL PITTSBURGH PA 15222,15222
1910 WATERFRONT PL PITTSBURGH PA 15222,15222
1904 WATERFRONT PL PITTSBURGH PA 15222,15222
1820 WATERFRONT PL PITTSBURGH PA 15222,15222
1818 WATERFRONT PL PITTSBURGH PA 15222,15222
1814 WATERFRONT PL PITTSBURGH PA 15222,15222
301 5TH AVE UNIT 711 PITTSBURGH PA 15222,15222
301 5TH AVE UNIT 712 PITTSBURGH PA 15222,15222
301 5TH AVE UNIT 713 PITTSBURGH PA 15222,15222
301 5TH AVE UNIT 715 PITTSBURGH PA 15222,15222
301 5TH AVE UNIT 716 PITTSBURGH PA 15222,15222
301 5TH AVE UNIT 717 PITTSBURGH PA 15222,15222
200 -208 5TH AVE PITTSBURGH PA 15222,15222
201 -225 5TH AVE PITTSBURGH PA 15222,15222
320 FORT DUQUESNE BLVD UNIT 5K PITTSBURGH PA 15222,15222
320 FORT DUQUESNE BLVD UNIT 5L PITTSBURGH PA 15222,15222
320 FORT DUQUESNE BLVD UNIT 5M PITTSBURGH PA 15222,15222
320 FORT DUQUESNE BLVD UNIT 5O PITTSBURGH PA 15222,15222
320 FORT DUQUESNE BLVD UNIT 6K PITTSBURGH PA 15222,15222
320 FORT DUQUESNE BLVD UNIT 6L PITTSBURGH PA 15222,15222
320 FORT DUQUESNE BLVD UNIT 6N PITTSBURGH PA 15222,15222
320 FORT DUQUESNE BLVD UNIT 18N PITTSBURGH PA 15222,15222
734 MERCER ST PITTSBURGH PA 15219,15219
1913 WEBSTER AVE PITTSBURGH PA 15219,15219
1915 WEBSTER AVE PITTSBURGH PA 15219,15219
1719 BEDFORD AVE PITTSBURGH PA 15219,15219
1721 BEDFORD AVE PITTSBURGH PA 15219,15219
1727 BEDFORD AVE PITTSBURGH PA 15219,15219
1803 -1805 BEDFORD AVE PITTSBURGH PA 15219,15219
0 ROBERTS ST PITTSBURGH PA 15219,15219
720 ROBERTS ST PITTSBURGH PA 15219,15219
1816 -1838 BEDFORD AVE PITTSBURGH PA 15219,15219
744 ROBERTS ST PITTSBURGH PA 15219,15219
0 BEDFORD AVE PITTSBURGH PA 15219,15219
249 5TH AVE PITTSBURGH PA 15222,15222
301 5TH AVE PITTSBURGH PA 15222,15222
301 5TH AVE PITTSBURGH PA 15222,15222
301 5TH AVE PITTSBURGH PA 15222,15222
320 FORT DUQUESNE BLVD UNIT 14O PITTSBURGH PA 15222,15222
320 FORT DUQUESNE BLVD UNIT 15J PITTSBURGH PA 15222,15222
320 FORT DUQUESNE BLVD UNIT 15K PITTSBURGH PA 15222,15222
320 FORT DUQUESNE BLVD UNIT 15L PITTSBURGH PA 15222,15222
320 FORT DUQUESNE BLVD UNIT 15N PITTSBURGH PA 15222,15222
320 FORT DUQUESNE BLVD UNIT 16J PITTSBURGH PA 15222,15222
350 OLIVER AVE UNIT 1006 PITTSBURGH PA 15222,15222
301 5TH AVE UNIT 721 PITTSBURGH PA 15222,15222
320 FORT DUQUESNE BLVD UNIT 21A PITTSBURGH PA 15222,15222
320 FORT DUQUESNE BLVD UNIT 22A PITTSBURGH PA 15222,15222
320 FORT DUQUESNE BLVD UNIT 23A PITTSBURGH PA 15222,15222
320 FORT DUQUESNE BLVD UNIT 25A PITTSBURGH PA 15222,15222
320 FORT DUQUESNE  BLVD UNIT 26A PITTSBURGH PA 15222,15222
320 FORT DUQUESNE BLVD UNIT 26B PITTSBURGH PA 15222,15222
320 FORT DUQUESNE BLVD UNIT 19D PITTSBURGH PA 15222,15222
320 FORT DUQUESNE BLVD UNIT 4E PITTSBURGH PA 15222,15222
412 STRAWBERRY WAY PITTSBURGH PA 15219,15219
601 -613 6TH AVE PITTSBURGH PA 15219,15219
320 FORT DUQUESNE BLVD UNIT 20N PITTSBURGH PA 15222,15222
320 FORT DUQUESNE BLVD UNIT 26N PITTSBURGH PA 15222,15222
320 FORT DUQUESNE BLVD UNIT 10O PITTSBURGH PA 15222,15222
320 FORT DUQUESNE BLVD UNIT 12O PITTSBURGH PA 15222,15222
107 6TH ST PITTSBURGH PA 15222,15222
642 FORT DUQUESNE BLVD PITTSBURGH PA 15222,15222
649 -667 PENN AVE PITTSBURGH PA 15222,15222
685 PENN AVE PITTSBURGH PA 15222,15222
130 7TH ST PITTSBURGH PA 15222,15222
649 -667 PENN AVE PITTSBURGH PA 15219,15219
649 -667 PENN AVE PITTSBURGH PA 15222,15222
100 7TH ST PITTSBURGH PA 15222,15222
0 ROBERTS ST PITTSBURGH PA 15219,15219
0 ROBERTS ST PITTSBURGH PA 15219,15219
0 ROBERTS ST PITTSBURGH PA 15219,15219
103 ROBERTS ST PITTSBURGH PA 15219,15219
0 ROBERTS ST PITTSBURGH PA 15219,15219
0 ROBERTS ST PITTSBURGH PA 15219,15219
217 LOMBARD ST PITTSBURGH PA 15219,15219
0 DIAZ WAY PITTSBURGH PA 15219,15219
0 DIAZ WAY PITTSBURGH PA 15219,15219
0 DIAZ WAY PITTSBURGH PA 15219,15219
0 DIAZ WAY PITTSBURGH PA 15219,15219
212 WICK ST PITTSBURGH PA 15219,15219
214 WICK ST PITTSBURGH PA 15219,15219
350 OLIVER AVE UNIT 1007 PITTSBURGH PA 15222,15222
350 OLIVER AVE UNIT 1008 PITTSBURGH PA 15222,15222
350 OLIVER AVE UNIT 1009 PITTSBURGH PA 15222,15222
350 OLIVER AVE UNIT 1010 PITTSBURGH PA 15222,15222
350 OLIVER AVE UNIT 1102 PITTSBURGH PA 15222,15222
350 OLIVER AVE UNIT 1104 PITTSBURGH PA 15222,15222
350 OLIVER AVE UNIT 1105 PITTSBURGH PA 15222,15222
350 OLIVER AVE UNIT 1106 PITTSBURGH PA 15222,15222
1901 PENN AVE PITTSBURGH PA 15222,15222
1905 PENN AVE PITTSBURGH PA 15222,15222
1907 PENN AVE PITTSBURGH PA 15222,15222
1933 PENN AVE PITTSBURGH PA 15222,15222
2001 PENN AVE PITTSBURGH PA 15222,15222
617 WILLIAM PENN PL PITTSBURGH PA 15219,15219
611 WILLIAM PENN PL PITTSBURGH PA 15219,15219
620 WILLIAM PENN PL PITTSBURGH PA 15219,15219
635 GRANT ST PITTSBURGH PA 15219,15219
436 7TH AVE PITTSBURGH PA 15219,15219
635 GRANT ST PITTSBURGH PA 15219,15219
615 GRANT ST PITTSBURGH PA 15219,15219
1904 PENN AVE PITTSBURGH PA 15222,15222
1904 PENN AVE PITTSBURGH PA 15222,15222
1904 PENN AVE PITTSBURGH PA 15222,15222
1908 PENN AVE PITTSBURGH PA 15222,15222
1914 PENN AVE PITTSBURGH PA 15222,15222
2010 PENN AVE PITTSBURGH PA 15222,15222
720 FORT DUQUESNE BLVD PITTSBURGH PA 15222,15222
121 -123 7TH ST PITTSBURGH PA 15222,15222
125 7TH ST PITTSBURGH PA 15222,15222
225 5TH AVE PITTSBURGH PA 15222,15222
116 23RD ST PITTSBURGH PA 15222,15222
550 MARKET  ST UNIT 16A PITTSBURGH PA 15222,15222
0 FULLERTON ST PITTSBURGH PA 15219,15219
137 7TH ST PITTSBURGH PA 15222,15222
350 OLIVER AVE UNIT 1508 PITTSBURGH PA 15222,15222
550 MARKET  ST UNIT 17A PITTSBURGH PA 15222,15222
320 FORT DUQUESNE BLVD UNIT 6O PITTSBURGH PA 15222,15222
320 FORT DUQUESNE BLVD UNIT 7K PITTSBURGH PA 15222,15222
2419 SMALLMAN ST UNIT 309 PITTSBURGH PA 15222,15222
2419 SMALLMAN ST UNIT 401 PITTSBURGH PA 15222,15222
2419 SMALLMAN ST UNIT 403 PITTSBURGH PA 15222,15222
2419 SMALLMAN ST UNIT 404 PITTSBURGH PA 15222,15222
2419 SMALLMAN ST UNIT 405 PITTSBURGH PA 15222,15222
2419 SMALLMAN ST UNIT 406 PITTSBURGH PA 15222,15222
2419 SMALLMAN ST UNIT 408 PITTSBURGH PA 15222,15222
2419 SMALLMAN ST UNIT 501 PITTSBURGH PA 15222,15222
2507 -2509 PENN AVE PITTSBURGH PA 15222,15222
2511 PENN AVE PITTSBURGH PA 15222,15222
2515 PENN AVE PITTSBURGH PA 15222,15222
2517 PENN AVE PITTSBURGH PA 15222,15222
2531 -2535 PENN AVE PITTSBURGH PA 15222,15222
2005 PENN AVE PITTSBURGH PA 15222,15222
2009 PENN AVE PITTSBURGH PA 15222,15222
2015 PENN AVE PITTSBURGH PA 15222,15222
301 5TH AVE UNIT 501 PITTSBURGH PA 15222,15222
301 5TH AVE UNIT 502 PITTSBURGH PA 15222,15222
301 5TH AVE UNIT 503 PITTSBURGH PA 15222,15222
301 5TH AVE UNIT 504 PITTSBURGH PA 15222,15222
301 5TH AVE UNIT 506 PITTSBURGH PA 15222,15222
301 5TH AVE UNIT 507 PITTSBURGH PA 15222,15222
301 5TH AVE UNIT 508 PITTSBURGH PA 15222,15222
301 5TH AVE UNIT 509 PITTSBURGH PA 15222,15222
301 5TH AVE UNIT 510 PITTSBURGH PA 15222,15222
2010 PENN AVE PITTSBURGH PA 15222,15222
2010 PENN AVE PITTSBURGH PA 15222,15222
2014 PENN AVE PITTSBURGH PA 15222,15222
2020 PENN AVE PITTSBURGH PA 15222,15222
2022 PENN AVE PITTSBURGH PA 15222,15222
301 5TH AVE UNIT 722 PITTSBURGH PA 15222,15222
225 FORBES AVE PITTSBURGH PA 15222,15222
254 5TH AVE PITTSBURGH PA 15222,15222
445 WOOD ST PITTSBURGH PA 15222,15222
256 -264 5TH AVE PITTSBURGH PA 15222,15222
242 5TH AVE PITTSBURGH PA 15222,15222
429 WOOD ST PITTSBURGH PA 15222,15222
322 -326 5TH AVE PITTSBURGH PA 15222,15222
801 -809 LIBERTY AVE PITTSBURGH PA 15222,15222
320 FORT DUQUESNE BLVD UNIT 7L PITTSBURGH PA 15222,15222
320 FORT DUQUESNE BLVD UNIT 7M PITTSBURGH PA 15222,15222
320 FORT DUQUESNE BLVD UNIT 7N PITTSBURGH PA 15222,15222
320 FORT DUQUESNE BLVD UNIT 7O PITTSBURGH PA 15222,15222
320 FORT DUQUESNE BLVD UNIT 8J PITTSBURGH PA 15222,15222
320 FORT DUQUESNE BLVD UNIT 8L PITTSBURGH PA 15222,15222
320 FORT DUQUESNE BLVD UNIT 26O PITTSBURGH PA 15222,15222
525 PENN AVE PITTSBURGH PA 15222,15222
140 -142 6TH ST PITTSBURGH PA 15222,15222
144 6TH ST PITTSBURGH PA 15222,15222
146 6TH ST PITTSBURGH PA 15222,15222
120 5TH AVE PITTSBURGH PA 15222,15222
2531 -2535 PENN AVE PITTSBURGH PA 15222,15222
2531 -2533 PENN AVE PITTSBURGH PA 15222,15222
2535 PENN AVE PITTSBURGH PA 15222,15222
207 16TH ST PITTSBURGH PA 15222,15222
1400 -1520 PENN AVE PITTSBURGH PA 15222,15222
131 15TH ST PITTSBURGH PA 15222,15222
131 15TH ST PITTSBURGH PA 15222,15222
1415 -1461 SMALLMAN ST PITTSBURGH PA 15222,15222
0 WATERFRONT PL PITTSBURGH PA 15222,15222
0 WATERFRONT PL PITTSBURGH PA 15222,15222
0 SMALLMAN ST PITTSBURGH PA 15222,15222
0 SMALLMAN ST PITTSBURGH PA 15222,15222
1415 -1461 SMALLMAN ST PITTSBURGH PA 15222,15222
0 WATERFRONT PL PITTSBURGH PA 15222,15222
320 FORT DUQUESNE BLVD UNIT 16M PITTSBURGH PA 15222,15222
320 FORT DUQUESNE BLVD UNIT 16O PITTSBURGH PA 15222,15222
320 FORT DUQUESNE BLVD UNIT 17J-K PITTSBURGH PA 15222,15222
320 FORT DUQUESNE BLVD UNIT 17L PITTSBURGH PA 15222,15222
320 FORT DUQUESNE BLVD UNIT 17O PITTSBURGH PA 15222,15222
320 FORT DUQUESNE BLVD UNIT 18J PITTSBURGH PA 15222,15222
320 FORT DUQUESNE BLVD UNIT 18K PITTSBURGH PA 15222,15222
350 OLIVER AVE UNIT 1107 PITTSBURGH PA 15222,15222
350 OLIVER AVE UNIT 1108 PITTSBURGH PA 15222,15222
350 OLIVER AVE UNIT 1109 PITTSBURGH PA 15222,15222
350 OLIVER AVE UNIT 1203 PITTSBURGH PA 15222,15222
320 FORT DUQUESNE BLVD UNIT 16E PITTSBURGH PA 15222,15222
320 FORT DUQUESNE BLVD UNIT 17E PITTSBURGH PA 15222,15222
320 FORT DUQUESNE BLVD UNIT 5F PITTSBURGH PA 15222,15222
320 FORT DUQUESNE BLVD UNIT 7F PITTSBURGH PA 15222,15222
320 FORT DUQUESNE BLVD UNIT 17F PITTSBURGH PA 15222,15222
320 FORT DUQUESNE BLVD UNIT 20F PITTSBURGH PA 15222,15222
320 FORT DUQUESNE BLVD UNIT 22F PITTSBURGH PA 15222,15222
0 BIGELOW BLVD PITTSBURGH PA 15219,15219
707 GRANT ST PITTSBURGH PA 15219,15219
717 -745 GRANT ST PITTSBURGH PA 15219,15219
700 GRANT ST PITTSBURGH PA 15219,15219
120 5TH AVE PITTSBURGH PA 15222,15222
11 5TH AVE PITTSBURGH PA 15222,15222
524 PENN AVE PITTSBURGH PA 15222,15222
1809 WYLIE AVE PITTSBURGH PA 15219,15219
1811 WYLIE AVE PITTSBURGH PA 15219,15219
1813 WYLIE AVE PITTSBURGH PA 15219,15219
1815 WYLIE AVE PITTSBURGH PA 15219,15219
1821 WYLIE AVE PITTSBURGH PA 15219,15219
0 WYLIE AVE PITTSBURGH PA 15219,15219
603 PROTECTORY PL PITTSBURGH PA 15219,15219
238 LOMBARD ST PITTSBURGH PA 15219,15219
0 LOMBARD ST PITTSBURGH PA 15219,15219
0 WATERFRONT PL PITTSBURGH PA 15222,15222
951 LIBERTY AVE UNIT 2C PITTSBURGH PA 15222,15222
951 LIBERTY AVE UNIT 2D PITTSBURGH PA 15222,15222
951 LIBERTY AVE UNIT 3A PITTSBURGH PA 15222,15222
951 LIBERTY AVE UNIT 3B PITTSBURGH PA 15222,15222
951 LIBERTY AVE UNIT 3C PITTSBURGH PA 15222,15222
951 LIBERTY AVE UNIT 3D PITTSBURGH PA 15222,15222
951 LIBERTY AVE UNIT 4B PITTSBURGH PA 15222,15222
951 LIBERTY AVE UNIT 4D PITTSBURGH PA 15222,15222
949 LIBERTY AVE PITTSBURGH PA 15222,15222
2419 SMALLMAN ST UNIT 502 PITTSBURGH PA 15222,15222
2419 SMALLMAN ST UNIT 504 PITTSBURGH PA 15222,15222
2419 SMALLMAN ST UNIT 506 PITTSBURGH PA 15222,15222
350 OLIVER AVE UNIT 1204 PITTSBURGH PA 15222,15222
350 OLIVER AVE UNIT 1205 PITTSBURGH PA 15222,15222
350 OLIVER AVE UNIT 1206 PITTSBURGH PA 15222,15222
350 OLIVER AVE UNIT 1207 PITTSBURGH PA 15222,15222
2034 WATERFRONT PL PITTSBURGH PA 15222,15222
2032 WATERFRONT PL PITTSBURGH PA 15222,15222
2026 WATERFRONT PL PITTSBURGH PA 15222,15222
2024 WATERFRONT PL PITTSBURGH PA 15222,15222
2016 WATERFRONT PL PITTSBURGH PA 15222,15222
0 WATERFRONT PL PITTSBURGH PA 15222,15222
1924 WATERFRONT PL PITTSBURGH PA 15222,15222
301 5TH AVE UNIT 511 PITTSBURGH PA 15222,15222
600 GRANT ST PITTSBURGH PA 15219,15219
0 BIGELOW SQ PITTSBURGH PA 15219,15219
1 BIGELOW SQ PITTSBURGH PA 15219,15219
501 WASHINGTON PL PITTSBURGH PA 15219,15219
0 BEDFORD AVE PITTSBURGH PA 15219,15219
0 BIGELOW BLVD PITTSBURGH PA 15219,15219
1652 WATERFRONT PL PITTSBURGH PA 15222,15222
1638 WATERFRONT PL PITTSBURGH PA 15222,15222
1634 WATERFRONT PL PITTSBURGH PA 15222,15222
1630 WATERFRONT PL PITTSBURGH PA 15222,15222
1624 WATERFRONT PL PITTSBURGH PA 15222,15222
1618 WATERFRONT PL PITTSBURGH PA 15222,15222
1410 SMALLMAN ST PITTSBURGH PA 15222,15222
4107 BIGELOW BLVD PITTSBURGH PA 15213,15213
2128 FORBES AVE PITTSBURGH PA 15219,15219
2128 FORBES AVE PITTSBURGH PA 15219,15219
2128 FORBES AVE PITTSBURGH PA 15219,15219
2128 FORBES AVE PITTSBURGH PA 15219,15219
2132 FORBES AVE PITTSBURGH PA 15219,15219
2126 TUSTIN ST PITTSBURGH PA 15219,15219
2126 TUSTIN ST PITTSBURGH PA 15219,15219
0 TUSTIN ST PITTSBURGH PA 15219,15219
2118 TUSTIN ST PITTSBURGH PA 15219,15219
2114 TUSTIN ST PITTSBURGH PA 15219,15219
0 DERUAD ST PITTSBURGH PA 15219,15219
0 DERUAD ST PITTSBURGH PA 15219,15219
0 DERUAD ST PITTSBURGH PA 15219,15219
369 COLTART AVE PITTSBURGH PA 15213,15213
3433 BATES ST PITTSBURGH PA 15213,15213
372 MCKEE PL PITTSBURGH PA 15213,15213
382 MCKEE PL PITTSBURGH PA 15213,15213
378 1/2 MCKEE PL PITTSBURGH PA 15213,15213
380 MCKEE PL PITTSBURGH PA 15213,15213
1 1/2 BOUNDARY ST PITTSBURGH PA 15213,15213
4 BOUNDARY ST PITTSBURGH PA 15213,15213
5 BOUNDARY ST PITTSBURGH PA 15213,15213
7 BOUNDARY ST PITTSBURGH PA 15213,15213
7 BOUNDARY ST PITTSBURGH PA 15213,15213
9 BOUNDARY ST PITTSBURGH PA 15213,15213
523 BOUNDARY ST PITTSBURGH PA 15213,15213
141 MOULTRIE ST PITTSBURGH PA 15219,15219
139 MOULTRIE ST PITTSBURGH PA 15219,15219
137 MOULTRIE ST PITTSBURGH PA 15219,15219
137 MOULTRIE ST PITTSBURGH PA 15219,15219
137 MOULTRIE ST PITTSBURGH PA 15219,15219
0 5TH AVE PITTSBURGH PA 15213,15213
0 5TH AVE PITTSBURGH PA 15213,15213
0 5TH AVE PITTSBURGH PA 15213,15213
0 5TH AVE PITTSBURGH PA 15213,15213
0 5TH AVE PITTSBURGH PA 15213,15213
0 5TH AVE PITTSBURGH PA 15213,15213
0 5TH AVE PITTSBURGH PA 15213,15213
0 5TH AVE PITTSBURGH PA 15213,15213
0 5TH AVE PITTSBURGH PA 15213,15213
0 GAZZAM ST PITTSBURGH PA 15213,15213
250 N BELLEFIELD AVE PITTSBURGH PA 15213,15213
250 N BELLEFIELD AVE PITTSBURGH PA 15213,15213
250 N BELLEFIELD AVE PITTSBURGH PA 15213,15213
250 N BELLEFIELD AVE PITTSBURGH PA 15213,15213
255 N DITHRIDGE ST PITTSBURGH PA 15213,15213
259 -261 N DITHRIDGE ST PITTSBURGH PA 15213,15213
265 N DITHRIDGE ST PITTSBURGH PA 15213,15213
275 N DITHRIDGE ST PITTSBURGH PA 15213,15213
146 N BELLEFIELD AVE UNIT 603 PITTSBURGH PA 15213,15213
146 N BELLEFIELD AVE UNIT 604 PITTSBURGH PA 15213,15213
146 N BELLEFIELD AVE UNIT 701 PITTSBURGH PA 15213,15213
0 DERUAD ST PITTSBURGH PA 15219,15219
2017 -2031 DERUAD ST PITTSBURGH PA 15219,15219
0 DERUAD ST PITTSBURGH PA 15219,15219
2011 DERUAD ST PITTSBURGH PA 15219,15219
0 DERUAD ST PITTSBURGH PA 15219,15219
0 DERUAD ST PITTSBURGH PA 15219,15219
2005 DERUAD ST PITTSBURGH PA 15219,15219
0 WYANDOTTE ST PITTSBURGH PA 15219,15219
0 BEELEN ST PITTSBURGH PA 15213,15213
0 BEELEN ST PITTSBURGH PA 15213,15213
0 BEELEN ST PITTSBURGH PA 15213,15213
0 BEELEN ST PITTSBURGH PA 15213,15213
0 BEELEN ST PITTSBURGH PA 15213,15213
0 5TH AVE PITTSBURGH PA 15213,15213
525 BOUNDARY ST PITTSBURGH PA 15213,15213
527 -545 YARROW ST PITTSBURGH PA 15213,15213
413 SEMPLE ST PITTSBURGH PA 15213,15213
400 SEMPLE ST PITTSBURGH PA 15213,15213
404 SEMPLE ST PITTSBURGH PA 15213,15213
0 MCKEE PL PITTSBURGH PA 15213,15213
414 SEMPLE ST PITTSBURGH PA 15213,15213
416 SEMPLE ST PITTSBURGH PA 15213,15213
413 MCKEE PL PITTSBURGH PA 15213,15213
418 -420 SEMPLE ST PITTSBURGH PA 15213,15213
3459 WARD ST PITTSBURGH PA 15213,15213
3457 WARD ST PITTSBURGH PA 15213,15213
3722 PARKVIEW AVE PITTSBURGH PA 15213,15213
0 5TH AVE PITTSBURGH PA 15213,15213
2633 5TH AVE PITTSBURGH PA 15213,15213
146 N BELLEFIELD AVE UNIT 901 PITTSBURGH PA 15213,15213
146 N BELLEFIELD AVE UNIT 903 PITTSBURGH PA 15213,15213
146 N BELLEFIELD AVE UNIT 904 PITTSBURGH PA 15213,15213
146 N BELLEFIELD AVE UNIT 1002 PITTSBURGH PA 15213,15213
146 N BELLEFIELD AVE UNIT 1101 PITTSBURGH PA 15213,15213
146 N BELLEFIELD AVE UNIT 1103 PITTSBURGH PA 15213,15213
146 N BELLEFIELD AVE UNIT 1104 PITTSBURGH PA 15213,15213
0 BEELEN ST PITTSBURGH PA 15213,15213
0 BEELEN ST PITTSBURGH PA 15213,15213
0 BEELEN ST PITTSBURGH PA 15213,15213
146 N BELLEFIELD AVE UNIT 703 PITTSBURGH PA 15213,15213
146 N BELLEFIELD AVE UNIT 704 PITTSBURGH PA 15213,15213
146 N BELLEFIELD AVE UNIT 801 PITTSBURGH PA 15213,15213
146 N BELLEFIELD AVE UNIT 802 PITTSBURGH PA 15213,15213
146 N BELLEFIELD AVE UNIT 804 PITTSBURGH PA 15213,15213
0 FORBES AVE PITTSBURGH PA 15219,15219
2204 FORBES AVE PITTSBURGH PA 15219,15219
0 FORBES AVE PITTSBURGH PA 15219,15219
0 FORBES AVE PITTSBURGH PA 15219,15219
2210 FORBES AVE PITTSBURGH PA 15219,15219
0 FORBES AVE PITTSBURGH PA 15219,15219
0 FORBES AVE PITTSBURGH PA 15213,15213
3142 ELLERS ST PITTSBURGH PA 15213,15213
3134 ELLERS ST PITTSBURGH PA 15213,15213
3149 ELLERS ST PITTSBURGH PA 15213,15213
3143 ELLERS ST PITTSBURGH PA 15213,15213
3139 ELLERS ST PITTSBURGH PA 15213,15213
3135 ELLERS ST PITTSBURGH PA 15213,15213
3129 ELLERS ST PITTSBURGH PA 15213,15213
3121 ELLERS ST PITTSBURGH PA 15213,15213
3119 ELLERS ST PITTSBURGH PA 15213,15213
3119 TERRACE ST PITTSBURGH PA 15213,15213
3121 TERRACE ST PITTSBURGH PA 15213,15213
0 TERRACE ST PITTSBURGH PA 15213,15213
3716 PARKVIEW AVE PITTSBURGH PA 15213,15213
3714 PARKVIEW AVE PITTSBURGH PA 15213,15213
2844 BLVD OF THE ALLIES PITTSBURGH PA 15213,15213
3201 HAMLET ST PITTSBURGH PA 15213,15213
3201 HAMLET ST PITTSBURGH PA 15213,15213
305 OPHELIA ST PITTSBURGH PA 15213,15213
378 MCKEE PL PITTSBURGH PA 15213,15213
376 MCKEE PL PITTSBURGH PA 15213,15213
374 MCKEE PL PITTSBURGH PA 15213,15213
370 MCKEE PL PITTSBURGH PA 15213,15213
368 MCKEE PL PITTSBURGH PA 15213,15213
0 ZULEMA ST PITTSBURGH PA 15213,15213
304 MCKEE PL PITTSBURGH PA 15213,15213
0 BEELEN ST PITTSBURGH PA 15213,15213
0 BEELEN ST PITTSBURGH PA 15213,15213
0 BEELEN ST PITTSBURGH PA 15213,15213
0 BEELEN ST PITTSBURGH PA 15213,15213
0 5TH AVE PITTSBURGH PA 15213,15213
0 5TH AVE PITTSBURGH PA 15213,15213
0 BEELEN ST PITTSBURGH PA 15213,15213
0 BEELEN ST PITTSBURGH PA 15213,15213
0 5TH AVE PITTSBURGH PA 15213,15213
131 MOULTRIE ST PITTSBURGH PA 15219,15219
129 MOULTRIE ST PITTSBURGH PA 15219,15219
123 MOULTRIE ST PITTSBURGH PA 15219,15219
0 MOULTRIE ST PITTSBURGH PA 15219,15219
119 MOULTRIE ST PITTSBURGH PA 15219,15219
0 BEELEN ST PITTSBURGH PA 15213,15213
0 BEELEN ST PITTSBURGH PA 15213,15213
0 BEELEN ST PITTSBURGH PA 15213,15213
0 BEELEN ST PITTSBURGH PA 15213,15213
0 GAZZAM ST PITTSBURGH PA 15213,15213
0 GAZZAM ST PITTSBURGH PA 15213,15213
0 ALLEQUIPPA ST PITTSBURGH PA 15213,15213
28 GAZZAM ST PITTSBURGH PA 15213,15213
26 GAZZAM ST PITTSBURGH PA 15213,15213
0 GAZZAM ST PITTSBURGH PA 15213,15213
0 GAZZAM ST PITTSBURGH PA 15213,15213
0 SOHO ST PITTSBURGH PA 15219,15219
318 KIRKPATRICK ST PITTSBURGH PA 15219,15219
0 SOHO ST PITTSBURGH PA 15219,15219
3129 TERRACE ST PITTSBURGH PA 15213,15213
3136 TERRACE ST PITTSBURGH PA 15213,15213
4220 CENTRE AVE PITTSBURGH PA 15213,15213
4230 CENTRE AVE PITTSBURGH PA 15213,15213
4300 CENTRE AVE PITTSBURGH PA 15213,15213
4312 CENTRE AVE PITTSBURGH PA 15213,15213
4320 CENTRE AVE PITTSBURGH PA 15213,15213
4330 CENTRE AVE PITTSBURGH PA 15213,15213
4338 CENTRE AVE PITTSBURGH PA 15213,15213
4342 CENTRE AVE PITTSBURGH PA 15213,15213
4352 CENTRE AVE PITTSBURGH PA 15213,15213
310 MCKEE PL PITTSBURGH PA 15213,15213
312 MCKEE PL PITTSBURGH PA 15213,15213
2633 5TH AVE PITTSBURGH PA 15213,15213
2637 5TH AVE PITTSBURGH PA 15213,15213
2701 5TH AVE PITTSBURGH PA 15213,15213
2703 5TH AVE PITTSBURGH PA 15213,15213
2705 5TH AVE PITTSBURGH PA 15213,15213
2707 5TH AVE PITTSBURGH PA 15213,15213
1 ROBINSON ST PITTSBURGH PA 15213,15213
5 ROBINSON ST PITTSBURGH PA 15213,15213
7 ROBINSON ST PITTSBURGH PA 15213,15213
0 ROBINSON ST PITTSBURGH PA 15213,15213
3451 WARD ST PITTSBURGH PA 15213,15213
0 MOULTRIE ST PITTSBURGH PA 15219,15219
0 MOULTRIE ST PITTSBURGH PA 15219,15219
2135 5TH AVE PITTSBURGH PA 15219,15219
2633 5TH AVE PITTSBURGH PA 15213,15213
2633 5TH AVE PITTSBURGH PA 15213,15213
0 5TH AVE PITTSBURGH PA 15213,15213
0 5TH AVE PITTSBURGH PA 15213,15213
2440 5TH AVE PITTSBURGH PA 15213,15213
2438 5TH AVE PITTSBURGH PA 15213,15213
2432 5TH AVE PITTSBURGH PA 15213,15213
0 5TH AVE PITTSBURGH PA 15213,15213
2426 5TH AVE PITTSBURGH PA 15213,15213
0 5TH AVE PITTSBURGH PA 15213,15213
2220 2ND AVE PITTSBURGH PA 15219,15219
2340 2ND AVE PITTSBURGH PA 15219,15219
262 N DITHRIDGE ST PITTSBURGH PA 15213,15213
250 N DITHRIDGE ST PITTSBURGH PA 15213,15213
225 N CRAIG ST PITTSBURGH PA 15213,15213
229 N CRAIG ST PITTSBURGH PA 15213,15213
233 N CRAIG ST PITTSBURGH PA 15213,15213
237 N CRAIG ST PITTSBURGH PA 15213,15213
237 N CRAIG ST PITTSBURGH PA 15213,15213
257 N CRAIG ST PITTSBURGH PA 15213,15213
249 N CRAIG ST PITTSBURGH PA 15213,15213
146 N BELLEFIELD AVE UNIT 101 PITTSBURGH PA 15213,15213
146 N BELLEFIELD AVE UNIT 103 PITTSBURGH PA 15213,15213
146 N BELLEFIELD AVE UNIT 201 PITTSBURGH PA 15213,15213
2114 5TH AVE PITTSBURGH PA 15219,15219
2120 5TH AVE PITTSBURGH PA 15219,15219
0 5TH AVE PITTSBURGH PA 15219,15219
2134 5TH AVE PITTSBURGH PA 15219,15219
2134 5TH AVE PITTSBURGH PA 15219,15219
2135 FORBES AVE PITTSBURGH PA 15219,15219
2131 FORBES AVE PITTSBURGH PA 15219,15219
2125 FORBES AVE PITTSBURGH PA 15219,15219
2123 FORBES AVE PITTSBURGH PA 15219,15219
2219 -2121 FORBES AVE PITTSBURGH PA 15219,15219
3117 ELLERS ST PITTSBURGH PA 15213,15213
20 ELLERS ST PITTSBURGH PA 15213,15213
3111 ELLERS ST PITTSBURGH PA 15213,15213
3447 WARD ST PITTSBURGH PA 15213,15213
3443 WARD ST PITTSBURGH PA 15213,15213
3441 WARD ST PITTSBURGH PA 15213,15213
423 MCKEE PL PITTSBURGH PA 15213,15213
421 MCKEE PL PITTSBURGH PA 15213,15213
419 MCKEE PL PITTSBURGH PA 15213,15213
415 MCKEE PL PITTSBURGH PA 15213,15213
314 OPHELIA ST PITTSBURGH PA 15213,15213
312 OPHELIA ST PITTSBURGH PA 15213,15213
310 OPHELIA ST PITTSBURGH PA 15213,15213
308 OPHELIA ST PITTSBURGH PA 15213,15213
201 N BELLEFIELD AVE PITTSBURGH PA 15213,15213
4101 BIGELOW BLVD PITTSBURGH PA 15213,15213
4411 BAYARD ST PITTSBURGH PA 15213,15213
250 N BELLEFIELD AVE PITTSBURGH PA 15213,15213
250 N BELLEFIELD AVE PITTSBURGH PA 15213,15213
250 N BELLEFIELD AVE PITTSBURGH PA 15213,15213
250 N BELLEFIELD AVE PITTSBURGH PA 15213,15213
250 N BELLEFIELD AVE PITTSBURGH PA 15213,15213
250 N BELLEFIELD AVE PITTSBURGH PA 15213,15213
250 N BELLEFIELD AVE PITTSBURGH PA 15213,15213
0 5TH AVE PITTSBURGH PA 15213,15213
0 5TH AVE PITTSBURGH PA 15213,15213
0 5TH AVE PITTSBURGH PA 15213,15213
0 5TH AVE PITTSBURGH PA 15213,15213
146 N BELLEFIELD AVE UNIT 202 PITTSBURGH PA 15213,15213
146 N BELLEFIELD AVE UNIT 203 PITTSBURGH PA 15213,15213
146 N BELLEFIELD AVE UNIT 204 PITTSBURGH PA 15213,15213
146 N BELLEFIELD AVE UNIT 303 PITTSBURGH PA 15213,15213
0 BEELEN ST PITTSBURGH PA 15213,15213
0 BEELEN ST PITTSBURGH PA 15213,15213
0 BEELEN ST PITTSBURGH PA 15213,15213
0 BEELEN ST PITTSBURGH PA 15213,15213
0 BEELEN ST PITTSBURGH PA 15213,15213
0 BEELEN ST PITTSBURGH PA 15213,15213
0 BEELEN ST PITTSBURGH PA 15213,15213
0 MOHAWK ST PITTSBURGH PA 15213,15213
0 MOHAWK ST PITTSBURGH PA 15213,15213
16 ELLERS ST PITTSBURGH PA 15213,15213
2500 ALLEQUIPPA ST PITTSBURGH PA 15213,15213
2510 ALLEQUIPPA ST PITTSBURGH PA 15213,15213
2512 ALLEQUIPPA ST PITTSBURGH PA 15213,15213
2514 ALLEQUIPPA ST PITTSBURGH PA 15213,15213
3134 TERRACE ST PITTSBURGH PA 15213,15213
3132 TERRACE ST PITTSBURGH PA 15213,15213
3124 TERRACE ST PITTSBURGH PA 15213,15213
3110 -3112 TERRACE ST PITTSBURGH PA 15213,15213
3108 TERRACE ST PITTSBURGH PA 15213,15213
3104 TERRACE ST PITTSBURGH PA 15213,15213
0 TERRACE ST PITTSBURGH PA 15213,15213
0 ROBINSON ST PITTSBURGH PA 15213,15213
2600 5TH AVE PITTSBURGH PA 15213,15213
2600 5TH AVE PITTSBURGH PA 15213,15213
2600 5TH AVE PITTSBURGH PA 15213,15213
2600 5TH AVE PITTSBURGH PA 15213,15213
2600 5TH AVE PITTSBURGH PA 15213,15213
2600 5TH AVE PITTSBURGH PA 15213,15213
2600 5TH AVE PITTSBURGH PA 15213,15213
2600 5TH AVE PITTSBURGH PA 15213,15213
2600 5TH AVE PITTSBURGH PA 15213,15213
2600 5TH AVE PITTSBURGH PA 15213,15213
2600 5TH AVE PITTSBURGH PA 15213,15213
411 MCKEE PL PITTSBURGH PA 15213,15213
3464 SAINT JAMES PL PITTSBURGH PA 15213,15213
0 5TH AVE PITTSBURGH PA 15213,15213
0 5TH AVE PITTSBURGH PA 15213,15213
0 5TH AVE PITTSBURGH PA 15213,15213
2327 5TH AVE PITTSBURGH PA 15213,15213
2327 5TH AVE PITTSBURGH PA 15213,15213
2325 5TH AVE PITTSBURGH PA 15213,15213
0 MOULTRIE ST PITTSBURGH PA 15219,15219
0 MOULTRIE ST PITTSBURGH PA 15219,15219
136 MOULTRIE ST PITTSBURGH PA 15219,15219
134 MOULTRIE ST PITTSBURGH PA 15219,15219
132 MOULTRIE ST PITTSBURGH PA 15219,15219
0 MOULTRIE ST PITTSBURGH PA 15219,15219
0 MOULTRIE ST PITTSBURGH PA 15219,15219
0 MOHAWK ST PITTSBURGH PA 15213,15213
0 MOHAWK ST PITTSBURGH PA 15213,15213
0 SOHO ST PITTSBURGH PA 15219,15219
0 SOHO ST PITTSBURGH PA 15219,15219
0 SOHO ST PITTSBURGH PA 15219,15219
0 KIRKPATRICK ST PITTSBURGH PA 15219,15219
0 KIRKPATRICK ST PITTSBURGH PA 15219,15219
0 KIRKPATRICK ST PITTSBURGH PA 15219,15219
6 ALLEQUIPPA ST PITTSBURGH PA 15213,15213
0 ALLEQUIPPA ST PITTSBURGH PA 15213,15213
0 ALLEQUIPPA ST PITTSBURGH PA 15213,15213
0 ALLEQUIPPA ST PITTSBURGH PA 15213,15213
4610 CENTRE AVE PITTSBURGH PA 15213,15213
256 N CRAIG ST PITTSBURGH PA 15213,15213
0 TERRACE ST PITTSBURGH PA 15213,15213
0 BURROWS ST PITTSBURGH PA 15213,15213
3410 LOUISA ST PITTSBURGH PA 15213,15213
3418 LOUISA ST PITTSBURGH PA 15213,15213
3419 LOUISA ST PITTSBURGH PA 15213,15213
3417 LOUISA ST PITTSBURGH PA 15213,15213
3415 LOUISA ST PITTSBURGH PA 15213,15213
255 HALKET PL PITTSBURGH PA 15213,15213
253 HALKET PL PITTSBURGH PA 15213,15213
243 -251 HALKET PL PITTSBURGH PA 15213,15213
3442 DAWSON ST PITTSBURGH PA 15213,15213
3444 DAWSON ST PITTSBURGH PA 15213,15213
3455 -3459 PARKVIEW AVE PITTSBURGH PA 15213,15213
0 5TH AVE PITTSBURGH PA 15213,15213
0 5TH AVE PITTSBURGH PA 15213,15213
0 SHALOM ST PITTSBURGH PA 15213,15213
0 SHALOM ST PITTSBURGH PA 15213,15213
0 MAURICE ST PITTSBURGH PA 15213,15213
3217 5TH AVE PITTSBURGH PA 15213,15213
3221 5TH AVE PITTSBURGH PA 15213,15213
3333 5TH AVE PITTSBURGH PA 15213,15213
3460 BATES ST PITTSBURGH PA 15213,15213
3456 BATES ST PITTSBURGH PA 15213,15213
3454 BATES ST PITTSBURGH PA 15213,15213
406 MCKEE PL PITTSBURGH PA 15213,15213
408 MCKEE PL PITTSBURGH PA 15213,15213
0 MOULTRIE ST PITTSBURGH PA 15219,15219
0 MOULTRIE ST PITTSBURGH PA 15219,15219
120 MOULTRIE ST PITTSBURGH PA 15219,15219
0 BRADY ST PITTSBURGH PA 15219,15219
0 2ND AVE PITTSBURGH PA 15219,15219
0 2ND AVE PITTSBURGH PA 15219,15219
2400 2ND AVE PITTSBURGH PA 15219,15219
0 FORBES AVE PITTSBURGH PA 15213,15213
0 FORBES AVE PITTSBURGH PA 15213,15213
0 FORBES AVE PITTSBURGH PA 15213,15213
0 FORBES AVE PITTSBURGH PA 15213,15213
0 FORBES AVE PITTSBURGH PA 15213,15213
0 FORBES AVE PITTSBURGH PA 15213,15213
2610 FORBES AVE PITTSBURGH PA 15213,15213
230 N CRAIG ST PITTSBURGH PA 15213,15213
222 N CRAIG ST PITTSBURGH PA 15213,15213
214 -216 N CRAIG ST PITTSBURGH PA 15213,15213
218 N CRAIG ST PITTSBURGH PA 15213,15213
225 MELWOOD AVE PITTSBURGH PA 15213,15213
257 MELWOOD AVE PITTSBURGH PA 15213,15213
259 MELWOOD AVE PITTSBURGH PA 15213,15213
4632 CENTRE AVE PITTSBURGH PA 15213,15213
220 N BELLEFIELD AVE UNIT 303 PITTSBURGH PA 15213,15213
220 N BELLEFIELD AVE UNIT 304 PITTSBURGH PA 15213,15213
220 N BELLEFIELD AVE UNIT 402 PITTSBURGH PA 15213,15213
220 N BELLEFIELD AVE UNIT 403 PITTSBURGH PA 15213,15213
3600 DAWSON ST PITTSBURGH PA 15213,15213
3602 DAWSON ST PITTSBURGH PA 15213,15213
3608 DAWSON ST PITTSBURGH PA 15213,15213
3610 DAWSON ST PITTSBURGH PA 15213,15213
3612 DAWSON ST PITTSBURGH PA 15213,15213
331 HALKET ST PITTSBURGH PA 15213,15213
0 HALKET ST PITTSBURGH PA 15213,15213
3401 BLVD OF THE ALLIES PITTSBURGH PA 15213,15213
3336 NIAGARA ST PITTSBURGH PA 15213,15213
3334 NIAGARA ST PITTSBURGH PA 15213,15213
3331 NIAGARA ST PITTSBURGH PA 15213,15213
300 HALKET ST PITTSBURGH PA 15213,15213
300 HALKET ST PITTSBURGH PA 15213,15213
3333 FORBES AVE PITTSBURGH PA 15213,15213
3333 FORBES AVE PITTSBURGH PA 15213,15213
3333 FORBES AVE PITTSBURGH PA 15213,15213
3335 FORBES AVE PITTSBURGH PA 15213,15213
3301 FORBES AVE PITTSBURGH PA 15213,15213
3341 FORBES AVE PITTSBURGH PA 15213,15213
47 ZULEMA ST PITTSBURGH PA 15213,15213
513 -517 ZULEMA ST PITTSBURGH PA 15213,15213
3430 -3452 BATES ST PITTSBURGH PA 15213,15213
33 WELSFORD ST PITTSBURGH PA 15213,15213
34 WELSFORD ST PITTSBURGH PA 15213,15213
36 WELSFORD ST PITTSBURGH PA 15213,15213
0 WARD ST PITTSBURGH PA 15213,15213
3431 WARD ST PITTSBURGH PA 15213,15213
146 N BELLEFIELD AVE UNIT 401 PITTSBURGH PA 15213,15213
146 N BELLEFIELD AVE UNIT 403 PITTSBURGH PA 15213,15213
146 N BELLEFIELD AVE UNIT 404 PITTSBURGH PA 15213,15213
146 N BELLEFIELD AVE UNIT 503 PITTSBURGH PA 15213,15213
146 N BELLEFIELD AVE UNIT 504 PITTSBURGH PA 15213,15213
146 N BELLEFIELD AVE UNIT 601 PITTSBURGH PA 15213,15213
2323 5TH AVE PITTSBURGH PA 15213,15213
2321 5TH AVE PITTSBURGH PA 15213,15213
2319 5TH AVE PITTSBURGH PA 15213,15213
2317 5TH AVE PITTSBURGH PA 15213,15213
0 5TH AVE PITTSBURGH PA 15213,15213
220 N BELLEFIELD AVE UNIT 501 PITTSBURGH PA 15213,15213
220 N BELLEFIELD AVE UNIT 601 PITTSBURGH PA 15213,15213
220 N BELLEFIELD AVE UNIT 603 PITTSBURGH PA 15213,15213
220 N BELLEFIELD AVE UNIT 604 PITTSBURGH PA 15213,15213
0 DIAZ WAY PITTSBURGH PA 15219,15219
1907 COLWELL ST PITTSBURGH PA 15219,15219
0 COLWELL ST PITTSBURGH PA 15219,15219
0 COLWELL ST PITTSBURGH PA 15219,15219
0 COLWELL ST PITTSBURGH PA 15219,15219
0 COLWELL ST PITTSBURGH PA 15219,15219
0 COLWELL ST PITTSBURGH PA 15219,15219
1945 5TH AVE PITTSBURGH PA 15219,15219
1929 -1937 5TH AVE PITTSBURGH PA 15219,15219
3426 BATES ST PITTSBURGH PA 15213,15213
3424 BATES ST PITTSBURGH PA 15213,15213
3422 BATES ST PITTSBURGH PA 15213,15213
10 -12 S BOUQUET CT PITTSBURGH PA 15213,15213
0 BOUNDARY ST PITTSBURGH PA 15213,15213
14 -16 S BOUQUET CT PITTSBURGH PA 15213,15213
18 -20 S BOUQUET CT PITTSBURGH PA 15213,15213
393 -395 S BOUQUET ST PITTSBURGH PA 15213,15213
389 -391 S BOUQUET ST PITTSBURGH PA 15213,15213
379 S BOUQUET ST PITTSBURGH PA 15213,15213
377 S BOUQUET ST PITTSBURGH PA 15213,15213
375 S BOUQUET ST PITTSBURGH PA 15213,15213
11 MELBA PL PITTSBURGH PA 15213,15213
3462 SAINT JAMES PL PITTSBURGH PA 15213,15213
405 -409 MCKEE PL PITTSBURGH PA 15213,15213
3468 -3470 BATES ST PITTSBURGH PA 15213,15213
3466 BATES ST PITTSBURGH PA 15213,15213
3464 BATES ST PITTSBURGH PA 15213,15213
23 OAKLAND SQ PITTSBURGH PA 15213,15213
0 BOUNDARY ST PITTSBURGH PA 15213,15213
0 JUNO ST PITTSBURGH PA 15213,15213
0 BOUNDARY ST PITTSBURGH PA 15213,15213
26 OAKLAND SQ PITTSBURGH PA 15213,15213
24 OAKLAND SQ PITTSBURGH PA 15213,15213
22 OAKLAND SQ PITTSBURGH PA 15213,15213
0 5TH AVE PITTSBURGH PA 15213,15213
0 5TH AVE PITTSBURGH PA 15213,15213
0 5TH AVE PITTSBURGH PA 15213,15213
102 KIRKPATRICK ST PITTSBURGH PA 15219,15219
102 KIRKPATRICK ST PITTSBURGH PA 15219,15219
2314 -2316 BEELEN ST PITTSBURGH PA 15213,15213
116 MOULTRIE ST PITTSBURGH PA 15219,15219
2205 5TH AVE PITTSBURGH PA 15219,15219
2205 5TH AVE PITTSBURGH PA 15219,15219
2205 5TH AVE PITTSBURGH PA 15219,15219
2205 5TH AVE PITTSBURGH PA 15219,15219
2211 -2231 5TH AVE PITTSBURGH PA 15219,15219
2211 -2231 5TH AVE PITTSBURGH PA 15219,15219
0 WHITRIDGE ST PITTSBURGH PA 15213,15213
12 ALLEQUIPPA ST PITTSBURGH PA 15213,15213
0 ALLEQUIPPA ST PITTSBURGH PA 15213,15213
18 ALLEQUIPPA ST PITTSBURGH PA 15213,15213
0 ALLEQUIPPA ST PITTSBURGH PA 15213,15213
0 ALLEQUIPPA ST PITTSBURGH PA 15213,15213
3 BEELEN ST PITTSBURGH PA 15213,15213
3 BEELEN ST PITTSBURGH PA 15213,15213
3 BEELEN ST PITTSBURGH PA 15213,15213
5 -7 BEELEN ST PITTSBURGH PA 15213,15213
2315 MOHAWK ST PITTSBURGH PA 15213,15213
4638 CENTRE AVE PITTSBURGH PA 15213,15213
264 MELWOOD AVE PITTSBURGH PA 15213,15213
4638 CENTRE AVE PITTSBURGH PA 15213,15213
408 -410 ATWOOD ST PITTSBURGH PA 15213,15213
404 ATWOOD ST PITTSBURGH PA 15213,15213
402 ATWOOD ST PITTSBURGH PA 15213,15213
3624 BATES ST PITTSBURGH PA 15213,15213
3620 BATES ST PITTSBURGH PA 15213,15213
3618 BATES ST PITTSBURGH PA 15213,15213
3614 BATES ST PITTSBURGH PA 15213,15213
3612 BATES ST PITTSBURGH PA 15213,15213
3 OAKLAND SQ PITTSBURGH PA 15213,15213
5 OAKLAND SQ PITTSBURGH PA 15213,15213
9 OAKLAND SQ PITTSBURGH PA 15213,15213
11 OAKLAND SQ PITTSBURGH PA 15213,15213
519 ZULEMA ST PITTSBURGH PA 15213,15213
420 MCKEE PL PITTSBURGH PA 15213,15213
48 ZULEMA ST PITTSBURGH PA 15213,15213
228 OPHELIA ST PITTSBURGH PA 15213,15213
226 OPHELIA ST PITTSBURGH PA 15213,15213
224 OPHELIA ST PITTSBURGH PA 15213,15213
220 OPHELIA ST PITTSBURGH PA 15213,15213
214 OPHELIA ST PITTSBURGH PA 15213,15213
212 OPHELIA ST PITTSBURGH PA 15213,15213
210 OPHELIA ST PITTSBURGH PA 15213,15213
206 OPHELIA ST PITTSBURGH PA 15213,15213
337 MCKEE PL PITTSBURGH PA 15213,15213
113 KIRKPATRICK ST PITTSBURGH PA 15219,15219
115 KIRKPATRICK ST PITTSBURGH PA 15219,15219
0 FORBES AVE PITTSBURGH PA 15213,15213
0 FORBES AVE PITTSBURGH PA 15213,15213
0 FORBES AVE PITTSBURGH PA 15213,15213
0 FORBES AVE PITTSBURGH PA 15213,15213
0 2ND AVE PITTSBURGH PA 15219,15219
1000 TECHNOLOGY DR PITTSBURGH PA 15219,15219
0 TECHNOLOGY DR PITTSBURGH PA 15219,15219
0 TECHNOLOGY DR PITTSBURGH PA 15219,15219
2000 TECHNOLOGY DR PITTSBURGH PA 15219,15219
220 N BELLEFIELD AVE UNIT 1003 PITTSBURGH PA 15213,15213
220 N BELLEFIELD AVE UNIT 1004 PITTSBURGH PA 15213,15213
4638 CENTRE AVE PITTSBURGH PA 15213,15213
254 MELWOOD AVE PITTSBURGH PA 15213,15213
240 MELWOOD AVE PITTSBURGH PA 15213,15213
234 MELWOOD AVE PITTSBURGH PA 15213,15213
222 MELWOOD AVE PITTSBURGH PA 15213,15213
216 MELWOOD AVE PITTSBURGH PA 15213,15213
280 BURROWS ST PITTSBURGH PA 15213,15213
161 -167 BURROWS ST PITTSBURGH PA 15213,15213
112 BURROWS ST PITTSBURGH PA 15213,15213
114 BURROWS ST PITTSBURGH PA 15213,15213
116 BURROWS ST PITTSBURGH PA 15213,15213
118 BURROWS ST PITTSBURGH PA 15213,15213
120 BURROWS ST PITTSBURGH PA 15213,15213
13 OAKLAND SQ PITTSBURGH PA 15213,15213
3619 PARKVIEW AVE PITTSBURGH PA 15213,15213
3617 PARKVIEW AVE PITTSBURGH PA 15213,15213
354 COLTART AVE PITTSBURGH PA 15213,15213
350 COLTART AVE PITTSBURGH PA 15213,15213
348 COLTART AVE PITTSBURGH PA 15213,15213
346 COLTART AVE PITTSBURGH PA 15213,15213
344 COLTART AVE PITTSBURGH PA 15213,15213
342 COLTART AVE PITTSBURGH PA 15213,15213
340 COLTART AVE PITTSBURGH PA 15213,15213
336 COLTART AVE PITTSBURGH PA 15213,15213
202 OPHELIA ST PITTSBURGH PA 15213,15213
200 OPHELIA ST PITTSBURGH PA 15213,15213
0 OPHELIA ST PITTSBURGH PA 15213,15213
21 LAWN ST PITTSBURGH PA 15213,15213
29 LAWN ST PITTSBURGH PA 15213,15213
31 -33 LAWN ST PITTSBURGH PA 15213,15213
35 LAWN ST PITTSBURGH PA 15213,15213
39 LAWN ST PITTSBURGH PA 15213,15213
37 LAWN ST PITTSBURGH PA 15213,15213
43 LAWN ST PITTSBURGH PA 15213,15213
350 1/2 SEMPLE ST PITTSBURGH PA 15213,15213
352 SEMPLE ST PITTSBURGH PA 15213,15213
220 N BELLEFIELD AVE UNIT 1102 PITTSBURGH PA 15213,15213
220 N BELLEFIELD AVE UNIT 1201 PITTSBURGH PA 15213,15213
220 N BELLEFIELD AVE UNIT 1202 PITTSBURGH PA 15213,15213
200 N BELLEFIELD AVE PITTSBURGH PA 15213,15213
161 N DITHRIDGE ST PITTSBURGH PA 15213,15213
2312 BEELEN ST PITTSBURGH PA 15213,15213
0 BEELEN ST PITTSBURGH PA 15213,15213
112 KIRKPATRICK ST PITTSBURGH PA 15219,15219
110 KIRKPATRICK ST PITTSBURGH PA 15219,15219
0 KIRKPATRICK ST PITTSBURGH PA 15219,15219
111 KIRKPATRICK ST PITTSBURGH PA 15219,15219
2211 -2231 5TH AVE PITTSBURGH PA 15219,15219
0 WHITRIDGE ST PITTSBURGH PA 15213,15213
0 WHITRIDGE ST PITTSBURGH PA 15213,15213
0 WHITRIDGE ST PITTSBURGH PA 15213,15213
3108 ELLERS ST PITTSBURGH PA 15213,15213
0 ELLERS ST PITTSBURGH PA 15213,15213
3114 ELLERS ST PITTSBURGH PA 15213,15213
0 TERRACE ST PITTSBURGH PA 15213,15213
0 ELLERS ST PITTSBURGH PA 15213,15213
3126 ELLERS ST PITTSBURGH PA 15213,15213
3132 ELLERS ST PITTSBURGH PA 15213,15213
3124 ELLERS ST PITTSBURGH PA 15213,15213
0 MOHAWK ST PITTSBURGH PA 15213,15213
0 MOHAWK ST PITTSBURGH PA 15213,15213
371 S BOUQUET ST PITTSBURGH PA 15213,15213
369 S BOUQUET ST PITTSBURGH PA 15213,15213
367 S BOUQUET ST PITTSBURGH PA 15213,15213
347 S BOUQUET ST PITTSBURGH PA 15213,15213
347 S BOUQUET ST PITTSBURGH PA 15213,15213
343 S BOUQUET ST PITTSBURGH PA 15213,15213
339 S BOUQUET ST PITTSBURGH PA 15213,15213
337 S BOUQUET ST PITTSBURGH PA 15213,15213
335 S BOUQUET ST PITTSBURGH PA 15213,15213
3608 BATES ST PITTSBURGH PA 15213,15213
3606 BATES ST PITTSBURGH PA 15213,15213
3602 BATES ST PITTSBURGH PA 15213,15213
20 OAKLAND SQ PITTSBURGH PA 15213,15213
18 OAKLAND SQ PITTSBURGH PA 15213,15213
369 -371 MCKEE PL PITTSBURGH PA 15213,15213
365 -367 MCKEE PL PITTSBURGH PA 15213,15213
361 MCKEE PL PITTSBURGH PA 15213,15213
359 MCKEE PL PITTSBURGH PA 15213,15213
353 MCKEE PL PITTSBURGH PA 15213,15213
351 MCKEE PL PITTSBURGH PA 15213,15213
351 1/2 MCKEE PL PITTSBURGH PA 15213,15213
343 MCKEE PL PITTSBURGH PA 15213,15213
0 5TH AVE PITTSBURGH PA 15213,15213
0 5TH AVE PITTSBURGH PA 15213,15213
0 5TH AVE PITTSBURGH PA 15213,15213
2211 -2231 5TH AVE PITTSBURGH PA 15219,15219
2211 -2231 5TH AVE PITTSBURGH PA 15219,15219
2211 -2231 5TH AVE PITTSBURGH PA 15219,15219
2410 5TH AVE PITTSBURGH PA 15213,15213
0 KIRKPATRICK ST PITTSBURGH PA 15219,15219
0 KIRKPATRICK ST PITTSBURGH PA 15219,15219
0 KIRKPATRICK ST PITTSBURGH PA 15219,15219
0 SOHO ST PITTSBURGH PA 15219,15219
0 SOHO ST PITTSBURGH PA 15219,15219
2211 -2231 5TH AVE PITTSBURGH PA 15219,15219
2211 -2231 5TH AVE PITTSBURGH PA 15219,15219
0 ORR ST PITTSBURGH PA 15219,15219
0 ORR ST PITTSBURGH PA 15219,15219
0 ORR ST PITTSBURGH PA 15219,15219
214 WHITRIDGE ST PITTSBURGH PA 15213,15213
0 WHITRIDGE ST PITTSBURGH PA 15213,15213
0 WHITRIDGE ST PITTSBURGH PA 15213,15213
3101 TERRACE ST PITTSBURGH PA 15213,15213
3105 TERRACE ST PITTSBURGH PA 15213,15213
3107 TERRACE ST PITTSBURGH PA 15213,15213
3109 TERRACE ST PITTSBURGH PA 15213,15213
326 N NEVILLE ST PITTSBURGH PA 15213,15213
320 N NEVILLE ST PITTSBURGH PA 15213,15213
314 N NEVILLE ST PITTSBURGH PA 15213,15213
308 N NEVILLE ST PITTSBURGH PA 15213,15213
4638 CENTRE AVE PITTSBURGH PA 15213,15213
4208 CENTRE AVE PITTSBURGH PA 15213,15213
3600 BATES ST PITTSBURGH PA 15213,15213
403 -407 SEMPLE ST PITTSBURGH PA 15213,15213
2 -12 MELBA PL PITTSBURGH PA 15213,15213
14 MELBA PL PITTSBURGH PA 15213,15213
16 MELBA PL PITTSBURGH PA 15213,15213
18 MELBA PL PITTSBURGH PA 15213,15213
3615 PARKVIEW AVE PITTSBURGH PA 15213,15213
3613 PARKVIEW AVE PITTSBURGH PA 15213,15213
3611 PARKVIEW AVE PITTSBURGH PA 15213,15213
3609 PARKVIEW AVE PITTSBURGH PA 15213,15213
3607 PARKVIEW AVE PITTSBURGH PA 15213,15213
3605 PARKVIEW AVE PITTSBURGH PA 15213,15213
331 MCKEE PL PITTSBURGH PA 15213,15213
329 MCKEE PL PITTSBURGH PA 15213,15213
327 MCKEE PL PITTSBURGH PA 15213,15213
325 MCKEE PL PITTSBURGH PA 15213,15213
323 MCKEE PL PITTSBURGH PA 15213,15213
324 SEMPLE ST PITTSBURGH PA 15213,15213
326 SEMPLE ST PITTSBURGH PA 15213,15213
3333 5TH AVE PITTSBURGH PA 15213,15213
3333 5TH AVE PITTSBURGH PA 15213,15213
3333 5TH AVE PITTSBURGH PA 15213,15213
3333 5TH AVE PITTSBURGH PA 15213,15213
3333 5TH AVE PITTSBURGH PA 15213,15213
3333 5TH AVE PITTSBURGH PA 15213,15213
0 ORR ST PITTSBURGH PA 15219,15219
0 CORNET ST PITTSBURGH PA 15213,15213
3000 TECHNOLOGY DR PITTSBURGH PA 15219,15219
0 CORNET ST PITTSBURGH PA 15213,15213
0 CORNET ST PITTSBURGH PA 15213,15213
0 CORNET ST PITTSBURGH PA 15213,15213
0 CORNET ST PITTSBURGH PA 15213,15213
0 MAURICE ST PITTSBURGH PA 15213,15213
0 MAURICE ST PITTSBURGH PA 15213,15213
220 N BELLEFIELD AVE UNIT 504 PITTSBURGH PA 15213,15213
286 N BELLEFIELD AVE PITTSBURGH PA 15213,15213
282 N BELLEFIELD AVE PITTSBURGH PA 15213,15213
220 N BELLEFIELD AVE UNIT 503 PITTSBURGH PA 15213,15213
4210 CENTRE AVE PITTSBURGH PA 15213,15213
4212 CENTRE AVE PITTSBURGH PA 15213,15213
4216 CENTRE AVE PITTSBURGH PA 15213,15213
4218 CENTRE AVE PITTSBURGH PA 15213,15213
126 BURROWS ST PITTSBURGH PA 15213,15213
0 BURROWS ST PITTSBURGH PA 15213,15213
132 BURROWS ST PITTSBURGH PA 15213,15213
134 BURROWS ST PITTSBURGH PA 15213,15213
136 BURROWS ST PITTSBURGH PA 15213,15213
138 BURROWS ST PITTSBURGH PA 15213,15213
2100 5TH AVE PITTSBURGH PA 15219,15219
0 5TH AVE PITTSBURGH PA 15219,15219
0 5TH AVE PITTSBURGH PA 15219,15219
335 COLTART AVE PITTSBURGH PA 15213,15213
323 COLTART AVE PITTSBURGH PA 15213,15213
321 COLTART AVE PITTSBURGH PA 15213,15213
337 COLTART AVE PITTSBURGH PA 15213,15213
339 COLTART AVE PITTSBURGH PA 15213,15213
341 COLTART AVE PITTSBURGH PA 15213,15213
343 COLTART AVE PITTSBURGH PA 15213,15213
345 COLTART AVE PITTSBURGH PA 15213,15213
353 COLTART AVE PITTSBURGH PA 15213,15213
336 JONCAIRE ST PITTSBURGH PA 15213,15213
374 JONCAIRE ST PITTSBURGH PA 15213,15213
373 YARROW WAY PITTSBURGH PA 15213,15213
304 OPHELIA ST PITTSBURGH PA 15213,15213
300 OPHELIA ST PITTSBURGH PA 15213,15213
3109 HAMLET ST PITTSBURGH PA 15213,15213
3109 HAMLET ST PITTSBURGH PA 15213,15213
316 MCKEE PL PITTSBURGH PA 15213,15213
320 MCKEE PL PITTSBURGH PA 15213,15213
322 MCKEE PL PITTSBURGH PA 15213,15213
324 MCKEE PL PITTSBURGH PA 15213,15213
330 MCKEE PL PITTSBURGH PA 15213,15213
358 MCKEE PL PITTSBURGH PA 15213,15213
360 MCKEE PL PITTSBURGH PA 15213,15213
362 MCKEE PL PITTSBURGH PA 15213,15213
377 MCKEE PL PITTSBURGH PA 15213,15213
220 N BELLEFIELD AVE UNIT 1002 PITTSBURGH PA 15213,15213
220 N BELLEFIELD AVE UNIT 201 PITTSBURGH PA 15213,15213
220 N BELLEFIELD AVE UNIT 203 PITTSBURGH PA 15213,15213
220 N BELLEFIELD AVE UNIT 204 PITTSBURGH PA 15213,15213
220 N BELLEFIELD AVE UNIT 301 PITTSBURGH PA 15213,15213
220 N BELLEFIELD AVE UNIT 302 PITTSBURGH PA 15213,15213
0 BLVD OF THE ALLIES PITTSBURGH PA 15213,15213
2400 5TH AVE PITTSBURGH PA 15213,15213
2358 5TH AVE PITTSBURGH PA 15213,15213
2340 5TH AVE PITTSBURGH PA 15213,15213
2332 5TH AVE PITTSBURGH PA 15213,15213
0 5TH AVE PITTSBURGH PA 15213,15213
0 5TH AVE PITTSBURGH PA 15213,15213
0 OLD KIRKPATRICK ST PITTSBURGH PA 15219,15219
0 OLD KIRKPATRICK ST PITTSBURGH PA 15219,15219
0 OLD KIRKPATRICK ST PITTSBURGH PA 15219,15219
0 OLD KIRKPATRICK ST PITTSBURGH PA 15219,15219
116 OLD KIRKPATRICK ST PITTSBURGH PA 15219,15219
120 OLD KIRKPATRICK ST PITTSBURGH PA 15219,15219
0 OLD KIRKPATRICK ST PITTSBURGH PA 15219,15219
126 OLD KIRKPATRICK ST PITTSBURGH PA 15219,15219
128 OLD KIRKPATRICK ST PITTSBURGH PA 15219,15219
0 BEELEN ST PITTSBURGH PA 15213,15213
0 BEELEN ST PITTSBURGH PA 15213,15213
0 BEELEN ST PITTSBURGH PA 15213,15213
0 5TH AVE PITTSBURGH PA 15213,15213
0 5TH AVE PITTSBURGH PA 15213,15213
0 5TH AVE PITTSBURGH PA 15213,15213
371 YARROW WAY PITTSBURGH PA 15213,15213
380 -386 JONCAIRE ST PITTSBURGH PA 15213,15213
418 YARROW WAY PITTSBURGH PA 15213,15213
524 BOUNDARY ST PITTSBURGH PA 15213,15213
8 ISIS WAY PITTSBURGH PA 15213,15213
3 JONCAIRE ST PITTSBURGH PA 15213,15213
1 BOUNDARY ST PITTSBURGH PA 15213,15213
3507 CABLE PL PITTSBURGH PA 15213,15213
431 SEMPLE ST PITTSBURGH PA 15213,15213
429 SEMPLE ST PITTSBURGH PA 15213,15213
0 SEMPLE ST PITTSBURGH PA 15213,15213
421 -423 SEMPLE ST PITTSBURGH PA 15213,15213
419 SEMPLE ST PITTSBURGH PA 15213,15213
0 5TH AVE PITTSBURGH PA 15213,15213
0 5TH AVE PITTSBURGH PA 15213,15213
0 5TH AVE PITTSBURGH PA 15213,15213
0 5TH AVE PITTSBURGH PA 15213,15213
220 N BELLEFIELD AVE UNIT 702 PITTSBURGH PA 15213,15213
220 N BELLEFIELD AVE UNIT 704 PITTSBURGH PA 15213,15213
220 N BELLEFIELD AVE UNIT 802 PITTSBURGH PA 15213,15213
220 N BELLEFIELD AVE UNIT 804 PITTSBURGH PA 15213,15213
220 N BELLEFIELD AVE UNIT 902 PITTSBURGH PA 15213,15213
220 N BELLEFIELD AVE UNIT 904 PITTSBURGH PA 15213,15213
220 N BELLEFIELD AVE UNIT 1001 PITTSBURGH PA 15213,15213
0 TUSTIN ST PITTSBURGH PA 15219,15219
0 FORBES AVE PITTSBURGH PA 15213,15213
15 MOUTRIE ST PITTSBURGH PA 15219,15219
0 FORBES AVE PITTSBURGH PA 15219,15219
2200 FORBES AVE PITTSBURGH PA 15219,15219
0 ORR ST PITTSBURGH PA 15219,15219
0 ORR ST PITTSBURGH PA 15219,15219
0 GAZZAM ST PITTSBURGH PA 15213,15213
0 GAZZAM ST PITTSBURGH PA 15213,15213
0 GAZZAM ST PITTSBURGH PA 15213,15213
0 GAZZAM ST PITTSBURGH PA 15213,15213
0 GAZZAM ST PITTSBURGH PA 15213,15213
0 GAZZAM ST PITTSBURGH PA 15213,15213
0 GAZZAM ST PITTSBURGH PA 15213,15213
0 GAZZAM ST PITTSBURGH PA 15213,15213
0 BEELEN ST PITTSBURGH PA 15213,15213
0 5TH AVE PITTSBURGH PA 15213,15213
0 BEELEN ST PITTSBURGH PA 15213,15213
0 BEELEN ST PITTSBURGH PA 15213,15213
0 BEELEN ST PITTSBURGH PA 15213,15213
0 BEELEN ST PITTSBURGH PA 15213,15213
4114 BIGELOW BLVD PITTSBURGH PA 15213,15213
4100 BIGELOW BLVD PITTSBURGH PA 15213,15213
4147 BIGELOW BLVD PITTSBURGH PA 15213,15213
4135 BIGELOW BLVD PITTSBURGH PA 15213,15213
4131 BIGELOW BLVD PITTSBURGH PA 15213,15213
4123 BIGELOW BLVD PITTSBURGH PA 15213,15213
4115 BIGELOW BLVD PITTSBURGH PA 15213,15213
417 SEMPLE ST PITTSBURGH PA 15213,15213
415 SEMPLE ST PITTSBURGH PA 15213,15213
3604 PARKVIEW AVE PITTSBURGH PA 15213,15213
3606 PARKVIEW AVE PITTSBURGH PA 15213,15213
3608 PARKVIEW AVE PITTSBURGH PA 15213,15213
3612 PARKVIEW AVE PITTSBURGH PA 15213,15213
3610 PARKVIEW AVE PITTSBURGH PA 15213,15213
17 OAKLAND SQ PITTSBURGH PA 15213,15213
21 OAKLAND SQ PITTSBURGH PA 15213,15213
357 COLTART AVE PITTSBURGH PA 15213,15213
363 COLTART AVE PITTSBURGH PA 15213,15213
2110 TUSTIN ST PITTSBURGH PA 15219,15219
0 BLVD OF THE ALLIES PITTSBURGH PA 15219,15219
2102 TUSTIN ST PITTSBURGH PA 15219,15219
0 TUSTIN ST PITTSBURGH PA 15219,15219
0 BLVD OF THE ALLIES PITTSBURGH PA 15219,15219
0 BLVD OF THE ALLIES PITTSBURGH PA 15219,15219
0 BRADY ST PITTSBURGH PA 15219,15219
0 MOHAWK ST PITTSBURGH PA 15213,15213
0 BEELEN ST PITTSBURGH PA 15213,15213
0 BEELEN ST PITTSBURGH PA 15213,15213
0 WYANDOTTE ST PITTSBURGH PA 15219,15219
0 OLD KIRKPATRICK ST PITTSBURGH PA 15219,15219
149 MOULTRIE ST PITTSBURGH PA 15219,15219
147 MOULTRIE ST PITTSBURGH PA 15219,15219
220 N DITHRIDGE ST UNIT 1204 PITTSBURGH PA 15213,15213
220 N DITHRIDGE ST UNIT 1205 PITTSBURGH PA 15213,15213
307 S DITHRIDGE ST UNIT 404 PITTSBURGH PA 15213,15213
307 S DITHRIDGE ST UNIT 405 PITTSBURGH PA 15213,15213
307 S DITHRIDGE ST UNIT 407 PITTSBURGH PA 15213,15213
307 S DITHRIDGE ST UNIT 408 PITTSBURGH PA 15213,15213
307 S DITHRIDGE ST UNIT 409 PITTSBURGH PA 15213,15213
307 S DITHRIDGE ST UNIT 410 PITTSBURGH PA 15213,15213
307 S DITHRIDGE ST UNIT 411 PITTSBURGH PA 15213,15213
307 S DITHRIDGE ST UNIT 412 PITTSBURGH PA 15213,15213
307 S DITHRIDGE ST UNIT 414 PITTSBURGH PA 15213,15213
4450 BAYARD ST PITTSBURGH PA 15213,15213
201 N DITHRIDGE ST PITTSBURGH PA 15213,15213
166 N DITHRIDGE ST UNIT 1-K PITTSBURGH PA 15213,15213
166 N DITHRIDGE ST UNIT 2-K PITTSBURGH PA 15213,15213
166 N DITHRIDGE ST UNIT 4-K PITTSBURGH PA 15213,15213
166 N DITHRIDGE ST UNIT 1-L PITTSBURGH PA 15213,15213
166 N DITHRIDGE ST UNIT 4-L PITTSBURGH PA 15213,15213
166 N DITHRIDGE ST UNIT 5-L PITTSBURGH PA 15213,15213
166 N DITHRIDGE ST UNIT 5K PITTSBURGH PA 15213,15213
307 S DITHRIDGE ST UNIT 912 PITTSBURGH PA 15213,15213
307 S DITHRIDGE ST UNIT 914 PITTSBURGH PA 15213,15213
0 S DITHRIDGE ST UNIT 211 PITTSBURGH PA 15213,15213
2517 SPRING WAY PITTSBURGH PA 15222,15222
2513 SPRING WAY PITTSBURGH PA 15222,15222
2510 PENN AVE PITTSBURGH PA 15222,15222
2514 PENN AVE PITTSBURGH PA 15222,15222
2508 PENN AVE PITTSBURGH PA 15222,15222
2504 PENN AVE PITTSBURGH PA 15222,15222
2504 PENN AVE PITTSBURGH PA 15222,15222
2428 PENN AVE PITTSBURGH PA 15222,15222
112 WASHINGTON PL PITTSBURGH PA 15219,15219
112 WASHINGTON PL PITTSBURGH PA 15219,15219
112 WASHINGTON PL UNIT 2B PITTSBURGH PA 15219,15219
112 WASHINGTON PL UNIT 2C PITTSBURGH PA 15219,15219
219 PARKMAN AVE PITTSBURGH PA 15260,15260
0 S BOUQUET ST PITTSBURGH PA 15213,15213
251 ROBINSON ST PITTSBURGH PA 15213,15213
255 ROBINSON ST PITTSBURGH PA 15213,15213
261 ROBINSON ST PITTSBURGH PA 15213,15213
263 ROBINSON ST PITTSBURGH PA 15213,15213
265 ROBINSON ST PITTSBURGH PA 15213,15213
267 ROBINSON ST PITTSBURGH PA 15213,15213
271 ROBINSON ST PITTSBURGH PA 15213,15213
273 ROBINSON ST PITTSBURGH PA 15213,15213
275 ROBINSON ST PITTSBURGH PA 15213,15213
3415 TERRACE ST PITTSBURGH PA 15213,15213
3415 TERRACE ST PITTSBURGH PA 15213,15213
3415 TERRACE ST PITTSBURGH PA 15213,15213
3415 TERRACE ST PITTSBURGH PA 15213,15213
3415 TERRACE ST PITTSBURGH PA 15213,15213
3415 TERRACE ST PITTSBURGH PA 15213,15213
3415 TERRACE ST PITTSBURGH PA 15213,15213
3415 TERRACE ST PITTSBURGH PA 15213,15213
3415 TERRACE ST PITTSBURGH PA 15213,15213
195 N CRAIG ST PITTSBURGH PA 15213,15213
201 N CRAIG ST PITTSBURGH PA 15213,15213
4601 BAYARD ST PITTSBURGH PA 15213,15213
4612 BAYARD ST PITTSBURGH PA 15213,15213
0 BAYARD ST PITTSBURGH PA 15213,15213
0 WINTHROP ST PITTSBURGH PA 15213,15213
307 S DITHRIDGE ST UNIT 812 PITTSBURGH PA 15213,15213
307 S DITHRIDGE ST UNIT 609 PITTSBURGH PA 15213,15213
0 ALLEQUIPPA ST PITTSBURGH PA 15213,15213
3700 OHARA ST PITTSBURGH PA 15261,15261
3719 TERRACE ST PITTSBURGH PA 15261,15261
3811 OHARA ST PITTSBURGH PA 15213,15213
144 N DITHRIDGE ST UNIT 616 PITTSBURGH PA 15213,15213
144 N DITHRIDGE ST UNIT 711 PITTSBURGH PA 15213,15213
144 N DITHRIDGE ST UNIT 714 PITTSBURGH PA 15213,15213
144 N DITHRIDGE ST UNIT 715 PITTSBURGH PA 15213,15213
144 N DITHRIDGE ST UNIT 811 PITTSBURGH PA 15213,15213
112 WASHINGTON PL UNIT 2D PITTSBURGH PA 15219,15219
112 WASHINGTON PL UNIT 2E PITTSBURGH PA 15219,15219
112 WASHINGTON PL UNIT 2F PITTSBURGH PA 15219,15219
112 WASHINGTON PL UNIT 2G PITTSBURGH PA 15219,15219
112 WASHINGTON PL UNIT 2H PITTSBURGH PA 15219,15219
0 COVINGTON ST PITTSBURGH PA 15219,15219
0 COLWELL ST PITTSBURGH PA 15219,15219
0 COVINGTON ST PITTSBURGH PA 15219,15219
0 COLWELL ST PITTSBURGH PA 15219,15219
251 MILLER ST PITTSBURGH PA 15219,15219
251 MILLER ST PITTSBURGH PA 15219,15219
251 MILLER ST PITTSBURGH PA 15219,15219
144 N DITHRIDGE ST UNIT 402 PITTSBURGH PA 15213,15213
144 N DITHRIDGE ST UNIT 403 PITTSBURGH PA 15213,15213
144 N DITHRIDGE ST UNIT 404 PITTSBURGH PA 15213,15213
144 N DITHRIDGE ST UNIT 405 PITTSBURGH PA 15213,15213
144 N DITHRIDGE ST UNIT 406 PITTSBURGH PA 15213,15213
144 N DITHRIDGE ST UNIT 407 PITTSBURGH PA 15213,15213
144 N DITHRIDGE ST UNIT 408 PITTSBURGH PA 15213,15213
220 N DITHRIDGE ST UNIT 506 PITTSBURGH PA 15213,15213
220 N DITHRIDGE ST UNIT 507 PITTSBURGH PA 15213,15213
220 N DITHRIDGE ST UNIT 600 PITTSBURGH PA 15213,15213
220 N DITHRIDGE ST UNIT 601 PITTSBURGH PA 15213,15213
4600 BAYARD ST PITTSBURGH PA 15213,15213
160 N CRAIG ST PITTSBURGH PA 15213,15213
0 PARKMAN AVE PITTSBURGH PA 15213,15213
0 S BOUQUET ST PITTSBURGH PA 15213,15213
210 N DITHRIDGE ST PITTSBURGH PA 15213,15213
208 N DITHRIDGE ST PITTSBURGH PA 15213,15213
200 N DITHRIDGE ST PITTSBURGH PA 15213,15213
0 CHESNEY WAY PITTSBURGH PA 15213,15213
166 N DITHRIDGE ST PITTSBURGH PA 15213,15213
166 N DITHRIDGE ST UNIT 1-A PITTSBURGH PA 15213,15213
166 N DITHRIDGE ST UNIT 2-A PITTSBURGH PA 15213,15213
166 N DITHRIDGE ST 3-A PITTSBURGH PA 15213,15213
144 N DITHRIDGE ST UNIT 814 PITTSBURGH PA 15213,15213
144 N DITHRIDGE ST UNIT 815 PITTSBURGH PA 15213,15213
211 N DITHRIDGE ST PITTSBURGH PA 15213,15213
221 N DITHRIDGE ST PITTSBURGH PA 15213,15213
225 N DITHRIDGE ST PITTSBURGH PA 15213,15213
229 N DITHRIDGE ST PITTSBURGH PA 15213,15213
235 N DITHRIDGE ST PITTSBURGH PA 15213,15213
241 N DITHRIDGE ST PITTSBURGH PA 15213,15213
245 N DITHRIDGE ST PITTSBURGH PA 15213,15213
249 N DITHRIDGE ST PITTSBURGH PA 15213,15213
253 N DITHRIDGE ST PITTSBURGH PA 15213,15213
144 N DITHRIDGE ST UNIT 211 PITTSBURGH PA 15213,15213
251 MILLER ST PITTSBURGH PA 15219,15219
112 WASHINGTON PL UNIT 7-D PITTSBURGH PA 15219,15219
112 WASHINGTON PL UNIT 7E PITTSBURGH PA 15219,15219
112 WASHINGTON PL UNIT 7F PITTSBURGH PA 15219,15219
112 WASHINGTON PL UNIT 7H PITTSBURGH PA 15219,15219
112 WASHINGTON PL UNIT 8A PITTSBURGH PA 15219,15219
112 WASHINGTON PL UNIT 8B PITTSBURGH PA 15219,15219
112 WASHINGTON PL UNIT 8D PITTSBURGH PA 15219,15219
2420 PENN AVE PITTSBURGH PA 15222,15222
2400 PENN AVE PITTSBURGH PA 15222,15222
2330 PENN AVE PITTSBURGH PA 15222,15222
220 N DITHRIDGE ST UNIT 602 PITTSBURGH PA 15213,15213
220 N DITHRIDGE ST UNIT 603 PITTSBURGH PA 15213,15213
220 N DITHRIDGE ST UNIT 605 PITTSBURGH PA 15213,15213
4249 5TH AVE PITTSBURGH PA 15260,15260
142 TENNYSON AVE PITTSBURGH PA 15260,15260
159 N BELLEFIELD AVE PITTSBURGH PA 15213,15213
159 N BELLEFIELD AVE PITTSBURGH PA 15213,15213
4420 BAYARD ST PITTSBURGH PA 15213,15213
120 RUSKIN AVE PITTSBURGH PA 15213,15213
4337 5TH AVE PITTSBURGH PA 15260,15260
135 N BELLEFIELD AVE PITTSBURGH PA 15260,15260
100 N BELLEFIELD AVE PITTSBURGH PA 15213,15213
100 N BELLEFIELD AVE PITTSBURGH PA 15213,15213
166 N DITHRIDGE ST UNIT 4-A PITTSBURGH PA 15213,15213
166 N DITHRIDGE ST UNIT 5-A PITTSBURGH PA 15213,15213
307 S DITHRIDGE ST UNIT 502 PITTSBURGH PA 15213,15213
307 S DITHRIDGE ST UNIT 503 PITTSBURGH PA 15213,15213
307 S DITHRIDGE ST UNIT 505 PITTSBURGH PA 15213,15213
307 S DITHRIDGE ST UNIT 511 PITTSBURGH PA 15213,15213
307 S DITHRIDGE ST UNIT 512 PITTSBURGH PA 15213,15213
307 S DITHRIDGE ST UNIT 514 PITTSBURGH PA 15213,15213
307 S DITHRIDGE ST UNIT 601 PITTSBURGH PA 15213,15213
230 ROBINSON ST PITTSBURGH PA 15213,15213
228 ROBINSON ST PITTSBURGH PA 15213,15213
144 N DITHRIDGE ST UNIT 215 PITTSBURGH PA 15213,15213
144 N DITHRIDGE ST UNIT 216 PITTSBURGH PA 15213,15213
144 N DITHRIDGE ST UNIT 314 PITTSBURGH PA 15213,15213
144 N DITHRIDGE ST UNIT 316 PITTSBURGH PA 15213,15213
144 N DITHRIDGE ST UNIT 411 PITTSBURGH PA 15213,15213
144 N DITHRIDGE ST UNIT 414 PITTSBURGH PA 15213,15213
107 THACKERAY AVE PITTSBURGH PA 15213,15213
130 THACKERAY AVE PITTSBURGH PA 15260,15260
139 UNIVERSITY PL PITTSBURGH PA 15260,15260
123 UNIVERSITY PL PITTSBURGH PA 15213,15213
4001 5TH AVE PITTSBURGH PA 15213,15213
2330 PENN AVE UNIT 201 PITTSBURGH PA 15222,15222
2330 PENN AVE UNIT 203 PITTSBURGH PA 15222,15222
2330 PENN AVE UNIT 204 PITTSBURGH PA 15222,15222
2330 PENN AVE UNIT 205 PITTSBURGH PA 15222,15222
2330 PENN AVE UNIT 301 PITTSBURGH PA 15222,15222
2330 PENN AVE UNIT 302 PITTSBURGH PA 15222,15222
2330 PENN AVE UNIT 304 PITTSBURGH PA 15222,15222
112 WASHINGTON PL UNIT 3A PITTSBURGH PA 15219,15219
112 WASHINGTON PL UNIT 3C PITTSBURGH PA 15219,15219
112 WASHINGTON PL UNIT 3F PITTSBURGH PA 15219,15219
112 WASHINGTON PL UNIT 3G PITTSBURGH PA 15219,15219
112 WASHINGTON PL UNIT 3H PITTSBURGH PA 15219,15219
0 ALLEQUIPPA ST PITTSBURGH PA 15213,15213
268 ROBINSON ST PITTSBURGH PA 15213,15213
266 ROBINSON ST PITTSBURGH PA 15213,15213
264 ROBINSON ST PITTSBURGH PA 15213,15213
262 ROBINSON ST PITTSBURGH PA 15213,15213
260 ROBINSON ST PITTSBURGH PA 15213,15213
258 ROBINSON ST PITTSBURGH PA 15213,15213
256 ROBINSON ST PITTSBURGH PA 15213,15213
254 ROBINSON ST PITTSBURGH PA 15213,15213
252 ROBINSON ST PITTSBURGH PA 15213,15213
144 N DITHRIDGE ST UNIT 409 PITTSBURGH PA 15213,15213
144 N DITHRIDGE ST UNIT 410 PITTSBURGH PA 15213,15213
226 ROBINSON ST PITTSBURGH PA 15213,15213
224 ROBINSON ST PITTSBURGH PA 15213,15213
224 ROBINSON ST PITTSBURGH PA 15213,15213
220 ROBINSON ST PITTSBURGH PA 15213,15213
218 ROBINSON ST PITTSBURGH PA 15213,15213
214 ROBINSON ST PITTSBURGH PA 15213,15213
212 ROBINSON ST PITTSBURGH PA 15213,15213
4154 BIGELOW BLVD PITTSBURGH PA 15213,15213
4305 BIGELOW BLVD PITTSBURGH PA 15213,15213
4303 BIGELOW BLVD PITTSBURGH PA 15213,15213
4301 BIGELOW BLVD PITTSBURGH PA 15213,15213
4031 -4041 5TH AVE PITTSBURGH PA 15213,15213
4024 OHARA ST PITTSBURGH PA 15260,15260
4141 5TH AVE PITTSBURGH PA 15213,15213
4101 5TH AVE PITTSBURGH PA 15213,15213
5126 -5130 BIGELOW BLVD PITTSBURGH PA 15213,15213
144 N DITHRIDGE ST UNIT P4 PITTSBURGH PA 15213,15213
144 N DITHRIDGE ST UNIT 101 PITTSBURGH PA 15213,15213
144 N DITHRIDGE ST UNIT 102 PITTSBURGH PA 15213,15213
144 N DITHRIDGE ST UNIT 104 PITTSBURGH PA 15213,15213
144 N DITHRIDGE ST UNIT 105 PITTSBURGH PA 15213,15213
144 N DITHRIDGE ST UNIT 106 PITTSBURGH PA 15213,15213
112 WASHINGTON PL UNIT 4A PITTSBURGH PA 15219,15219
0 CLIFF ST PITTSBURGH PA 15219,15219
0 CLIFF ST PITTSBURGH PA 15219,15219
0 CLIFF ST PITTSBURGH PA 15219,15219
0 CLIFF ST PITTSBURGH PA 15219,15219
0 CLIFF ST PITTSBURGH PA 15219,15219
0 CLIFF ST PITTSBURGH PA 15219,15219
1717 CLIFF ST PITTSBURGH PA 15219,15219
0 RIDGEWAY ST PITTSBURGH PA 15219,15219
0 RIDGEWAY ST PITTSBURGH PA 15219,15219
0 CLIFF ST PITTSBURGH PA 15219,15219
1719 CLIFF ST PITTSBURGH PA 15219,15219
112 WASHINGTON PL UNIT 8E PITTSBURGH PA 15219,15219
144 N DITHRIDGE ST UNIT 502 PITTSBURGH PA 15213,15213
144 N DITHRIDGE ST UNIT 504 PITTSBURGH PA 15213,15213
144 N DITHRIDGE ST UNIT 506 PITTSBURGH PA 15213,15213
144 N DITHRIDGE ST UNIT 507 PITTSBURGH PA 15213,15213
220 N DITHRIDGE ST UNIT 606 PITTSBURGH PA 15213,15213
220 N DITHRIDGE ST UNIT 607 PITTSBURGH PA 15213,15213
220 N DITHRIDGE ST UNIT 700 PITTSBURGH PA 15213,15213
220 N DITHRIDGE ST UNIT 701 PITTSBURGH PA 15213,15213
220 N DITHRIDGE ST UNIT 702 PITTSBURGH PA 15213,15213
220 N DITHRIDGE ST UNIT 704 PITTSBURGH PA 15213,15213
220 N DITHRIDGE ST UNIT 705 PITTSBURGH PA 15213,15213
200 TENNYSON AVE PITTSBURGH PA 15213,15213
204 TENNYSON AVE PITTSBURGH PA 15213,15213
208 TENNYSON AVE PITTSBURGH PA 15213,15213
166 N DITHRIDGE ST UNIT 1-G PITTSBURGH PA 15213,15213
166 N DITHRIDGE ST UNIT 1-B PITTSBURGH PA 15213,15213
166 N DITHRIDGE ST UNIT 2-B PITTSBURGH PA 15213,15213
166 N DITHRIDGE ST UNIT 3-B PITTSBURGH PA 15213,15213
166 N DITHRIDGE ST UNIT 4-B PITTSBURGH PA 15213,15213
166 N DITHRIDGE ST UNIT 5-B PITTSBURGH PA 15213,15213
166 N DITHRIDGE ST UNIT 1-C PITTSBURGH PA 15213,15213
166 N DITHRIDGE ST UNIT 2-C PITTSBURGH PA 15213,15213
0 BEELEN ST PITTSBURGH PA 15213,15213
0 BEELEN ST PITTSBURGH PA 15213,15213
0 BEELEN ST PITTSBURGH PA 15213,15213
0 BEELEN ST PITTSBURGH PA 15213,15213
0 BEELEN ST PITTSBURGH PA 15213,15213
0 BEELEN ST PITTSBURGH PA 15213,15213
0 BEELEN ST PITTSBURGH PA 15213,15213
0 BEELEN ST PITTSBURGH PA 15213,15213
4245 PARKMAN AVE PITTSBURGH PA 15213,15213
4233 PARKMAN AVE PITTSBURGH PA 15213,15213
0 PARKMAN AVE PITTSBURGH PA 15213,15213
4234 PARKMAN AVE PITTSBURGH PA 15213,15213
217 TENNYSON AVE PITTSBURGH PA 15213,15213
112 WASHINGTON PL UNIT 8F PITTSBURGH PA 15219,15219
112 WASHINGTON PL UNIT 8G PITTSBURGH PA 15219,15219
112 WASHINGTON PL UNIT 9A PITTSBURGH PA 15219,15219
112 WASHINGTON PL UNIT 9B PITTSBURGH PA 15219,15219
112 WASHINGTON PL UNIT 9C PITTSBURGH PA 15219,15219
112 WASHINGTON PL UNIT 9D PITTSBURGH PA 15219,15219
112 WASHINGTON PL UNIT 9E PITTSBURGH PA 15219,15219
2330 PENN AVE UNIT 403 PITTSBURGH PA 15222,15222
2330 PENN AVE UNIT 501 PITTSBURGH PA 15222,15222
2330 PENN AVE UNIT 502 PITTSBURGH PA 15222,15222
2330 PENN AVE UNIT 602 PITTSBURGH PA 15222,15222
220 N DITHRIDGE ST UNIT 706 PITTSBURGH PA 15213,15213
220 N DITHRIDGE ST UNIT 707 PITTSBURGH PA 15213,15213
125 N DITHRIDGE ST PITTSBURGH PA 15213,15213
4415 5TH AVE PITTSBURGH PA 15213,15213
0 N DITHRIDGE ST PITTSBURGH PA 15213,15213
4415 5TH AVE PITTSBURGH PA 15213,15213
4415 5TH AVE PITTSBURGH PA 15213,15213
125 N DITHRIDGE ST PITTSBURGH PA 15213,15213
141 N DITHRIDGE ST PITTSBURGH PA 15213,15213
134 N DITHRIDGE ST PITTSBURGH PA 15213,15213
4535 5TH AVE PITTSBURGH PA 15213,15213
219 DUNSEITH ST PITTSBURGH PA 15213,15213
307 S DITHRIDGE ST UNIT 602 PITTSBURGH PA 15213,15213
307 S DITHRIDGE ST UNIT 603 PITTSBURGH PA 15213,15213
307 S DITHRIDGE ST UNIT 605 PITTSBURGH PA 15213,15213
307 S DITHRIDGE ST UNIT 606 PITTSBURGH PA 15213,15213
307 S DITHRIDGE ST UNIT 607 PITTSBURGH PA 15213,15213
307 S DITHRIDGE ST UNIT 609 PITTSBURGH PA 15213,15213
307 S DITHRIDGE ST UNIT 610 PITTSBURGH PA 15213,15213
241 DUNSEITH ST PITTSBURGH PA 15213,15213
243 DUNSEITH ST PITTSBURGH PA 15213,15213
245 DUNSEITH ST PITTSBURGH PA 15213,15213
247 DUNSEITH ST PITTSBURGH PA 15213,15213
249 DUNSEITH ST PITTSBURGH PA 15213,15213
2006 DERUAD ST PITTSBURGH PA 15219,15219
2029 5TH AVE PITTSBURGH PA 15219,15219
2031 5TH AVE PITTSBURGH PA 15219,15219
2035 5TH AVE PITTSBURGH PA 15219,15219
2014 DERUAD ST PITTSBURGH PA 15219,15219
2016 DERUAD ST PITTSBURGH PA 15219,15219
2041 5TH AVE PITTSBURGH PA 15219,15219
0 5TH AVE PITTSBURGH PA 15219,15219
2135 5TH AVE PITTSBURGH PA 15219,15219
0 BEELEN ST PITTSBURGH PA 15213,15213
2633 5TH AVE PITTSBURGH PA 15213,15213
0 BEELEN ST PITTSBURGH PA 15213,15213
0 BEELEN ST PITTSBURGH PA 15213,15213
2330 PENN AVE UNIT 701 PITTSBURGH PA 15222,15222
2330 PENN AVE UNIT 702 PITTSBURGH PA 15222,15222
2310 PENN AVE PITTSBURGH PA 15222,15222
112 WASHINGTON PL UNIT 4C PITTSBURGH PA 15219,15219
112 WASHINGTON PL UNIT 4D PITTSBURGH PA 15219,15219
112 WASHINGTON PL UNIT 4E PITTSBURGH PA 15219,15219
112 WASHINGTON PL UNIT 4F PITTSBURGH PA 15219,15219
112 WASHINGTON PL UNIT 4G PITTSBURGH PA 15219,15219
112 WASHINGTON PL UNIT 4H PITTSBURGH PA 15219,15219
112 WASHINGTON PL UNIT 4J PITTSBURGH PA 15219,15219
112 WASHINGTON PL UNIT 5A PITTSBURGH PA 15219,15219
225 DUNSEITH ST PITTSBURGH PA 15213,15213
227 DUNSEITH ST PITTSBURGH PA 15213,15213
229 DUNSEITH ST PITTSBURGH PA 15213,15213
231 DUNSEITH ST PITTSBURGH PA 15213,15213
235 DUNSEITH ST PITTSBURGH PA 15213,15213
237 DUNSEITH ST PITTSBURGH PA 15213,15213
239 DUNSEITH ST PITTSBURGH PA 15213,15213
144 N DITHRIDGE ST UNIT 508 PITTSBURGH PA 15213,15213
144 N DITHRIDGE ST UNIT 509 PITTSBURGH PA 15213,15213
144 N DITHRIDGE ST UNIT 510 PITTSBURGH PA 15213,15213
144 N DITHRIDGE ST UNIT 602 PITTSBURGH PA 15213,15213
144 N DITHRIDGE ST UNIT 603 PITTSBURGH PA 15213,15213
251 DUNSEITH ST PITTSBURGH PA 15213,15213
253 DUNSEITH ST PITTSBURGH PA 15213,15213
255 DUNSEITH ST PITTSBURGH PA 15213,15213
257 DUNSEITH ST PITTSBURGH PA 15213,15213
215 TENNYSON AVE PITTSBURGH PA 15213,15213
209 TENNYSON AVE PITTSBURGH PA 15213,15213
207 TENNYSON AVE PITTSBURGH PA 15213,15213
205 TENNYSON AVE PITTSBURGH PA 15213,15213
203 TENNYSON AVE PITTSBURGH PA 15213,15213
201 TENNYSON AVE PITTSBURGH PA 15213,15213
4215 BIGELOW BLVD PITTSBURGH PA 15213,15213
148 TENNYSON AVE PITTSBURGH PA 15260,15260
4321 PARKMAN AVE PITTSBURGH PA 15213,15213
4319 PARKMAN AVE PITTSBURGH PA 15213,15213
4309 PARKMAN AVE PITTSBURGH PA 15213,15213
4303 PARKMAN AVE PITTSBURGH PA 15213,15213
0 WATSON ST PITTSBURGH PA 15219,15219
0 WATSON ST PITTSBURGH PA 15219,15219
0 FORBES AVE PITTSBURGH PA 15219,15219
0 WATSON ST PITTSBURGH PA 15219,15219
0 WATSON ST PITTSBURGH PA 15219,15219
0 WATSON ST PITTSBURGH PA 15219,15219
0 WATSON ST PITTSBURGH PA 15219,15219
0 FORBES AVE PITTSBURGH PA 15219,15219
4 -6 SENECA ST PITTSBURGH PA 15219,15219
1721 CLIFF ST PITTSBURGH PA 15219,15219
1727 CLIFF ST PITTSBURGH PA 15219,15219
1729 CLIFF ST PITTSBURGH PA 15219,15219
1731 CLIFF ST PITTSBURGH PA 15219,15219
1733 CLIFF ST PITTSBURGH PA 15219,15219
1801 CLIFF ST PITTSBURGH PA 15219,15219
1801 CLIFF ST PITTSBURGH PA 15219,15219
1801 CLIFF ST PITTSBURGH PA 15219,15219
1801 CLIFF ST PITTSBURGH PA 15219,15219
112 WASHINGTON PL UNIT 9F PITTSBURGH PA 15219,15219
112 WASHINGTON PL UNIT 9H PITTSBURGH PA 15219,15219
112 WASHINGTON PL UNIT 10A PITTSBURGH PA 15219,15219
144 N DITHRIDGE ST UNIT 604 PITTSBURGH PA 15213,15213
144 N DITHRIDGE ST UNIT 605 PITTSBURGH PA 15213,15213
144 N DITHRIDGE ST UNIT 607 PITTSBURGH PA 15213,15213
220 N DITHRIDGE ST UNIT 801 PITTSBURGH PA 15213,15213
220 N DITHRIDGE ST UNIT 802 PITTSBURGH PA 15213,15213
220 N DITHRIDGE ST UNIT 805 PITTSBURGH PA 15213,15213
220 N DITHRIDGE ST UNIT 806 PITTSBURGH PA 15213,15213
220 N DITHRIDGE ST UNIT 807 PITTSBURGH PA 15213,15213
220 N DITHRIDGE ST UNIT 900 PITTSBURGH PA 15213,15213
220 N DITHRIDGE ST UNIT 901 PITTSBURGH PA 15213,15213
4516 HENRY ST PITTSBURGH PA 15213,15213
100 LYTTON AVE PITTSBURGH PA 15213,15213
166 N DITHRIDGE ST UNIT 5-C PITTSBURGH PA 15213,15213
166 N DITHRIDGE ST UNIT 1-D PITTSBURGH PA 15213,15213
166 N DITHRIDGE ST UNIT 3-D PITTSBURGH PA 15213,15213
166 N DITHRIDGE ST UNIT 4D PITTSBURGH PA 15213,15213
166 N DITHRIDGE ST UNIT 1E PITTSBURGH PA 15213,15213
166 N DITHRIDGE ST UNIT 2E PITTSBURGH PA 15213,15213
166 N DITHRIDGE ST UNIT 3E PITTSBURGH PA 15213,15213
166 N DITHRIDGE ST UNIT 4E PITTSBURGH PA 15213,15213
307 S DITHRIDGE ST UNIT 614 PITTSBURGH PA 15213,15213
307 S DITHRIDGE ST UNIT 702 PITTSBURGH PA 15213,15213
219 TENNYSON AVE PITTSBURGH PA 15213,15213
270 TENNYSON AVE PITTSBURGH PA 15213,15213
23 SENECA ST PITTSBURGH PA 15219,15219
209 SENECA ST PITTSBURGH PA 15219,15219
205 SENECA ST PITTSBURGH PA 15219,15219
205 SENECA ST PITTSBURGH PA 15219,15219
2106 FORBES AVE PITTSBURGH PA 15219,15219
2106 FORBES AVE PITTSBURGH PA 15219,15219
2106 FORBES AVE PITTSBURGH PA 15219,15219
0 FORBES AVE PITTSBURGH PA 15219,15219
2106 FORBES AVE PITTSBURGH PA 15219,15219
2106 FORBES AVE PITTSBURGH PA 15219,15219
2552 ALLEQUIPPA ST PITTSBURGH PA 15213,15213
112 WASHINGTON PL UNIT 10B PITTSBURGH PA 15219,15219
112 WASHINGTON PL UNIT 10C PITTSBURGH PA 15219,15219
112 WASHINGTON PL UNIT 10E PITTSBURGH PA 15219,15219
112 WASHINGTON PL UNIT 10F PITTSBURGH PA 15219,15219
2302 -2306 PENN AVE PITTSBURGH PA 15222,15222
2315 LIBERTY AVE PITTSBURGH PA 15222,15222
2425 LIBERTY AVE PITTSBURGH PA 15222,15222
2501 LIBERTY AVE PITTSBURGH PA 15222,15222
202 26TH ST PITTSBURGH PA 15222,15222
2608 PENN AVE PITTSBURGH PA 15222,15222
2608 PENN AVE PITTSBURGH PA 15222,15222
2608 PENN AVE PITTSBURGH PA 15222,15222
4510 HENRY ST PITTSBURGH PA 15213,15213
4510 HENRY ST PITTSBURGH PA 15213,15213
300 S CRAIG ST PITTSBURGH PA 15213,15213
307 S DITHRIDGE ST PITTSBURGH PA 15213,15213
307 S DITHRIDGE ST UNIT 201 PITTSBURGH PA 15213,15213
307 S DITHRIDGE ST UNIT 202 PITTSBURGH PA 15213,15213
307 S DITHRIDGE ST UNIT 203 PITTSBURGH PA 15213,15213
307 S DITHRIDGE ST UNIT 204 PITTSBURGH PA 15213,15213
252 DUNSEITH ST PITTSBURGH PA 15213,15213
252 DUNSEITH ST PITTSBURGH PA 15213,15213
246 DUNSEITH ST PITTSBURGH PA 15213,15213
244 DUNSEITH ST PITTSBURGH PA 15213,15213
307 S DITHRIDGE ST UNIT 704 PITTSBURGH PA 15213,15213
307 S DITHRIDGE ST UNIT 705 PITTSBURGH PA 15213,15213
307 S DITHRIDGE ST UNIT 710 PITTSBURGH PA 15213,15213
307 S DITHRIDGE ST UNIT 711 PITTSBURGH PA 15213,15213
307 S DITHRIDGE ST UNIT 712 PITTSBURGH PA 15213,15213
234 DUNSEITH ST PITTSBURGH PA 15213,15213
232 DUNSEITH ST PITTSBURGH PA 15213,15213
230 DUNSEITH ST PITTSBURGH PA 15213,15213
228 DUNSEITH ST PITTSBURGH PA 15213,15213
222 DUNSEITH ST PITTSBURGH PA 15213,15213
220 DUNSEITH ST PITTSBURGH PA 15213,15213
0 DUNSEITH ST PITTSBURGH PA 15213,15213
0 BEELEN ST PITTSBURGH PA 15213,15213
0 BEELEN ST PITTSBURGH PA 15213,15213
0 BEELEN ST PITTSBURGH PA 15213,15213
0 BEELEN ST PITTSBURGH PA 15213,15213
0 BEELEN ST PITTSBURGH PA 15213,15213
0 BEELEN ST PITTSBURGH PA 15213,15213
0 BEELEN ST PITTSBURGH PA 15213,15213
216 TENNYSON AVE PITTSBURGH PA 15213,15213
214 TENNYSON AVE PITTSBURGH PA 15213,15213
210 TENNYSON AVE PITTSBURGH PA 15213,15213
4150 BIGELOW BLVD PITTSBURGH PA 15213,15213
4142 BIGELOW BLVD PITTSBURGH PA 15213,15213
4136 BIGELOW BLVD PITTSBURGH PA 15213,15213
2614 PENN AVE PITTSBURGH PA 15222,15222
2618 PENN AVE PITTSBURGH PA 15222,15222
112 WASHINGTON PL UNIT 5B PITTSBURGH PA 15219,15219
112 WASHINGTON PL UNIT 5C PITTSBURGH PA 15219,15219
112 WASHINGTON PL UNIT 5D PITTSBURGH PA 15219,15219
112 WASHINGTON PL UNIT 5E PITTSBURGH PA 15219,15219
112 WASHINGTON PL UNIT 5F PITTSBURGH PA 15219,15219
112 WASHINGTON PL UNIT 5G PITTSBURGH PA 15219,15219
112 WASHINGTON PL UNIT 5H PITTSBURGH PA 15219,15219
112 WASHINGTON PL UNIT 6B PITTSBURGH PA 15219,15219
144 N DITHRIDGE ST UNIT 416 PITTSBURGH PA 15213,15213
244 DUNSEITH ST PITTSBURGH PA 15213,15213
242 DUNSEITH ST PITTSBURGH PA 15213,15213
242 DUNSEITH ST PITTSBURGH PA 15213,15213
242 DUNSEITH ST PITTSBURGH PA 15213,15213
236 DUNSEITH ST PITTSBURGH PA 15213,15213
144 N DITHRIDGE ST UNIT 608 PITTSBURGH PA 15213,15213
144 N DITHRIDGE ST UNIT 609 PITTSBURGH PA 15213,15213
144 N DITHRIDGE ST UNIT 610 PITTSBURGH PA 15213,15213
144 N DITHRIDGE ST UNIT 703 PITTSBURGH PA 15213,15213
144 N DITHRIDGE ST UNIT 705 PITTSBURGH PA 15213,15213
144 N DITHRIDGE ST UNIT 706 PITTSBURGH PA 15213,15213
144 N DITHRIDGE ST UNIT 707 PITTSBURGH PA 15213,15213
100 LYTTON AVE PITTSBURGH PA 15213,15213
120 LYTTON AVE PITTSBURGH PA 15213,15213
4227 5TH AVE PITTSBURGH PA 15260,15260
202 LYTTON AVE PITTSBURGH PA 15213,15213
216 LYTTON AVE PITTSBURGH PA 15213,15213
222 LYTTON AVE PITTSBURGH PA 15213,15213
226 LYTTON AVE PITTSBURGH PA 15213,15213
232 LYTTON AVE PITTSBURGH PA 15213,15213
166 N DITHRIDGE ST UNIT 5E PITTSBURGH PA 15213,15213
166 N DITHRIDGE ST UNIT 1F PITTSBURGH PA 15213,15213
166 N DITHRIDGE ST UNIT 2F PITTSBURGH PA 15213,15213
2518 ALLEQUIPPA ST PITTSBURGH PA 15213,15213
2522 ALLEQUIPPA ST PITTSBURGH PA 15213,15213
2524 ALLEQUIPPA ST PITTSBURGH PA 15213,15213
2524 ALLEQUIPPA ST PITTSBURGH PA 15213,15213
2530 ALLEQUIPPA ST PITTSBURGH PA 15213,15213
2532 ALLEQUIPPA ST PITTSBURGH PA 15213,15213
2534 ALLEQUIPPA ST PITTSBURGH PA 15213,15213
2536 ALLEQUIPPA ST PITTSBURGH PA 15213,15213
2538 -2540 ALLEQUIPPA ST PITTSBURGH PA 15213,15213
0 BEELEN ST PITTSBURGH PA 15213,15213
0 BEELEN ST PITTSBURGH PA 15213,15213
0 BEELEN ST PITTSBURGH PA 15213,15213
144 N DITHRIDGE ST UNIT 511 PITTSBURGH PA 15213,15213
144 N DITHRIDGE ST UNIT 514 PITTSBURGH PA 15213,15213
144 N DITHRIDGE ST UNIT 515 PITTSBURGH PA 15213,15213
144 N DITHRIDGE ST UNIT 516 PITTSBURGH PA 15213,15213
144 N DITHRIDGE ST UNIT 614 PITTSBURGH PA 15213,15213
144 N DITHRIDGE ST UNIT 615 PITTSBURGH PA 15213,15213
4215 5TH AVE PITTSBURGH PA 15213,15213
3959 5TH AVE PITTSBURGH PA 15260,15260
300 S CRAIG ST PITTSBURGH PA 15213,15213
0 FILMORE ST PITTSBURGH PA 15213,15213
419 S DITHRIDGE ST PITTSBURGH PA 15213,15213
315 S BELLEFIELD AVE PITTSBURGH PA 15213,15213
220 N DITHRIDGE ST UNIT 902 PITTSBURGH PA 15213,15213
220 N DITHRIDGE ST UNIT 903 PITTSBURGH PA 15213,15213
220 N DITHRIDGE ST UNIT 904 PITTSBURGH PA 15213,15213
220 N DITHRIDGE ST UNIT 905 PITTSBURGH PA 15213,15213
220 N DITHRIDGE ST UNIT 907 PITTSBURGH PA 15213,15213
220 N DITHRIDGE ST UNIT 1000 PITTSBURGH PA 15213,15213
220 N DITHRIDGE ST UNIT 1002 PITTSBURGH PA 15213,15213
220 N DITHRIDGE ST UNIT 1003 PITTSBURGH PA 15213,15213
307 S DITHRIDGE ST UNIT 206 PITTSBURGH PA 15213,15213
307 S DITHRIDGE ST UNIT 207 PITTSBURGH PA 15213,15213
307 S DITHRIDGE ST UNIT 208 PITTSBURGH PA 15213,15213
166 N DITHRIDGE ST UNIT 3F PITTSBURGH PA 15213,15213
166 N DITHRIDGE ST UNIT 2G PITTSBURGH PA 15213,15213
166 N DITHRIDGE ST UNIT 4G PITTSBURGH PA 15213,15213
166 N DITHRIDGE ST UNIT 5G PITTSBURGH PA 15213,15213
307 S DITHRIDGE ST UNIT 714 PITTSBURGH PA 15213,15213
307 S DITHRIDGE ST UNIT 801 PITTSBURGH PA 15213,15213
307 S DITHRIDGE ST UNIT 802 PITTSBURGH PA 15213,15213
307 S DITHRIDGE ST UNIT 804 PITTSBURGH PA 15213,15213
307 S DITHRIDGE ST UNIT 806 PITTSBURGH PA 15213,15213
307 S DITHRIDGE ST UNIT 807 PITTSBURGH PA 15213,15213
307 S DITHRIDGE ST UNIT 808 PITTSBURGH PA 15213,15213
4116 BIGELOW BLVD PITTSBURGH PA 15213,15213
2106 FORBES AVE PITTSBURGH PA 15219,15219
2106 FORBES AVE PITTSBURGH PA 15219,15219
2106 FORBES AVE PITTSBURGH PA 15219,15219
2106 FORBES AVE PITTSBURGH PA 15219,15219
2106 FORBES AVE PITTSBURGH PA 15219,15219
2106 FORBES AVE PITTSBURGH PA 15219,15219
2106 FORBES AVE PITTSBURGH PA 15219,15219
2106 FORBES AVE PITTSBURGH PA 15219,15219
2106 FORBES AVE PITTSBURGH PA 15219,15219
2128 FORBES AVE PITTSBURGH PA 15219,15219
2128 FORBES AVE PITTSBURGH PA 15219,15219
2135 5TH AVE PITTSBURGH PA 15219,15219
2135 5TH AVE PITTSBURGH PA 15219,15219
341 S BELLEFIELD AVE PITTSBURGH PA 15213,15213
4200 5TH AVE PITTSBURGH PA 15260,15260
4200 FORBES AVE PITTSBURGH PA 15213,15213
205 ROBINSON ST PITTSBURGH PA 15213,15213
144 N DITHRIDGE ST UNIT 110 PITTSBURGH PA 15213,15213
144 N DITHRIDGE ST UNIT 201 PITTSBURGH PA 15213,15213
144 N DITHRIDGE ST UNIT 203 PITTSBURGH PA 15213,15213
144 N DITHRIDGE ST UNIT 205 PITTSBURGH PA 15213,15213
144 N DITHRIDGE ST UNIT 206 PITTSBURGH PA 15213,15213
144 N DITHRIDGE ST UNIT 207 PITTSBURGH PA 15213,15213
144 N DITHRIDGE ST UNIT 208 PITTSBURGH PA 15213,15213
144 N DITHRIDGE ST UNIT 209 PITTSBURGH PA 15213,15213
307 S DITHRIDGE ST UNIT 209 PITTSBURGH PA 15213,15213
307 S DITHRIDGE ST UNIT 210 PITTSBURGH PA 15213,15213
307 S DITHRIDGE ST UNIT 212 PITTSBURGH PA 15213,15213
307 S DITHRIDGE ST UNIT 302 PITTSBURGH PA 15213,15213
307 S DITHRIDGE ST UNIT 303 PITTSBURGH PA 15213,15213
250 ROBINSON ST PITTSBURGH PA 15213,15213
248 ROBINSON ST PITTSBURGH PA 15213,15213
246 ROBINSON ST PITTSBURGH PA 15213,15213
244 ROBINSON ST PITTSBURGH PA 15213,15213
240 ROBINSON ST PITTSBURGH PA 15213,15213
238 ROBINSON ST PITTSBURGH PA 15213,15213
234 ROBINSON ST PITTSBURGH PA 15213,15213
307 S DITHRIDGE ST UNIT 809 PITTSBURGH PA 15213,15213
210 ROBINSON ST PITTSBURGH PA 15213,15213
208 ROBINSON ST PITTSBURGH PA 15213,15213
203 DUNSEITH ST PITTSBURGH PA 15213,15213
205 DUNSEITH ST PITTSBURGH PA 15213,15213
207 DUNSEITH ST PITTSBURGH PA 15213,15213
209 DUNSEITH ST PITTSBURGH PA 15213,15213
211 DUNSEITH ST PITTSBURGH PA 15213,15213
213 DUNSEITH ST PITTSBURGH PA 15213,15213
217 DUNSEITH ST PITTSBURGH PA 15213,15213
240 LYTTON AVE PITTSBURGH PA 15213,15213
244 LYTTON AVE PITTSBURGH PA 15213,15213
144 N DITHRIDGE ST UNIT 108 PITTSBURGH PA 15213,15213
0 BURROWS ST PITTSBURGH PA 15213,15213
125 BURROWS ST PITTSBURGH PA 15213,15213
129 BURROWS ST PITTSBURGH PA 15213,15213
100 -112 OAK HILL DR PITTSBURGH PA 15213,15213
100 -148 OAK HILL DR PITTSBURGH PA 15213,15213
101 -123 OAK HILL DR PITTSBURGH PA 15213,15213
131 -143 OAK HILL DR PITTSBURGH PA 15213,15213
100 JAMAL PL PITTSBURGH PA 15213,15213
0 CENTRE AVE PITTSBURGH PA 15213,15213
4040 BIGELOW BLVD PITTSBURGH PA 15213,15213
4323 PARKMAN AVE PITTSBURGH PA 15213,15213
220 N DITHRIDGE ST UNIT 300 PITTSBURGH PA 15213,15213
220 N DITHRIDGE ST UNIT 302 PITTSBURGH PA 15213,15213
220 N DITHRIDGE ST UNIT 303 PITTSBURGH PA 15213,15213
220 N DITHRIDGE ST UNIT 304 PITTSBURGH PA 15213,15213
220 N DITHRIDGE ST UNIT 305 PITTSBURGH PA 15213,15213
220 N DITHRIDGE ST UNIT 307 PITTSBURGH PA 15213,15213
220 N DITHRIDGE ST UNIT 400 PITTSBURGH PA 15213,15213
220 N DITHRIDGE ST UNIT 401 PITTSBURGH PA 15213,15213
213 LYTTON AVE PITTSBURGH PA 15213,15213
207 LYTTON AVE PITTSBURGH PA 15213,15213
205 LYTTON AVE PITTSBURGH PA 15213,15213
232 ROBINSON ST PITTSBURGH PA 15213,15213
144 N DITHRIDGE ST UNIT 708 PITTSBURGH PA 15213,15213
144 N DITHRIDGE ST UNIT 710 PITTSBURGH PA 15213,15213
144 N DITHRIDGE ST UNIT 802 PITTSBURGH PA 15213,15213
144 N DITHRIDGE ST UNIT 803 PITTSBURGH PA 15213,15213
144 N DITHRIDGE ST UNIT 804 PITTSBURGH PA 15213,15213
144 N DITHRIDGE ST UNIT 805 PITTSBURGH PA 15213,15213
144 N DITHRIDGE ST UNIT 806 PITTSBURGH PA 15213,15213
144 N DITHRIDGE ST UNIT 807 PITTSBURGH PA 15213,15213
220 N DITHRIDGE ST UNIT 1005 PITTSBURGH PA 15213,15213
220 N DITHRIDGE ST UNIT 1007 PITTSBURGH PA 15213,15213
248 LYTTON AVE PITTSBURGH PA 15213,15213
254 LYTTON AVE PITTSBURGH PA 15213,15213
260 LYTTON AVE PITTSBURGH PA 15213,15213
221 LYTTON AVE PITTSBURGH PA 15213,15213
217 LYTTON AVE PITTSBURGH PA 15213,15213
215 LYTTON AVE PITTSBURGH PA 15213,15213
166 N DITHRIDGE ST UNIT 1H PITTSBURGH PA 15213,15213
166 N DITHRIDGE ST UNIT 4H PITTSBURGH PA 15213,15213
166 N DITHRIDGE ST UNIT 5H PITTSBURGH PA 15213,15213
166 N DITHRIDGE ST UNIT 2-J PITTSBURGH PA 15213,15213
166 N DITHRIDGE ST UNIT 3-J PITTSBURGH PA 15213,15213
711 CASSATT ST PITTSBURGH PA 15219,15219
112 WASHINGTON PL UNIT 15K PITTSBURGH PA 15219,15219
112 WASHINGTON PL UNIT 15L PITTSBURGH PA 15219,15219
112 WASHINGTON PL UNIT 16K PITTSBURGH PA 15219,15219
112 WASHINGTON PL UNIT 16L PITTSBURGH PA 15219,15219
1329 5TH AVE PITTSBURGH PA 15219,15219
1329 5TH AVE PITTSBURGH PA 15219,15219
1329 5TH AVE PITTSBURGH PA 15219,15219
1600 FORESIDE PL PITTSBURGH PA 15219,15219
1600 FORESIDE PL PITTSBURGH PA 15219,15219
335 MILLER ST PITTSBURGH PA 15219,15219
328 MILLER ST PITTSBURGH PA 15219,15219
201 LYTTON AVE PITTSBURGH PA 15213,15213
4205 BIGELOW BLVD PITTSBURGH PA 15213,15213
4104 BIGELOW BLVD PITTSBURGH PA 15213,15213
4338 BIGELOW BLVD PITTSBURGH PA 15213,15213
215 ROBINSON ST PITTSBURGH PA 15213,15213
217 ROBINSON ST PITTSBURGH PA 15213,15213
219 ROBINSON ST PITTSBURGH PA 15213,15213
221 ROBINSON ST PITTSBURGH PA 15213,15213
223 ROBINSON ST PITTSBURGH PA 15213,15213
0 ROBINSON ST PITTSBURGH PA 15213,15213
231 ROBINSON ST PITTSBURGH PA 15213,15213
3159 ELLERS ST PITTSBURGH PA 15213,15213
220 N DITHRIDGE ST UNIT 1100 PITTSBURGH PA 15213,15213
220 N DITHRIDGE ST UNIT 1101 PITTSBURGH PA 15213,15213
220 N DITHRIDGE ST UNIT 1102 PITTSBURGH PA 15213,15213
220 N DITHRIDGE ST UNIT 1103 PITTSBURGH PA 15213,15213
220 N DITHRIDGE ST UNIT 1104 PITTSBURGH PA 15213,15213
220 N DITHRIDGE ST UNIT 1105 PITTSBURGH PA 15213,15213
307 S DITHRIDGE ST UNIT 305 PITTSBURGH PA 15213,15213
307 S DITHRIDGE ST UNIT 310 PITTSBURGH PA 15213,15213
307 S DITHRIDGE ST UNIT 312 PITTSBURGH PA 15213,15213
307 S DITHRIDGE ST UNIT 314 PITTSBURGH PA 15213,15213
307 S DITHRIDGE ST UNIT 401 PITTSBURGH PA 15213,15213
166 N DITHRIDGE ST UNIT 4-J PITTSBURGH PA 15213,15213
307 S DITHRIDGE ST UNIT 810 PITTSBURGH PA 15213,15213
307 S DITHRIDGE ST UNIT 811 PITTSBURGH PA 15213,15213
307 S DITHRIDGE ST UNIT 812 PITTSBURGH PA 15213,15213
307 S DITHRIDGE ST UNIT 903 PITTSBURGH PA 15213,15213
307 S DITHRIDGE ST UNIT 904 PITTSBURGH PA 15213,15213
307 S DITHRIDGE ST UNIT 909 PITTSBURGH PA 15213,15213
307 S DITHRIDGE ST UNIT 911 PITTSBURGH PA 15213,15213
261 DUNSEITH ST PITTSBURGH PA 15213,15213
263 DUNSEITH ST PITTSBURGH PA 15213,15213
265 DUNSEITH ST PITTSBURGH PA 15213,15213
413 MILLER ST PITTSBURGH PA 15219,15219
516 ROBERTS ST PITTSBURGH PA 15219,15219
0 CHATHAM ST PITTSBURGH PA 15219,15219
0 CHATHAM ST PITTSBURGH PA 15219,15219
0 CHATHAM ST PITTSBURGH PA 15219,15219
112 WASHINGTON PL PITTSBURGH PA 15219,15219
0 VINE ST PITTSBURGH PA 15219,15219
16 VINE ST PITTSBURGH PA 15219,15219
0 COLWELL ST PITTSBURGH PA 15219,15219
0 COLWELL ST PITTSBURGH PA 15219,15219
0 COLWELL ST PITTSBURGH PA 15219,15219
0 COLWELL ST PITTSBURGH PA 15219,15219
0 COVINGTON ST PITTSBURGH PA 15219,15219
3159 ELLERS ST PITTSBURGH PA 15213,15213
144 N DITHRIDGE ST UNIT 210 PITTSBURGH PA 15213,15213
144 N DITHRIDGE ST UNIT 302 PITTSBURGH PA 15213,15213
144 N DITHRIDGE ST UNIT 303 PITTSBURGH PA 15213,15213
144 N DITHRIDGE ST UNIT 304 PITTSBURGH PA 15213,15213
144 N DITHRIDGE ST UNIT 305 PITTSBURGH PA 15213,15213
144 N DITHRIDGE ST UNIT 306 PITTSBURGH PA 15213,15213
144 N DITHRIDGE ST UNIT 307 PITTSBURGH PA 15213,15213
144 N DITHRIDGE ST UNIT 309 PITTSBURGH PA 15213,15213
220 N DITHRIDGE ST UNIT 403 PITTSBURGH PA 15213,15213
220 N DITHRIDGE ST UNIT 404 PITTSBURGH PA 15213,15213
307 S DITHRIDGE ST UNIT 403 PITTSBURGH PA 15213,15213
212 DUNSEITH ST PITTSBURGH PA 15213,15213
210 DUNSEITH ST PITTSBURGH PA 15213,15213
3219 TERRACE ST PITTSBURGH PA 15213,15213
3221 TERRACE ST PITTSBURGH PA 15213,15213
3223 TERRACE ST PITTSBURGH PA 15213,15213
3227 TERRACE ST PITTSBURGH PA 15213,15213
3415 TERRACE ST PITTSBURGH PA 15213,15213
3415 TERRACE ST PITTSBURGH PA 15213,15213
3415 TERRACE ST PITTSBURGH PA 15213,15213
144 N DITHRIDGE ST UNIT 808 PITTSBURGH PA 15213,15213
144 N DITHRIDGE ST UNIT 809 PITTSBURGH PA 15213,15213
267 DUNSEITH ST PITTSBURGH PA 15213,15213
267 DUNSEITH ST PITTSBURGH PA 15213,15213
268 DUNSEITH ST PITTSBURGH PA 15213,15213
262 DUNSEITH ST PITTSBURGH PA 15213,15213
262 DUNSEITH ST PITTSBURGH PA 15213,15213
254 DUNSEITH ST PITTSBURGH PA 15213,15213
146 N BELLEFIELD AVE UNIT 1201 PITTSBURGH PA 15213,15213
146 N BELLEFIELD AVE UNIT 1204 PITTSBURGH PA 15213,15213
146 N BELLEFIELD AVE UNIT P2 PITTSBURGH PA 15213,15213
146 N BELLEFIELD AVE UNIT P3 PITTSBURGH PA 15213,15213
146 N BELLEFIELD AVE UNIT P4 PITTSBURGH PA 15213,15213
4450 BAYARD ST PITTSBURGH PA 15213,15213
0 COVINGTON ST PITTSBURGH PA 15219,15219
0 COVINGTON ST PITTSBURGH PA 15219,15219
0 WOOD ST PITTSBURGH PA 15219,15219
0 CLIFF ST PITTSBURGH PA 15219,15219
0 MONACA PL PITTSBURGH PA 15219,15219
0 CLIFF ST PITTSBURGH PA 15219,15219
0 CLIFF ST PITTSBURGH PA 15219,15219
0 CLIFF ST PITTSBURGH PA 15219,15219
0 CLIFF ST PITTSBURGH PA 15219,15219
0 MONACA PL PITTSBURGH PA 15219,15219
0 MONACA PL PITTSBURGH PA 15219,15219
0 MONACA PL PITTSBURGH PA 15219,15219
0 MONACA PL PITTSBURGH PA 15219,15219
0 MONACA PL PITTSBURGH PA 15219,15219
220 N DITHRIDGE ST UNIT 405 PITTSBURGH PA 15213,15213
220 N DITHRIDGE ST UNIT 406 PITTSBURGH PA 15213,15213
220 N DITHRIDGE ST UNIT 407 PITTSBURGH PA 15213,15213
220 N DITHRIDGE ST UNIT 502 PITTSBURGH PA 15213,15213
220 N DITHRIDGE ST UNIT 503 PITTSBURGH PA 15213,15213
4201 BIGELOW BLVD PITTSBURGH PA 15213,15213
228 PARKMAN AVE PITTSBURGH PA 15213,15213
234 PARKMAN AVE PITTSBURGH PA 15213,15213
238 PARKMAN AVE PITTSBURGH PA 15213,15213
252 PARKMAN AVE PITTSBURGH PA 15213,15213
4208 PARKMAN AVE PITTSBURGH PA 15213,15213
144 N DITHRIDGE ST UNIT 810 PITTSBURGH PA 15213,15213
144 N DITHRIDGE ST UNIT 1 PITTSBURGH PA 15213,15213
144 N DITHRIDGE ST UNIT P2 PITTSBURGH PA 15213,15213
135 -137 N CRAIG ST PITTSBURGH PA 15213,15213
143 N CRAIG ST PITTSBURGH PA 15213,15213
147 N CRAIG ST PITTSBURGH PA 15213,15213
151 -155 N CRAIG ST PITTSBURGH PA 15213,15213
220 N DITHRIDGE ST UNIT 1106 PITTSBURGH PA 15213,15213
220 N DITHRIDGE ST UNIT 1107 PITTSBURGH PA 15213,15213
220 N DITHRIDGE ST UNIT 1201 PITTSBURGH PA 15213,15213
220 N DITHRIDGE ST UNIT 1203 PITTSBURGH PA 15213,15213
3220 HARDIE WAY PITTSBURGH PA 15213,15213
3220 1/2 HARDIE WAY PITTSBURGH PA 15213,15213
3238 HARDIE WAY PITTSBURGH PA 15213,15213
518 CATO ST PITTSBURGH PA 15213,15213
519 CATO ST PITTSBURGH PA 15213,15213
0 TECHNOLOGY DR PITTSBURGH PA 15219,15219
0 TECHNOLOGY DR PITTSBURGH PA 15219,15219
0 TECHNOLOGY DR PITTSBURGH PA 15219,15219
0 TECHNOLOGY DR PITTSBURGH PA 15219,15219
382 LAWN ST PITTSBURGH PA 15213,15213
0 LAWN ST PITTSBURGH PA 15213,15213
402 LAWN ST PITTSBURGH PA 15213,15213
408 LAWN ST PITTSBURGH PA 15213,15213
3265 NIAGARA SQ PITTSBURGH PA 15213,15213
3262 NIAGARA SQ PITTSBURGH PA 15213,15213
3260 NIAGARA SQ PITTSBURGH PA 15213,15213
3259 NIAGARA SQ PITTSBURGH PA 15213,15213
3258 NIAGARA SQ PITTSBURGH PA 15213,15213
3257 NIAGARA SQ PITTSBURGH PA 15213,15213
3256 NIAGARA SQ PITTSBURGH PA 15213,15213
0 LAWN ST PITTSBURGH PA 15213,15213
0 LAWN ST PITTSBURGH PA 15213,15213
0 LAWN ST PITTSBURGH PA 15213,15213
0 LAWN ST PITTSBURGH PA 15213,15213
0 LAWN ST PITTSBURGH PA 15213,15213
3266 WARD ST UNIT 1 PITTSBURGH PA 15213,15213
3266 WARD ST UNIT 2 PITTSBURGH PA 15213,15213
3266 WARD ST UNIT 3 PITTSBURGH PA 15213,15213
3266 WARD ST UNIT 4 PITTSBURGH PA 15213,15213
3266 WARD ST UNIT 5 PITTSBURGH PA 15213,15213
3266 WARD ST UNIT 6 PITTSBURGH PA 15213,15213
0 COLLINSON PL PITTSBURGH PA 15213,15213
3342 PARKVIEW AVE PITTSBURGH PA 15213,15213
3340 PARKVIEW AVE PITTSBURGH PA 15213,15213
3338 PARKVIEW AVE PITTSBURGH PA 15213,15213
3336 PARKVIEW AVE PITTSBURGH PA 15213,15213
0 WAKEFIELD ST PITTSBURGH PA 15213,15213
0 WAKEFIELD ST PITTSBURGH PA 15213,15213
0 WAKEFIELD ST PITTSBURGH PA 15213,15213
0 WAKEFIELD ST PITTSBURGH PA 15213,15213
3232 WARD ST PITTSBURGH PA 15213,15213
3234 WARD ST PITTSBURGH PA 15213,15213
3240 WARD ST PITTSBURGH PA 15213,15213
3261 DAWSON ST PITTSBURGH PA 15213,15213
3263 DAWSON ST PITTSBURGH PA 15213,15213
3265 DAWSON ST PITTSBURGH PA 15213,15213
3269 DAWSON ST PITTSBURGH PA 15213,15213
233 ROMEO ST PITTSBURGH PA 15213,15213
408 LAWN ST PITTSBURGH PA 15213,15213
2 AYERS ST PITTSBURGH PA 15213,15213
0 AYERS ST PITTSBURGH PA 15213,15213
3246 WARD ST PITTSBURGH PA 15213,15213
3248 WARD ST PITTSBURGH PA 15213,15213
3250 WARD ST PITTSBURGH PA 15213,15213
3252 WARD ST PITTSBURGH PA 15213,15213
3254 WARD ST PITTSBURGH PA 15213,15213
3258 WARD ST PITTSBURGH PA 15213,15213
3260 WARD ST PITTSBURGH PA 15213,15213
3345 PARKVIEW AVE PITTSBURGH PA 15213,15213
3347 PARKVIEW AVE PITTSBURGH PA 15213,15213
0 LAWN ST PITTSBURGH PA 15213,15213
0 LAWN ST PITTSBURGH PA 15213,15213
0 LAWN ST PITTSBURGH PA 15213,15213
0 LAWN ST PITTSBURGH PA 15213,15213
0 LAWN ST PITTSBURGH PA 15213,15213
0 LAWN ST PITTSBURGH PA 15213,15213
3414 WARD ST PITTSBURGH PA 15213,15213
3412 WARD ST PITTSBURGH PA 15213,15213
3410 WARD ST PITTSBURGH PA 15213,15213
3408 WARD ST PITTSBURGH PA 15213,15213
3406 WARD ST PITTSBURGH PA 15213,15213
3601 BLVD OF THE ALLIES PITTSBURGH PA 15213,15213
3613 BLVD OF THE ALLIES PITTSBURGH PA 15213,15213
3334 PARKVIEW AVE PITTSBURGH PA 15213,15213
3332 PARKVIEW AVE PITTSBURGH PA 15213,15213
3330 PARKVIEW AVE PITTSBURGH PA 15213,15213
3237 WARD ST PITTSBURGH PA 15213,15213
3235 WARD ST PITTSBURGH PA 15213,15213
3233 WARD ST PITTSBURGH PA 15213,15213
3231 WARD ST PITTSBURGH PA 15213,15213
3229 1/2 WARD ST PITTSBURGH PA 15213,15213
3223 WARD ST PITTSBURGH PA 15213,15213
3227 WARD ST PITTSBURGH PA 15213,15213
3221 WARD ST PITTSBURGH PA 15213,15213
3217 ROMEO ST PITTSBURGH PA 15213,15213
0 ROMEO ST PITTSBURGH PA 15213,15213
0 WAKEFIELD ST PITTSBURGH PA 15213,15213
0 WAKEFIELD ST PITTSBURGH PA 15213,15213
0 WAKEFIELD ST PITTSBURGH PA 15213,15213
0 ROCK WAY PITTSBURGH PA 15213,15213
450 TECHNOLOGY DR PITTSBURGH PA 15219,15219
350 TECHNOLOGY DR PITTSBURGH PA 15219,15219
401 TECHNOLOGY DR PITTSBURGH PA 15219,15219
401 TECHNOLOGY DR PITTSBURGH PA 15219,15219
3289 DAWSON ST UNIT 9 PITTSBURGH PA 15213,15213
3289 DAWSON ST UNIT 10 PITTSBURGH PA 15213,15213
3289 DAWSON ST UNIT 11 PITTSBURGH PA 15213,15213
3284 DAWSON ST PITTSBURGH PA 15213,15213
3282 DAWSON ST PITTSBURGH PA 15213,15213
3280 DAWSON ST PITTSBURGH PA 15213,15213
3278 DAWSON ST PITTSBURGH PA 15213,15213
3276 DAWSON ST PITTSBURGH PA 15213,15213
3272 DAWSON ST PITTSBURGH PA 15213,15213
0 DAWSON ST PITTSBURGH PA 15213,15213
101 PANTHER HOLLOW RD PITTSBURGH PA 15213,15213
0 ETHEL ST PITTSBURGH PA 15213,15213
0 2ND AVE PITTSBURGH PA 15213,15213
100 TECHNOLOGY DR PITTSBURGH PA 15219,15219
200 TECHNOLOGY DR PITTSBURGH PA 15219,15219
3615 BLVD OF THE ALLIES PITTSBURGH PA 15213,15213
3617 BLVD OF THE ALLIES PITTSBURGH PA 15213,15213
3347 JULIET ST PITTSBURGH PA 15213,15213
3343 JULIET ST PITTSBURGH PA 15213,15213
3341 JULIET ST PITTSBURGH PA 15213,15213
3339 JULIET ST PITTSBURGH PA 15213,15213
3337 JULIET ST PITTSBURGH PA 15213,15213
3333 JULIET ST PITTSBURGH PA 15213,15213
3329 JULIET ST PITTSBURGH PA 15213,15213
3327 JULIET ST PITTSBURGH PA 15213,15213
3254 NIAGARA SQ PITTSBURGH PA 15213,15213
1 AYERS ST PITTSBURGH PA 15213,15213
0 LAWN ST PITTSBURGH PA 15213,15213
0 MACKEY ST PITTSBURGH PA 15213,15213
417 LAWN ST PITTSBURGH PA 15213,15213
415 LAWN ST PITTSBURGH PA 15213,15213
0 MACKEY ST PITTSBURGH PA 15213,15213
16 MACKEY ST PITTSBURGH PA 15213,15213
0 MACKEY ST PITTSBURGH PA 15213,15213
0 MACKEY ST PITTSBURGH PA 15213,15213
0 MACKEY ST PITTSBURGH PA 15213,15213
3266 WARD ST UNIT 9 PITTSBURGH PA 15213,15213
3266 WARD ST UNIT 11 PITTSBURGH PA 15213,15213
3257 DAWSON ST PITTSBURGH PA 15213,15213
20 DAWSON CT PITTSBURGH PA 15213,15213
18 DAWSON CT PITTSBURGH PA 15213,15213
16 DAWSON CT PITTSBURGH PA 15213,15213
0 WAKEFIELD ST PITTSBURGH PA 15213,15213
0 WAKEFIELD ST PITTSBURGH PA 15213,15213
3526 FRAZIER ST PITTSBURGH PA 15213,15213
3528 FRAZIER ST PITTSBURGH PA 15213,15213
3534 FRAZIER ST PITTSBURGH PA 15213,15213
0 FRAZIER ST PITTSBURGH PA 15213,15213
3600 FRAZIER ST PITTSBURGH PA 15213,15213
3606 FRAZIER ST PITTSBURGH PA 15213,15213
300 TECHNOLOGY DR PITTSBURGH PA 15219,15219
0 TECHNOLOGY DR PITTSBURGH PA 15219,15219
0 TECHNOLOGY DR PITTSBURGH PA 15219,15219
300 HOLMES PL PITTSBURGH PA 15213,15213
302 HOLMES PL PITTSBURGH PA 15213,15213
304 HOLMES PL PITTSBURGH PA 15213,15213
306 HOLMES PL PITTSBURGH PA 15213,15213
307 HOLMES PL PITTSBURGH PA 15213,15213
305 HOLMES PL PITTSBURGH PA 15213,15213
303 HOLMES PL PITTSBURGH PA 15213,15213
301 HOLMES PL PITTSBURGH PA 15213,15213
3253 NIAGARA SQ PITTSBURGH PA 15213,15213
3251 NIAGARA SQ PITTSBURGH PA 15213,15213
3250 NIAGARA SQ PITTSBURGH PA 15213,15213
3249 NIAGARA SQ PITTSBURGH PA 15213,15213
3248 NIAGARA SQ PITTSBURGH PA 15213,15213
3247 NIAGARA SQ PITTSBURGH PA 15213,15213
0 LAWN ST PITTSBURGH PA 15213,15213
0 LAWN ST PITTSBURGH PA 15213,15213
0 MAURICE ST PITTSBURGH PA 15213,15213
0 MAURICE ST PITTSBURGH PA 15213,15213
0 MAURICE ST PITTSBURGH PA 15213,15213
0 MAURICE ST PITTSBURGH PA 15213,15213
0 ROCK WAY PITTSBURGH PA 15213,15213
3274 WARD ST PITTSBURGH PA 15213,15213
3270 WARD ST PITTSBURGH PA 15213,15213
0 WARD ST PITTSBURGH PA 15213,15213
3302 WARD ST PITTSBURGH PA 15213,15213
3326 PARKVIEW AVE PITTSBURGH PA 15213,15213
3324 PARKVIEW AVE PITTSBURGH PA 15213,15213
3322 PARKVIEW AVE PITTSBURGH PA 15213,15213
3316 PARKVIEW AVE PITTSBURGH PA 15213,15213
3314 PARKVIEW AVE PITTSBURGH PA 15213,15213
3312 PARKVIEW AVE PITTSBURGH PA 15213,15213
3310 PARKVIEW AVE PITTSBURGH PA 15213,15213
3308 PARKVIEW AVE PITTSBURGH PA 15213,15213
3277 DAWSON ST PITTSBURGH PA 15213,15213
3279 DAWSON ST PITTSBURGH PA 15213,15213
3281 DAWSON ST PITTSBURGH PA 15213,15213
3283 DAWSON ST PITTSBURGH PA 15213,15213
3287 DAWSON ST PITTSBURGH PA 15213,15213
100 HOLMES PL PITTSBURGH PA 15213,15213
104 HOLMES PL PITTSBURGH PA 15213,15213
401 TECHNOLOGY DR PITTSBURGH PA 15219,15219
401 TECHNOLOGY DR PITTSBURGH PA 15219,15219
0 TECHNOLOGY DR PITTSBURGH PA 15219,15219
0 TECHNOLOGY DR PITTSBURGH PA 15219,15219
329 -331 TECHNOLOGY DR PITTSBURGH PA 15219,15219
3436 FRAZIER ST PITTSBURGH PA 15213,15213
3434 FRAZIER ST PITTSBURGH PA 15213,15213
3432 FRAZIER ST PITTSBURGH PA 15213,15213
0 ROMEO ST PITTSBURGH PA 15213,15213
0 ROMEO ST PITTSBURGH PA 15213,15213
0 ROMEO ST PITTSBURGH PA 15213,15213
3231 GORMAN WAY PITTSBURGH PA 15213,15213
3233 GORMAN WAY PITTSBURGH PA 15213,15213
3235 GORMAN WAY PITTSBURGH PA 15213,15213
3237 GORMAN WAY PITTSBURGH PA 15213,15213
0 SWINBURNE ST PITTSBURGH PA 15213,15213
3605 SWINBURNE ST PITTSBURGH PA 15213,15213
3609 SWINBURNE ST PITTSBURGH PA 15213,15213
0 ROCK WAY PITTSBURGH PA 15213,15213
0 ROCK WAY PITTSBURGH PA 15213,15213
0 ROCK WAY PITTSBURGH PA 15213,15213
0 ROCK WAY PITTSBURGH PA 15213,15213
3621 BLVD OF THE ALLIES PITTSBURGH PA 15213,15213
3623 BLVD OF THE ALLIES PITTSBURGH PA 15213,15213
3600 BLVD OF THE ALLIES PITTSBURGH PA 15213,15213
3600 BLVD OF THE ALLIES PITTSBURGH PA 15213,15213
3336 WARD ST PITTSBURGH PA 15213,15213
3334 WARD ST PITTSBURGH PA 15213,15213
3328 WARD ST PITTSBURGH PA 15213,15213
3326 WARD ST PITTSBURGH PA 15213,15213
3324 WARD ST PITTSBURGH PA 15213,15213
3306 PARKVIEW AVE PITTSBURGH PA 15213,15213
3217 WARD ST PITTSBURGH PA 15213,15213
3211 -3215 WARD ST PITTSBURGH PA 15213,15213
3209 WARD ST PITTSBURGH PA 15213,15213
3207 WARD ST PITTSBURGH PA 15213,15213
3205 WARD ST PITTSBURGH PA 15213,15213
3535 FRAZIER ST PITTSBURGH PA 15213,15213
3206 WARD ST PITTSBURGH PA 15213,15213
3208 WARD ST PITTSBURGH PA 15213,15213
3208 WARD ST PITTSBURGH PA 15213,15213
0 MACKEY ST PITTSBURGH PA 15213,15213
0 MACKEY ST PITTSBURGH PA 15213,15213
21 HODGE ST PITTSBURGH PA 15213,15213
0 WAKEFIELD ST PITTSBURGH PA 15213,15213
0 WAKEFIELD ST PITTSBURGH PA 15213,15213
0 WAKEFIELD ST PITTSBURGH PA 15213,15213
0 WAKEFIELD ST PITTSBURGH PA 15213,15213
0 WAKEFIELD ST PITTSBURGH PA 15213,15213
16 WAKEFIELD ST PITTSBURGH PA 15213,15213
14 DAWSON CT PITTSBURGH PA 15213,15213
12 DAWSON CT PITTSBURGH PA 15213,15213
8 DAWSON CT PITTSBURGH PA 15213,15213
6 DAWSON CT PITTSBURGH PA 15213,15213
4 DAWSON CT PITTSBURGH PA 15213,15213
2 DAWSON CT PITTSBURGH PA 15213,15213
1 DAWSON CT PITTSBURGH PA 15213,15213
3264 DAWSON ST PITTSBURGH PA 15213,15213
3262 DAWSON ST PITTSBURGH PA 15213,15213
3260 DAWSON ST PITTSBURGH PA 15213,15213
3258 DAWSON ST PITTSBURGH PA 15213,15213
3254 DAWSON ST PITTSBURGH PA 15213,15213
3630 FRAZIER ST PITTSBURGH PA 15213,15213
3626 FRAZIER ST PITTSBURGH PA 15213,15213
3624 FRAZIER ST PITTSBURGH PA 15213,15213
3622 FRAZIER ST PITTSBURGH PA 15213,15213
3864 2ND AVE PITTSBURGH PA 15213,15213
0 CALVIN ST PITTSBURGH PA 15213,15213
0 WAKEFIELD ST PITTSBURGH PA 15213,15213
0 WAKEFIELD ST PITTSBURGH PA 15213,15213
3238 NIAGARA SQ PITTSBURGH PA 15213,15213
3236 NIAGARA SQ PITTSBURGH PA 15213,15213
3237 NIAGARA SQ PITTSBURGH PA 15213,15213
0 ROCK WAY PITTSBURGH PA 15219,15219
0 ROCK WAY PITTSBURGH PA 15219,15219
0 ROCK WAY PITTSBURGH PA 15219,15219
0 ROCK WAY PITTSBURGH PA 15219,15219
0 ROCK WAY PITTSBURGH PA 15219,15219
0 ROCK WAY PITTSBURGH PA 15219,15219
515 -775 TECHNOLOGY DR PITTSBURGH PA 15219,15219
0 2ND AVE PITTSBURGH PA 15219,15219
3250 BLVD OF THE ALLIES PITTSBURGH PA 15213,15213
294 CRAFT AVE PITTSBURGH PA 15213,15213
15 HODGE ST PITTSBURGH PA 15213,15213
0 HODGE ST PITTSBURGH PA 15213,15213
0 HODGE ST PITTSBURGH PA 15213,15213
7 HODGE ST PITTSBURGH PA 15213,15213
0 HODGE ST PITTSBURGH PA 15213,15213
0 HODGE ST PITTSBURGH PA 15213,15213
0 HODGE ST PITTSBURGH PA 15213,15213
0 HALKET ST PITTSBURGH PA 15213,15213
3304 WARD ST PITTSBURGH PA 15213,15213
2 EDITH PL PITTSBURGH PA 15213,15213
4 EDITH PL PITTSBURGH PA 15213,15213
6 EDITH PL PITTSBURGH PA 15213,15213
10 EDITH PL PITTSBURGH PA 15213,15213
5 DAWSON CT PITTSBURGH PA 15213,15213
0 CHILDS ST PITTSBURGH PA 15213,15213
3623 CHILDS ST PITTSBURGH PA 15213,15213
3621 CHILDS ST PITTSBURGH PA 15213,15213
3617 CHILDS ST PITTSBURGH PA 15213,15213
0 SWINBURNE ST PITTSBURGH PA 15213,15213
3611 CHILDS ST PITTSBURGH PA 15213,15213
3605 CHILDS ST PITTSBURGH PA 15213,15213
3376 SWINBURNE ST PITTSBURGH PA 15213,15213
3721 SWINBURNE ST PITTSBURGH PA 15213,15213
106 HOLMES PL PITTSBURGH PA 15213,15213
107 HOLMES PL PITTSBURGH PA 15213,15213
0 WAKEFIELD ST PITTSBURGH PA 15213,15213
0 WAKEFIELD ST PITTSBURGH PA 15213,15213
3703 BLVD OF THE ALLIES PITTSBURGH PA 15213,15213
3702 BLVD OF THE ALLIES PITTSBURGH PA 15213,15213
3382 PARKVIEW AVE PITTSBURGH PA 15213,15213
3380 PARKVIEW AVE PITTSBURGH PA 15213,15213
3378 PARKVIEW AVE PITTSBURGH PA 15213,15213
3374 PARKVIEW AVE PITTSBURGH PA 15213,15213
3370 PARKVIEW AVE PITTSBURGH PA 15213,15213
3368 PARKVIEW AVE PITTSBURGH PA 15213,15213
3366 PARKVIEW AVE PITTSBURGH PA 15213,15213
0 ROMEO ST PITTSBURGH PA 15213,15213
400 CATO ST PITTSBURGH PA 15213,15213
3202 NIAGARA ST PITTSBURGH PA 15213,15213
3229 JOE HAMMER SQ PITTSBURGH PA 15213,15213
3225 JOE HAMMER SQ PITTSBURGH PA 15213,15213
3223 JOE HAMMER SQ PITTSBURGH PA 15213,15213
3221 JOE HAMMER SQ PITTSBURGH PA 15213,15213
3219 JOE HAMMER SQ PITTSBURGH PA 15213,15213
3200 JOE HAMMER SQ PITTSBURGH PA 15213,15213
3204 JOE HAMMER SQ PITTSBURGH PA 15213,15213
3206 JOE HAMMER SQ PITTSBURGH PA 15213,15213
3355 DAWSON ST PITTSBURGH PA 15213,15213
3353 DAWSON ST PITTSBURGH PA 15213,15213
3351 DAWSON ST PITTSBURGH PA 15213,15213
12 EDITH PL PITTSBURGH PA 15213,15213
14 EDITH PL PITTSBURGH PA 15213,15213
16 EDITH PL PITTSBURGH PA 15213,15213
100 TECHNOLOGY DR PITTSBURGH PA 15219,15219
0 2ND AVE PITTSBURGH PA 15219,15219
0 TECHNOLOGY DR PITTSBURGH PA 15219,15219
0 2ND AVE PITTSBURGH PA 15213,15213
0 BOHEM ST PITTSBURGH PA 15213,15213
0 BOHEM ST PITTSBURGH PA 15213,15213
0 BOHEM ST PITTSBURGH PA 15213,15213
3131 BOHEM ST PITTSBURGH PA 15213,15213
3133 BOHEM ST PITTSBURGH PA 15213,15213
0 OAKLAND CT PITTSBURGH PA 15213,15213
103 HOLMES PL PITTSBURGH PA 15213,15213
200 HOLMES PL UNIT 1 PITTSBURGH PA 15213,15213
200 HOLMES PL UNIT 5 PITTSBURGH PA 15213,15213
200 HOLMES PL UNIT 9 PITTSBURGH PA 15213,15213
200 HOLMES PL UNIT 3 PITTSBURGH PA 15213,15213
200 HOLMES PL UNIT 7 PITTSBURGH PA 15213,15213
0 WAKEFIELD ST PITTSBURGH PA 15213,15213
0 WAKEFIELD ST PITTSBURGH PA 15213,15213
0 WAKEFIELD ST PITTSBURGH PA 15213,15213
0 WAKEFIELD ST PITTSBURGH PA 15213,15213
0 WHITNEY ST PITTSBURGH PA 15213,15213
0 WAKEFIELD ST PITTSBURGH PA 15213,15213
0 WAKEFIELD ST PITTSBURGH PA 15213,15213
402 CATO ST PITTSBURGH PA 15213,15213
406 CATO ST PITTSBURGH PA 15213,15213
3249 JULIET ST PITTSBURGH PA 15213,15213
3247 JULIET ST PITTSBURGH PA 15213,15213
3245 JULIET ST PITTSBURGH PA 15213,15213
3243 JULIET ST PITTSBURGH PA 15213,15213
3241 JULIET ST PITTSBURGH PA 15213,15213
3252 DAWSON ST PITTSBURGH PA 15213,15213
3250 DAWSON ST PITTSBURGH PA 15213,15213
3251 PARKVIEW AVE PITTSBURGH PA 15213,15213
3253 PARKVIEW AVE PITTSBURGH PA 15213,15213
3255 PARKVIEW AVE PITTSBURGH PA 15213,15213
3214 JOE HAMMER SQ PITTSBURGH PA 15213,15213
3216 JOE HAMMER SQ PITTSBURGH PA 15213,15213
3218 JOE HAMMER SQ PITTSBURGH PA 15213,15213
3220 JOE HAMMER SQ PITTSBURGH PA 15213,15213
0 JOE HAMMER SQ PITTSBURGH PA 15213,15213
306 CRAFT AVE PITTSBURGH PA 15213,15213
3308 WARD ST PITTSBURGH PA 15213,15213
