raw_address,source_zip
5277 TRILLIUM BLVD HOFFMAN ESTS IL 60192,60192
223 W MAIN ST BARRINGTON IL 60010,60010
213 W MAIN ST BARRINGTON IL 60010,60010
200 APPLEBEE STREET BARRINGTON IL 60010,60010
207 W MAIN ST BARRINGTON IL 60010,60010
149 W MAIN ST BARRINGTON IL 60010,60010
123 W MAIN ST BARRINGTON IL 60010,60010
2400 BIG TIMBER RD103A ELGIN IL 60124,60124
234 W STATION ST BARRINGTON IL 60010,60010
228 W STATION ST BARRINGTON IL 60010,60010
214 W STATION ST BARRINGTON IL 60010,60010
202 West Station Stree BARRINGTON IL 60010,60010
217 W STATION ST BARRINGTON IL 60010,60010
207 W STATION ST BARRINGTON IL 60010,60010
205 W STATION ST BARRINGTON IL 60010,60010
201 W STATION ST BARRINGTON IL 60010,60010
145 W STATION ST BARRINGTON IL 60010,60010
137 W STATION ST BARRINGTON IL 60010,60010
135 W STATION ST BARRINGTON IL 60010,60010
250 W LAKE ST BARRINGTON IL 60010,60010
27739 N FOREST GARDEN WAUCONDA IL 60084,60084
236 W LAKE ST BARRINGTON IL 60010,60010
230 W LAKE ST BARRINGTON IL 60010,60010
216 W LAKE ST BARRINGTON IL 60010,60010
208 W LAKE ST BARRINGTON IL 60010,60010
208 W LAKE ST BARRINGTON IL 60010,60010
200 W LAKE ST BARRINGTON IL 60010,60010
130 W LAKE ST BARRINGTON IL 60010,60010
201 W MAIN ST BARRINGTON IL 60010,60010
338 W LAKE ST BARRINGTON IL 60010,60010
200 W STATION ST BARRINGTON IL 60010,60010
148 W STATION ST BARRINGTON IL 60010,60010
221 W STATION ST BARRINGTON IL 60010,60010
226 W LAKE ST BARRINGTON IL 60010,60010
237 W MAIN ST BARRINGTON IL 60010,60010
61 Otis Road BARRINGTON IL 60010,60010
214 S HOUGH ST BARRINGTON IL 60010,60010
142 W LAKE ST BARRINGTON IL 60010,60010
PO BOX 782 BARRINGTON IL 60011,60011
142 W STATION STREET BARRINGTON IL 60010,60010
126 W LAKE ST BARRINGTON IL 60010,60010
118 W LAKE ST BARRINGTON IL 60010,60010
114 W LAKE ST BARRINGTON IL 60010,60010
218 W STATION ST BARRINGTON IL 60010,60010
130 W LAKE ST BARRINGTON IL 60010,60010
131 W STATION ST BARRINGTON IL 60010,60010
240 West Lake Street Barrington IL 60010,60010
1603 ORRINGTON STE 990 EVANSTON IL 60201,60201
237 WEST STATION ST. BARRINGTON IL 60010,60010
203 DUNDEE AVE BARRINGTON IL 60010,60010
101 S HOUGH ST SUITE10 BARRINGTON IL 60010,60010
35 W WACKER DR 11TH FL CHICAGO IL 60601,60601
100 E STATION STREET BARRINGTON IL 60010,60010
127 E MAIN ST BARRINGTON IL 60010,60010
2255 N CHARTER POINT D ARLNGTON HTS IL 60004,60004
222 S COOK ST BARRINGTON IL 60010,60010
POB 608 HIGHLAND PK IL 60035,60035
812 FOX POINTE CIR DELRAY BEACH FL 33445,33445
1630 SHERIDAN RD #1K WILMETTE IL 60091,60091
125 S HOUGH ST BARRINGTON IL 60010,60010
1120 OAK GROVE LN LAKE FOREST IL 60045,60045
207 LIDO TRAIL BARTLETT IL 60103,60103
812 FOX POINTE CIR DELRAY BEACH FL 33445,33445
100 E STATION ST BARRINGTON IL 60010,60010
100 E STATION ST BARRINGTON IL 60010,60010
100 E STATION ST BARRINGTON IL 60010,60010
100 E STATION ST BARRINGTON IL 60010,60010
100 E STATION ST BARRINGTON IL 60010,60010
100 E STATION ST #224 BARRINGTON IL 60010,60010
230 LINDEN RD BARRINGTON IL 60010,60010
100 E STATION ST BARRINGTON IL 60010,60010
100 E STATION ST BARRINGTON IL 60010,60010
100 E STATION ST 340 BARRINGTON IL 60010,60010
5N466 HARVEST LN ST CHARLES IL 60175,60175
3079 Primrose Drive WILLITS CA 95490,95490
100 E STATION ST 336 BARRINGTON IL 60010,60010
5N466 HARVEST LN ST CHARLES IL 60175,60175
100 E STATION ST BARRINGTON IL 60010,60010
100 E STATION ST BARRINGTON IL 60010,60010
100 E STATION ST BARRINGTON IL 60010,60010
470 BERKSHIRE CRYSTAL LAKE IL 60014,60014
92 HART RD BARRINGTON IL 60010,60010
100 E STATION ST BARRINGTON IL 60010,60010
100 E STATION ST BARRINGTON IL 60010,60010
100 E STATION ST BARRINGTON IL 60010,60010
100 E STATION ST BARRINGTON IL 60010,60010
100 E STATION ST BARRINGTON IL 60010,60010
100 E STATION ST BARRINGTON IL 60010,60010
100 E STATION ST BARRINGTON IL 60010,60010
100 E STATION ST BARRINGTON IL 60010,60010
100 E STATION STREET BARRINGTON IL 60010,60010
100 E STATION ST BARRINGTON IL 60010,60010
100 E STATON ST BARRINGTON IL 60010,60010
100 E STATION STREET BARRINGTON IL 60010,60010
100 E STATION ST BARRINGTON IL 60010,60010
100 E STATION ST#220 BARRINGTON IL 60010,60010
100 E STATION ST BARRINGTON IL 60010,60010
100 E STATION ST#204 BARRINGTON IL 60010,60010
100 E STATION ST#204 BARRINGTON IL 60010,60010
100 E STATION ST BARRINGTON IL 60010,60010
100 E STATION ST BARRINGTON IL 60010,60010
100 E STATION ST BARRINGTON IL 60010,60010
100 E STATION ST BARRINGTON IL 60010,60010
100 E STATION 236 BARRINGTON IL 60010,60010
100 E STATION 236 BARRINGTON IL 60010,60010
2629 LATRIUM CIR S PONTE VEDRA FL 32082,32082
100 E STATION ST#324 BARRINGTON IL 60010,60010
1145 GLENCREST DR INVERNESS IL 60010,60010
100 E STATION ST BARRINGTON IL 60010,60010
100 E STATION ST BARRINGTON IL 60010,60010
100 E STATION ST #100 BARRINGTON IL 60010,60010
100 E STATION ST #100 BARRINGTON IL 60010,60010
100 E STATION ST #100 BARRINGTON IL 60010,60010
100 E STATION ST BARRINGTON IL 60010,60010
100 E STATION ST BARRINGTON IL 60010,60010
100 E STATION ST BARRINGTON IL 60010,60010
100 E STATION ST BARRINGTON IL 60010,60010
100 E STATION ST BARRINGTON IL 60010,60010
100 E STATION ST BARRINGTON IL 60010,60010
100 E STATION ST BARRINGTON IL 60010,60010
100 E STATION ST BARRINGTON IL 60010,60010
100 E STATION ST BARRINGTON IL 60010,60010
100 E STATION ST BARRINGTON IL 60010,60010
100 E STATION ST BARRINGTON IL 60010,60010
100 E STATION ST BARRINGTON IL 60010,60010
100 E STATION ST BARRINGTON IL 60010,60010
100 E STATION ST BARRINGTON IL 60010,60010
100 E STATION ST#204 BARRINGTON IL 60010,60010
100 E STATION ST #100 BARRINGTON IL 60010,60010
5N466 HARVEST LN ST CHARLES IL 60175,60175
100 E STATION ST #100 BARRINGTON IL 60010,60010
100 E STATION ST#220 BARRINGTON IL 60010,60010
100 E STATION ST #224 BARRINGTON IL 60010,60010
100 E STATION ST #100 BARRINGTON IL 60010,60010
100 E STATION ST #100 BARRINGTON IL 60010,60010
100 E STATION ST 236 BARRINGTON IL 60010,60010
92 HART RD BARRINGTON IL 60010,60010
2629 LATRIUM CIR S PONTE VEDRA FL 32082,32082
100 E STATION ST #100 BARRINGTON IL 60010,60010
3079 PRIMROSE DRIVE WILLITS CA 95490,95490
5N466 HARVEST LN ST CHARLES IL 60175,60175
1145 GLENCREST DR INVERNESS IL 60010,60010
100 E STATION ST#324 BARRINGTON IL 60010,60010
100 E STATION ST #100 BARRINGTON IL 60010,60010
100 E STATION ST#332 BARRINGTON IL 60010,60010
100 E STATION ST #100 BARRINGTON IL 60010,60010
100 E STATION ST#336 BARRINGTON IL 60010,60010
100 E STATION ST 340 BARRINGTON IL 60010,60010
42 HAVERSHAM LN N BARRINGTON IL 60010,60010
130 W LAKE ST BARRINGTON IL 60010,60010
61 HAWLEY WOODS ROAD BARRINGTON IL 60010,60010
328 W STATION ST BARRINGTON IL 60010,60010
42 HAVERSHAM LN N BARRINGTON IL 60010,60010
230 LINDEN ROAD BARRINGTON IL 60010,60010
130 W LAKE ST BARRINGTON IL 60010,60010
219 PARK AVE BARRINGTON IL 60010,60010
237 E MAIN BARRINGTON IL 60010,60010
PO BOX 9 BARRINGTON IL 60011,60011
303 E MAIN ST STE 205 BARRINGTON IL 60010,60010
303 E MAIN ST STE 205 BARRINGTON IL 60010,60010
311 E MAIN ST #311 BARRINGTON IL 60010,60010
26927 LONGMEADOW CIRCL MUNDELEIN IL 60060,60060
358 OLD SUTTON RD BARRINGTON IL 60010,60010
358 OLD SUTTON RD BARRINGTON IL 60010,60010
358 SUTTON RD BARRINGTON IL 60010,60010
11 PORTER SCHOOL ROAD BARRINGTON IL 60010,60010
6676 LINCOLN AVENUE LINCOLNWOOD IL 60712,60712
222 S COOK ST BARRINGTON IL 60010,60010
201 S. Hough St Barrington IL 60010,60010
201 S COOK ST BARRINGTON IL 60010,60010
51 GROMER RD ELGIN IL 60120,60120
280 N OLD RAND RD LAKE ZURICH IL 60047,60047
130 W LAKE ST BARRINGTON IL 60010,60010
201 S HOUGH ST BARRINGTON IL 60010,60010
PO BOX 755 CHICAGO IL 60690,60690
PO BOX 755 CHICAGO IL 60690,60690
PO BOX 755 CHICAGO IL 60690,60690
PO BOX 755 CHICAGO IL 60690,60690
PO BOX 755 CHICAGO IL 60690,60690
PO BOX 755 CHICAGO IL 60690,60690
PO BOX 755 CHICAGO IL 60690,60690
2421 SIMPSON EVANSTON IL 60201,60201
249 W LAKE ST BARRINGTON IL 60010,60010
245 W LAKE ST BARRINGTON IL 60010,60010
239 W Lake St BARRINGTON IL 60010,60010
233 W LAKE ST BARRINGTON IL 60010,60010
227 W LAKE ST BARRINGTON IL 60010,60010
217 W LAKE ST BARRINGTON IL 60010,60010
213 W LAKE ST BARRINGTON IL 60010,60010
135 W LAKE ST BARRINGTON IL 60010,60010
125 W LAKE ST BARRINGTON IL 60010,60010
121 W LAKE ST BARRINGTON IL 60010,60010
248 W LINCOLN AVE BARRINGTON IL 60010,60010
244 W LINCOLN AVE BARRINGTON IL 60010,60010
238 W LINCOLN BARRINGTON IL 60010,60010
234 W LINCOLN AVE BARRINGTON IL 60010,60010
228 W LINCOLN AVE BARRINGTON IL 60010,60010
222 W LINCOLN AVE BARRINGTON IL 60010,60010
212 W LINCOLN AVE BARRINGTON IL 60010,60010
204 W LINCOLN AVE BARRINGTON IL 60010,60010
200 W LINCOLN AVE BARRINGTON IL 60010,60010
140 W LINCOLN AVE BARRINGTON IL 60010,60010
138 W LINCOLN AVE BARRINGTON IL 60010,60010
132 W LINCOLN AVE BARRINGTON IL 60010,60010
201 W LAKE STREET BARRINGTON IL 60010,60010
141 W LAKE ST BARRINGTON IL 60010,60010
145 W LAKE STREET BARRINGTON IL 60010,60010
323 W MAIN ST BARRINGTON IL 60010,60010
300 S COOK ST BARRINGTON IL 60010,60010
308 S COOK ST BARRINGTON IL 60010,60010
316 S COOK ST BARRINGTON IL 60010,60010
305 S COOK ST BARRINGTON IL 60010,60010
312 GROVE AVE BARRINGTON IL 60010,60010
316 S GROVE AVE BARRINGTON IL 60010,60010
308 S GROVE AVE BARRINGTON IL 60010,60010
308 S GROVE AV BARRINGTON IL 60010,60010
319 S COOK ST BARRINGTON IL 60010,60010
309 S COOK ST BARRINGTON IL 60010,60010
303 S GROVE AVE BARRINGTON IL 60010,60010
309 S GROVE AVE BARRINGTON IL 60010,60010
313 S GROVE AVE BARRINGTON IL 60010,60010
319 S GROVE AVE BARRINGTON IL 60010,60010
312 E LINCOLN AVE BARRINGTON IL 60010,60010
316 E LINCOLN AVE BARRINGTON IL 60010,60010
2412 W BELDEN AVE#2F CHICAGO IL 60647,60647
317 E LAKE ST BARRINGTON IL 60010,60010
2421 SIMPSON EVANSTON IL 60201,60201
602 DIVISION ST BARRINGTON IL 60010,60010
247 W LINCOLN AV BARRINGTON IL 60010,60010
245 W LINCOLN AVE BARRINGTON IL 60010,60010
239 W LINCOLN AVE BARRINGTON IL 60010,60010
235 W LINCOLN AVE BARRINGTON IL 60010,60010
229 W LINCOLN AVE BARRINGTON IL 60010,60010
223 W LINCOLN AV BARRINGTON IL 60010,60010
217 W LINCOLN AVE BARRINGTON IL 60010,60010
213 W LINCOLN AVE BARRINGTON IL 60010,60010
209 W LINCOLN AVE BARRINGTON IL 60010,60010
203 W LINCOLN AV BARRINGTON IL 60010,60010
248 W RUSSELL ST BARRINGTON IL 60010,60010
244 W RUSSELL ST BARRINGTON IL 60010,60010
238 W RUSSELL ST BARRINGTON IL 60010,60010
234 W RUSSELL ST BARRINGTON IL 60010,60010
218 W RUSSELL ST BARRINGTON IL 60010,60010
1213 ADLER LN CAROL STREAM IL 60188,60188
206 W RUSSELL BARRINGTON IL 60010,60010
200 W RUSSELL ST BARRINGTON IL 60010,60010
228 W RUSSELL ST BARRINGTON IL 60010,60010
141 W LINCOLN AVE BARRINGTON IL 60010,60010
137 W LINCOLN AVE BARRINGTON IL 60010,60010
140 W RUSSELL ST BARRINGTON IL 60010,60010
134 W RUSSELL ST BARRINGTON IL 60010,60010
115 W LINCOLN AV BARRINGTON IL 60010,60010
5N475 Brown Rd ST CHARLES IL 60175,60175
115 W LINCOLN AVE BARRINGTON IL 60010,60010
133 W LINCOLN AVE BARRINGTON IL 60010,60010
130 W RUSSELL ST BARRINGTON IL 60010,60010
124 W RUSSELL ST BARRINGTON IL 60010,60010
115 W LINCOLN AVE BARRINGTON IL 60010,60010
512 S HOUGH ST BARRINGTON IL 60010,60010
400 SOUTH COOK STREET BARRINGTON IL 60010,60010
407 S HOUGH ST BARRINGTON IL 60010,60010
406 S COOK ST BARRINGTON IL 60010,60010
413 S HOUGH ST BARRINGTON IL 60010,60010
412 S COOK ST BARRINGTON IL 60010,60010
417 S HOUGH ST BARRINGTON IL 60010,60010
106 E RUSSELL ST BARRINGTON IL 60010,60010
112 E RUSSELL ST BARRINGTON IL 60010,60010
501 INVERWAY INVERNESS IL 60067,60067
401 S COOK STREET BARRINGTON IL 60010,60010
400 S Grove Ave BARRINGTON IL 60010,60010
407 S COOK ST BARRINGTON IL 60010,60010
400 S GROVE AVE BARRINGTON IL 60010,60010
413 S COOK ST BARRINGTON IL 60010,60010
33 W HIGGINS RD #720 S BARRINGTON IL 60010,60010
416 S GROVE AVE BARRINGTON IL 60010,60010
410 S GROVE AVE BARRINGTON IL 60010,60010
2975 East Wesley Ave DENVER CO 80210,80210
407 S GROVE AVENUE BARRINGTON IL 60010,60010
417 S GROVE AVE BARRINGTON IL 60010,60010
411 S GROVE AVE BARRINGTON IL 60010,60010
325 E LINCOLN AVE BARRINGTON IL 60010,60010
14 NORTHCREST RD LAKE ZURICH IL 60047,60047
339 E LINCOLN AV BARRINGTON IL 60010,60010
409 S SPRING ST BARRINGTON IL 60010,60010
416 N SMITH ST PALATINE IL 60067,60067
7763 OLD POST RD CRYSTAL LAKE IL 60014,60014
813 VALLEY STREAM DR#D WHEELING IL 60090,60090
341 E LINCOLN AVE BARRINGTON IL 60010,60010
343 E LINCOLN AVE BARRINGTON IL 60010,60010
249 W RUSSELL ST BARRINGTON IL 60010,60010
245 W RUSSELL ST BARRINGTON IL 60010,60010
239 W RUSSELL ST BARRINGTON IL 60010,60010
233 W RUSSELL ST BARRINGTON IL 60010,60010
227 W RUSSELL BARRINGTON IL 60010,60010
223 W RUSSELL ST BARRINGTON IL 60010,60010
219 W RUSSELL STREET BARRINGTON IL 60010,60010
217 N SALEM RD RIDGEFIELD CT 06877,06877
207 W RUSSELL ST BARRINGTON IL 60010,60010
201 W RUSSELL ST BARRINGTON IL 60010,60010
238 COOLIDGE AVE BARRINGTON IL 60010,60010
234 COOLIDGE AV BARRINGTON IL 60010,60010
230 COOLIDGE AV BARRINGTON IL 60010,60010
226 COOLIDGE AVE BARRINGTON IL 60010,60010
218 COOLIDGE AVE BARRINGTON IL 60010,60010
19671 SEAWIND CIRCLE HUNTNGTN BCH CA 92648,92648
206 COOLIDGE AVE BARRINGTON IL 60010,60010
200 COOLIDGE AVE BARRINGTON IL 60010,60010
380 WOODVIEW RD APT A LK BARRNGTN IL 60010,60010
244 COOLIDGE AVE BARRINGTON IL 60010,60010
1820 W WEBSTER #100 CHICAGO IL 60614,60614
135 W RUSSELL ST BARRINGTON IL 60010,60010
131 W RUSSELL ST BARRINGTON IL 60010,60010
125 W RUSSELL ST BARRINGTON IL 60010,60010
119 W RUSSELL ST BARRINGTON IL 60010,60010
1208 S DIVISION ST BARRINGTON IL 60010,60010
136 COOLIDGE AVE BARRINGTON IL 60010,60010
179 TAMARACK LN #A BARRINGTON IL 60010,60010
124 COOLIDGE AV BARRINGTON IL 60010,60010
1704 CABRIOLE MEWS VIRGINIA BCH VA 23455,23455
22285 N PEPPERRD #212 LK BARRINGTN IL 60010,60010
110 W COOLIDGE AV BARRINGTON IL 60010,60010
1820 W WEBSTER #100 CHICAGO IL 60614,60614
506 S HOUGH ST BARRINGTON IL 60010,60010
512 S HOUGH ST BARRINGTON IL 60010,60010
18682 CAMINITO PASADER SAN DIEGO CA 92128,92128
506 S HOUGH ST BARRINGTON IL 60010,60010
419 LILL STREET BARRINGTON IL 60010,60010
136 COOLIDGE AVE BARRINGTON IL 60010,60010
239 COOLIDGE AVE BARRINGTON IL 60010,60010
235 COOLIDGE AVE BARRINGTON IL 60010,60010
231 COOLIDGE AVENUE BARRINGTON IL 60010,60010
227 COOLIDGE AV BARRINGTON IL 60010,60010
225 COOLIDGE AVE BARRINGTON IL 60010,60010
221 COOLIDGE AVE BARRINGTON IL 60010,60010
215 COOLIDGE AVE BARRINGTON IL 60010,60010
209 COOLIDGE AVE BARRINGTON IL 60010,60010
201 COOLIDGE AVE BARRINGTON IL 60010,60010
250 MONUMENT AVENUE BARRINGTON IL 60010,60010
250 MONUMENT AVENUE BARRINGTON IL 60010,60010
222 MONUMENT AVE BARRINGTON IL 60010,60010
216 MONUMENT AV BARRINGTON IL 60010,60010
204 MONUMENT AVE BARRINGTON IL 60010,60010
247 W COOLIDGE AV BARRINGTON IL 60010,60010
205 COOLIDGE AVE BARRINGTON IL 60010,60010
534 LILL ST BARRINGTON IL 60010,60010
242 MONUMENT AVE BARRINGTON IL 60010,60010
236 MONUMENT BARRINGTON IL 60010,60010
116 HARPETH TRACE SMT NASHVILLE TN 37221,37221
141 COOLIDGE AVE BARRINGTON IL 60010,60010
135 COOLIDGE AVE BARRINGTON IL 60010,60010
129 COOLIDGE AVE BARRINGTON IL 60010,60010
123 COOLIDGE AVE BARRINGTON IL 60010,60010
119 COOLIDGE AV BARRINGTON IL 60010,60010
115 COLLIDGE AV BARRINGTON IL 60010,60010
522 S HOUGH ST BARRINGTON IL 60010,60010
536 S HOUGH ST BARRINGTON IL 60010,60010
540 S HOUGH ST BARRINGTON IL 60010,60010
534 LILL ST BARRINGTON IL 60010,60010
540 LILL ST BARRINGTON IL 60010,60010
535 LILL ST BARRINGTON IL 60010,60010
539 S LILL STREET BARRINGTON IL 60010,60010
545 LILL ST BARRINGTON IL 60010,60010
540 LILL ST BARRINGTON IL 60010,60010
540 LILL ST BARRINGTON IL 60010,60010
140 MONUMENT AVE BARRINGTON IL 60010,60010
130 MONUMENT AVE BARRINGTON IL 60010,60010
120 MONUMENT BARRINGTON IL 60010,60010
530 S HOUGH ST BARRINGTON IL 60010,60010
115 COOLIDGE BARRINGTON IL 60010,60010
340 E NORTH WATER 2500 CHICAGO IL 60611,60611
540 S HOUGH ST BARRINGTON IL 60010,60010
648 S HOUGH ST BARRINGTON IL 60010,60010
652 S HOUGH ST BARRINGTON IL 60010,60010
1 BOW LN BARRINGTON IL 60010,60010
500 W COUNTY LINE RD BARRINGTON IL 60010,60010
214 W HILLSIDE AVE BARRINGTON IL 60010,60010
208 W HILLSIDE AVE BARRINGTON IL 60010,60010
202 W HILLSIDE AV BARRINGTON IL 60010,60010
140 W HILLSIDE AVE BARRINGTON IL 60010,60010
134 W HILLSIDE AVE BARRINGTON IL 60010,60010
128 W HILLSIDE AVE BARRINGTON IL 60010,60010
124 W HILLSIDE AVE BARRINGTON IL 60010,60010
120 W HILLSIDE AVE BARRINGTON IL 60010,60010
116 W HILLSIDE AVE BARRINGTON IL 60010,60010
3 YALE CT HAWTHORN WOO IL 60047,60047
245 MONUMENT AVE BARRINGTON IL 60010,60010
609 DUNDEE AVE BARRINGTON IL 60010,60010
615 DUNDEE AVE BARRINGTON IL 60010,60010
621 S DUNDEE AV BARRINGTON IL 60010,60010
627 DUNDEE AVE BARRINGTON IL 60010,60010
239 MONUMENT AV BARRINGTON IL 60010,60010
233 MONUMENT AVE BARRINGTON IL 60010,60010
227 MONUMENT AVE BARRINGTON IL 60010,60010
221 MONUMENT AVE BARRINGTON IL 60010,60010
215 MONUMENT AVE BARRINGTON IL 60010,60010
209 MONUMENT BARRINGTON IL 60010,60010
604 LILL ST BARRINGTON IL 60010,60010
238 STURTZ ST BARRINGTON IL 60010,60010
4800 N HARLEM AVE HARWOOD HTS IL 60706,60706
226 STURTZ ST BARRINGTON IL 60010,60010
220 STURTZ ST BARRINGTON IL 60010,60010
214 STURTZ ST BARRINGTON IL 60010,60010
208 STURTZ ST BARRINGTON IL 60010,60010
626 LILL ST BARRINGTON IL 60010,60010
35 LAKEVIEW LN BARRNGTN HLS IL 60010,60010
141 MONUMENT AVE BARRINGTON IL 60010,60010
135 MONUMENT AVE BARRINGTON IL 60010,60010
55 W PENNY RD S BARRINGTON IL 60010,60010
14N895 SLEEPY HOLLOW R WEST DUNDEE IL 60118,60118
117 MONUMENT AVE BARRINGTON IL 60010,60010
625 LILL ST BARRINGTON IL 60010,60010
1310 MACALPIN DR INVERNESS IL 60010,60010
134 STURTZ ST BARRINGTON IL 60010,60010
128 STURTZ ST BARRINGTON IL 60010,60010
122 STURTZ STREET BARRINGTON IL 60010,60010
116 STURTZ ST BARRINGTON IL 60010,60010
239 STURTZ ST BARRINGTON IL 60010,60010
233 STURTZ ST BARRINGTON IL 60010,60010
227 STURTZ ST BARRINGTON IL 60010,60010
221 STURTZ STREET BARRINGTON IL 60010,60010
215 STURTZ ST BARRINGTON IL 60010,60010
2425 N CLYBOURN AVE CHICAGO IL 60614,60614
636 LILL ST BARRINGTON IL 60010,60010
1310 N ROSELLE ROAD SCHAUMBURG IL 60195,60195
141 STURTZ ST BARRINGTON IL 60010,60010
1310 D OAK HILL ROAD LK BARRNGTN IL 60010,60010
129 STURTZ ST BARRINGTON IL 60010,60010
123 STURTZ ST BARRINGTON IL 60010,60010
117 STURTZ ST BARRINGTON IL 60010,60010
638 S HOUGH ST BARRINGTON IL 60010,60010
1420 W SAPPHIRE DR HOFFMAN EST IL 60192,60192
620 S HOUGH ST BARRINGTON IL 60010,60010
620 S HOUGH ST APT B BARRINGTON IL 60010,60010
2403 S EMBERS LN ARLINGTN HTS IL 60005,60005
5051 PELICAN COLONY901 BONITA SPRGS FL 34134,34134
620 S HOUGH ST #E BARRINGTON IL 60010,60010
1219 BARCLAY CIRCLE INVERNESS IL 60010,60010
0 SOUTH 448 FOREST WINFIELD IL 60190,60190
620 S HOUGH ST APT H BARRINGTON IL 60010,60010
6606 THISTLE CT CARY IL 60013,60013
620 S HOUGH ST APT J BARRINGTON IL 60010,60010
620 S HOUGH ST UNIT K BARRINGTON IL 60010,60010
620 S HOUGH ST L BARRINGTON IL 60010,60010
PO BOX 3065 BARRINGTON IL 60011,60011
642 S. HOUGH ST BARRINGTON IL 60010,60010
529 S HOUGH ST BARRINGTON IL 60010,60010
529 S HOUGH ST BARRINGTON IL 60010,60010
515 S HOUGH ST BARRINGTON IL 60010,60010
541 S HOUGH ST BARRIN BARRINGTON IL 60010,60010
547 S HOUGH ST BARRINGTON IL 60010,60010
615 S HOUGH ST BARRINGTON IL 60010,60010
619 S HOUGH ST BARRINGTON IL 60010,60010
500 S COOK ST BARRINGTON IL 60010,60010
508 S COOK ST BARRINGTON IL 60010,60010
516 S COOK ST BARRINGTON IL 60010,60010
528 S COOK ST BARRINGTON IL 60010,60010
540 S COOK ST BARRINGTON IL 60010,60010
546 S COOK ST BARRINGTON IL 60010,60010
610 S COOK ST BARRINGTON IL 60010,60010
614 S COOK ST BARRINGTON IL 60010,60010
652 S COOK ST BARRINGTON IL 60010,60010
521 S HOUGH ST BARRINGTON IL 60010,60010
522 S COOK ST BARRINGTON IL 60010,60010
112 E HILLSIDE AVE BARRINGTON IL 60010,60010
118 E HILLSIDE AV BARRINGTON IL 60010,60010
627 S HOUGH ST BARRINGTON IL 60010,60010
618 S COOK ST BARRINGTON IL 60010,60010
628 S COOK ST BARRINGTON IL 60010,60010
634 S COOK ST BARRINGTON IL 60010,60010
640 S COOK ST BARRINGTON IL 60010,60010
644 S COOK ST BARRINGTON IL 60010,60010
648 S COOK ST BARRINGTON IL 60010,60010
534 S COOK ST BARRINGTON IL 60010,60010
976 HAMPTON PARK BARRINGTON IL 60010,60010
108 E HILLSIDE AVE BARRINGTON IL 60010,60010
529 S HOUGH ST BARRINGTON IL 60010,60010
541 S HOUGH ST BARRINGTON IL 60010,60010
633 S HOUGH BARRINGTON IL 60010,60010
1275 DAVIS RD STE 110 ELGIN IL 60123,60123
603 S HOUGH ST BARRINGTON IL 60010,60010
606 S COOK ST BARRINGTON IL 60010,60010
606 S COOK ST BARRINGTON IL 60010,60010
61 HAWLEY WOODS ROAD BARRINGTON IL 60010,60010
647 S HOUGH STREET BARRINGTON IL 60010,60010
645 S HOUGH ST BARRINGTON IL 60010,60010
501 S COOK ST BARRINGTON IL 60010,60010
725 S SUMMIT ST BARRINGTON IL 60010,60010
502 S GROVE AVE BARRINGTON IL 60010,60010
77 OAK RIDGE LN DEER PARK IL 60010,60010
515 S COOK ST BARRINGTON IL 60010,60010
517 S COOK ST BARRINGTON IL 60010,60010
523 S COOK ST BARRINGTON IL 60010,60010
529 S COOK ST BARRINGTON IL 60010,60010
535 S COOK ST BARRINGTON IL 60010,60010
539 S COOK ST BARRINGTON IL 60010,60010
545 S COOK ST BARRINGTON IL 60010,60010
549 S COOK ST BARRINGTON IL 60010,60010
603 S COOK ST BARRINGTON IL 60010,60010
615 S COOK ST BARRINGTON IL 60010,60010
619 S COOK ST BARRINGTON IL 60010,60010
631 S COOK ST BARRINGTON IL 60010,60010
635 S COOK ST BARRINGTON IL 60010,60010
506 SO GROVE AVE BARRINGTON IL 60010,60010
512 S GROVE AVE BARRINGTON IL 60010,60010
516 S GROVE AVE BARRINGTON IL 60010,60010
528 S GROVE AVE BARRINGTON IL 60010,60010
31W300 HEALY RD BARRINGTON IL 60010,60010
536 S GROVE AV BARRINGTON IL 60010,60010
542 S GROVE AVE BARRINGTON IL 60010,60010
548 S GROVE AVE BARRINGTON IL 60010,60010
602 S GROVE BARRINGTON IL 60010,60010
608 S GROVE AVE BARRINGTON IL 60010,60010
614 S GROVE AVE BARRINGTON IL 60010,60010
616 S GROVE AVE BARRINGTON IL 60010,60010
622 S GROVE AVE BARRINGTON IL 60010,60010
628 S GROVE AVE BARRINGTON IL 60010,60010
634 S GROVE AVE BARRINGTON IL 60010,60010
212 E HILLSIDE AVE BARRINGTON IL 60010,60010
220 E HILLSIDE AV BARRINGTON IL 60010,60010
520 S GROVE AV BARRINGTON IL 60010,60010
526 S GROVE AVE BARRINGTON IL 60010,60010
603 S COOK ST BARRINGTON IL 60010,60010
609 S COOK ST BARRINGTON IL 60010,60010
202 E HILLSIDE AVE BARRINGTON IL 60010,60010
206 E HILLSIDE AVE BARRINGTON IL 60010,60010
643 S COOK ST BARRINGTON IL 60010,60010
647 S COOK ST BARRINGTON IL 60010,60010
640 S GROVE AVE BARRINGTON IL 60010,60010
644 S GROVE AVE BARRINGTON IL 60010,60010
2508 ROCKFORD COLONY L DELAVAN WI 53115,53115
625 S COOK ST BARRINGTON IL 60010,60010
503 S GROVE AVE BARRINGTON IL 60010,60010
503 S GROVE AVE BARRINGTON IL 60010,60010
507 S GROVE AVE BARRINGTON IL 60010,60010
539 GROVE AV BARRINGTON IL 60010,60010
545 S GROVE AVE BARRINGTON IL 60010,60010
601 S GROVE AVE BARRINGTON IL 60010,60010
637 S GROVE AVE BARRINGTON IL 60010,60010
643 S GROVE AVE BARRINGTON IL 60010,60010
655 GROVE AVE BARRINGTON IL 60010,60010
302 E HILLSIDE AVE BARRINGTON IL 60010,60010
331 E RUSSELL ST BARRINGTON IL 60010,60010
335 E RUSSELL ST BARRINGTON IL 60010,60010
339 E RUSSELL ST BARRINGTON IL 60010,60010
5 FAR HILLS BARRINGTON IL 60010,60010
345 E RUSSELL ST BARRINGTON IL 60010,60010
510 SUMMIT ST BARRINGTON IL 60010,60010
510 SUMMIT ST BARRINGTON IL 60010,60010
514 S SUMMIT ST BARRINGTON IL 60010,60010
518 S SUMMIT ST BARRINGTON IL 60010,60010
522 S SUMMIT ST BARRINGTON IL 60010,60010
526 S SUMMIT ST BARRINGTON IL 60010,60010
536 S SUMMIT BARRINGTON IL 60010,60010
536 S SUMMIT BARRINGTON IL 60010,60010
540 S SUMMIT ST BARRINGTON IL 60010,60010
560 SUMMIT ST BARRINGTON IL 60010,60010
604 SUMMIT ST BARRINGTON IL 60010,60010
614 S SUMMIT ST BARRINGTON IL 60010,60010
618 S SUMMIT ST BARRINGTON IL 60010,60010
622 SUMMIT ST BARRINGTON IL 60010,60010
628 S SUMMIT ST BARRINGTON IL 60010,60010
344 E HILLSIDE AVE BARRINGTON IL 60010,60010
637 S GROVE AVE BARRINGTON IL 60010,60010
540 S SUMMIT ST BARRINGTON IL 60010,60010
609 S GROVE AVE BARRINGTON IL 60010,60010
564 S SUMMIT ST BARRINGTON IL 60010,60010
604 SUMMIT ST BARRINGTON IL 60010,60010
1102 VISTA DEL MAR N DELRAY BEACH FL 33483,33483
615 S GROVE AVE BARRINGTON IL 60010,60010
621 S GROVE AVE BARRINGTON IL 60010,60010
625 S GROVE AVE BARRINGTON IL 60010,60010
312 E HILLSIDE AVE BARRINGTON IL 60010,60010
1102 VISTA DEL MAR N DELRAY BEACH FL 33483,33483
322 E HILLSIDE AV BARRINGTON IL 60010,60010
517 GROVE AV BARRINGTON IL 60010,60010
517 GROVE AV BARRINGTON IL 60010,60010
328 E HILLSIDE BARRINGTON IL 60010,60010
336 E HILLSIDE AVENUE BARRINGTON IL 60010,60010
344 E HILLSIDE AVE BARRINGTON IL 60010,60010
560 SUMMIT ST BARRINGTON IL 60010,60010
548 SOUTH SUMMIT ST BARRINGTON IL 60010,60010
336 E HILLSIDE AVENUE BARRINGTON IL 60010,60010
344 E Hillside ave BARRINGTON IL 60010,60010
513 S GROVE AVE BARRINGTON IL 60010,60010
513 S GROVE AVE BARRINGTON IL 60010,60010
513 S GROVE AVE BARRINGTON IL 60010,60010
1102 VISTA DEL MAR N DELRAY BEACH FL 33483,33483
117 S COOK ST #131 BARRINGTON IL 60010,60010
525 S. Grove Avenue Barrington IL 60010,60010
533 S GROVE AV BARRINGTON IL 60010,60010
649 S GROVE AVE BARRINGTON IL 60010,60010
600 SUMMIT ST BARRINGTON IL 60010,60010
325 E MAIN ST BARRINGTON IL 60010,60010
51 OAK RIDGE LANE DEER PARK IL 60010,60010
327 E MAIN ST BARRINGTON IL 60010,60010
413 E MAIN ST BARRINGTON IL 60010,60010
413 E MAIN ST BARRINGTON IL 60010,60010
422 E RUSSELL ST BARRINGTON IL 60010,60010
3775 W ARTHUR AVE LINCOLNWOOD IL 60712,60712
1245 Waukegan Rd GLENVIEW IL 60025,60025
27505 E SAVANNAH TRAIL LK BARRINGTN IL 60010,60010
27505 E SAVANNAH TRAIL LK BARRINGTN IL 60010,60010
27505 E SAVANNAH TRAIL LK BARRINGTN IL 60010,60010
148 S NORTHWEST HWY BARRINGTON IL 60010,60010
148 S NORTHWEST HWY BARRINGTON IL 60010,60010
168 S NW HIGHWAY BARRINGTON IL 60010,60010
168 S NW HIGHWAY BARRINGTON IL 60010,60010
206 S NORTHWEST HWY BARRINGTON IL 60010,60010
502 E RUSSELL ST BARRINGTON IL 60010,60010
1245 Waukegan GLENVIEW IL 60025,60025
7334 RIDGEWAY AVE SKOKIE IL 60076,60076
418 E RUSSELL ST BARRINGTON IL 60010,60010
802 E WOODFIELD RDG400 SCHAUMBURG IL 60173,60173
406 E RUSSELL ST BARRINGTON IL 60010,60010
126 S NORTHWEST HWY BARRINGTON IL 60010,60010
510 E RUSSELL ST BARRINGTON IL 60010,60010
960 TUDOR CT LAKE ZURICH IL 60047,60047
514 E RUSSELL ST BARRINGTON IL 60010,60010
516 E RUSSELL ST BARRINGTON IL 60010,60010
518 E RUSSELL ST BARRINGTON IL 60010,60010
126 S NORTHWEST HWY BARRINGTON IL 60010,60010
216 S. Northwest Hwy. Barrington IL 60010,60010
321 W Northwest Hwy BARRINGTON IL 60010,60010
2330 HAMMOND DR STE G SCHAUMBURG IL 60173,60173
515 E MAIN ST BARRINGTON IL 60010,60010
519 E MAIN STREET BARRINGTON IL 60010,60010
27979 CONVERSE RD ISLAND LAKE IL 60042,60042
27979 CONVERSE RD ISLAND LAKE IL 60042,60042
27979 CONVERSE RD ISLAND LAKE IL 60042,60042
27979 CONVERSE RD ISLAND LAKE IL 60042,60042
27979 CONVERSE RD ISLAND LAKE IL 60042,60042
27979 CONVERSE RD ISLAND LAKE IL 60042,60042
114 WALTON BARRINGTON IL 60010,60010
116 WALTON ST BARRINGTON IL 60010,60010
120 WALTON ST BARRINGTON IL 60010,60010
476 WINEGAR HOLLOW RD ROGERSVILLE TN 37857,37857
132 WALTON ST BARRINGTON IL 60010,60010
200 E EVERGREEN AVE130 MT PROSPECT IL 60056,60056
22W321 AHLSTRAND DRIVE GLEN ELLYN IL 60137,60137
134 WALTON ST BARRINGTON IL 60010,60010
136 WALTON ST BARRINGTON IL 60010,60010
181 S NORTHWEST HWY BARRINGTON IL 60010,60010
806 N PEORIA STE 100 CHICAGO IL 60642,60642
234 WALTON ST BARRINGTON IL 60010,60010
230 S WALTON STREET BARRINGTON IL 60010,60010
1881 ROSE RD LAKE ZURICH IL 60047,60047
1881 ROSE RD LAKE ZURICH IL 60047,60047
1015 NORTHWEST HWY DES PLAINES IL 60016,60016
103 WALTON ST BARRINGTON IL 60010,60010
609 E MAIN ST BARRINGTON IL 60010,60010
111 WALTON ST BARRINGTON IL 60010,60010
115 WALTON ST BARRINGTON IL 60010,60010
26808 W COUNTRY ESTATE BARRINGTON IL 60010,60010
102 W 75TH ST #56 NEW YORK NY 10023,10023
123 WALTON ST BARRINGTON IL 60010,60010
131 WALTON ST BARRINGTON IL 60010,60010
45 OLD HART RD BARRINGTON IL 60010,60010
10570 OAKLEAF LANE HUNTLEY IL 60142,60142
139 WALTON ST BARRINGTON IL 60010,60010
1361 NOTRE DAME DR LEMONT IL 60439,60439
151 WALTON ST BARRINGTON IL 60010,60010
157 WALTON ST BARRINGTON IL 60010,60010
27232 W BROOKSIDE CT BARRINGTON IL 60010,60010
20678 LAUREL DR DEER PARK IL 60010,60010
226 GEORGE ST BARRINGTON IL 60010,60010
228 GEORGE ST BARRINGTON IL 60010,60010
230 GEORGE ST BARRINGTON IL 60010,60010
232 GEORGE ST BARRINGTON IL 60010,60010
234 GEORGE ST BARRINGTON IL 60010,60010
139 RAYMOND AVE BARRINGTON IL 60010,60010
236 A GEORGE ST BARRINGTON IL 60010,60010
236 B GEORGE ST BARRINGTON IL 60010,60010
236 S GEORGE ST BARRINGTON IL 60010,60010
236 S GEORGE ST D BARRINGTON IL 60010,60010
1145 Glencrest Drive Inverness IL 60010,60010
115 GEORGE ST BARRINGTON IL 60010,60010
123 GEORGE STREET BARRINGTON IL 60010,60010
125 GEORGE ST BARRINGTON IL 60010,60010
3878 RFD LONG GROVE IL 60047,60047
143 GEORGE ST BARRINGTON IL 60010,60010
333 W LINCOLN AVE BARRINGTON IL 60010,60010
600 WARWICK AVE BARRINGTON IL 60010,60010
114 KAINER AV BARRINGTON IL 60010,60010
118 KAINER AVE BARRINGTON IL 60010,60010
120 KAINER AV BARRINGTON IL 60010,60010
130 S KAINER AV BARRINGTON IL 60010,60010
134 KAINER AVE BARRINGTON IL 60010,60010
138 KAINER AVE BARRINGTON IL 60010,60010
481 PAUL CIR BARRINGTON IL 60010,60010
152 Kainer Ave BARRINGTON IL 60010,60010
255 N BUFFALO GRV 5983 BUFFALO GRV IL 60089,60089
102 KAINER AVE BARRINGTON IL 60010,60010
627 E MAIN ST BARRINGTON IL 60010,60010
621 E MAIN ST BARRINGTON IL 60010,60010
110 KAINER AVE BARRINGTON IL 60010,60010
133 S GEORGE ST BARRINGTON IL 60010,60010
129 GEORGE ST BARRINGTON IL 60010,60010
115 KAINER AVE BARRINGTON IL 60010,60010
10 PEACHTREE PL #1150 ATLANTA GA 30309,30309
27868 W FLYNN CREEK DR BARRINGTON IL 60010,60010
715 E MAIN ST BARRINGTON IL 60010,60010
120 S GLENDALE AVE BARRINGTON IL 60010,60010
3501 OLYMPUS BLVD DALLAS TX 75019,75019
129 KAINER AVE BARRINGTON IL 60010,60010
133 KAINER AVENUE BARRINGTON IL 60010,60010
137 KAINER BARRINGTON IL 60010,60010
141 KAINER AVE BARRINGTON IL 60010,60010
145 KAINER AVE BARRINGTON IL 60010,60010
157 KAINER AVE BARRINGTON IL 60010,60010
122 S GLENDALE AVE BARRINGTON IL 60010,60010
126 S GLENDALE AVE BARRINGTON IL 60010,60010
130 S GLENDALE BARRINGTON IL 60010,60010
2425 N CLYBOURN CHICAGO IL 60614,60614
144 S GLENDALE AVE BARRINGTON IL 60010,60010
148 S GLENDALE AVE BARRINGTON IL 60010,60010
2921 N RALEIGH ST DENVER CO 80212,80212
730 WARWICK AV BARRINGTON IL 60010,60010
720 WARWICK AV BARRINGTON IL 60010,60010
129 S GLENDALE AVE BARRINGTON IL 60010,60010
808 E HARRIET LANE BARRINGTON IL 60010,60010
814 HARRIET LN BARRINGTON IL 60010,60010
820 HARRIET LN BARRINGTON IL 60010,60010
PO BOX 1342 PALATINE IL 60078,60078
832 HARRIET LN BARRINGTON IL 60010,60010
125 E HILLSIDE AVE BARRINGTON IL 60010,60010
803 E MAIN ST BARRINGTON IL 60010,60010
123 S GLENDALE BARRINGTON IL 60010,60010
810 BARRINGTON POINT R BARRINGTON IL 60010,60010
810 BARRINGTON POINT R BARRINGTON IL 60010,60010
815 BARRINGTON POINT R BARRINGTON IL 60010,60010
825 BARRINGTON POINT R BARRINGTON IL 60010,60010
835 BARRINGTON PT BARRINGTON IL 60010,60010
830 BARRINGTON PT BARRINGTON IL 60010,60010
820 BARRINGTON POINT BARRINGTON IL 60010,60010
810 BARRINGTON PT BARRINGTON IL 60010,60010
201 GEORGE ST BARRINGTON IL 60010,60010
207 GEORGE ST BARRINGTON IL 60010,60010
211 GEORGE ST BARRINGTON IL 60010,60010
217 GEORGE ST BARRINGTON IL 60010,60010
219 GEORGE ST BARRINGTON IL 60010,60010
225 S GEORGE ST BARRINGTON IL 60010,60010
231 GEORGE ST BARRINGTON IL 60010,60010
233 GEORGE ST BARRINGTON IL 60010,60010
3934 S ROCKWELL STREET CHICAGO IL 60632,60632
3934 S ROCKWELL STREET CHICAGO IL 60632,60632
3934 S ROCKWELL STREET CHICAGO IL 60632,60632
3934 S ROCKWELL STREET CHICAGO IL 60632,60632
635 WARRWICK AV BARRINGTON IL 60010,60010
206 KAINER AV BARRINGTON IL 60010,60010
210 KAINER AVE BARRINGTON IL 60010,60010
224 KAINER AVE BARRINGTON IL 60010,60010
228 KAINER AVE BARRINGTON IL 60010,60010
232 S KAINER AV BARRINGTON IL 60010,60010
238 KAINER AVE BARRINGTON IL 60010,60010
234 KAINER AV BARRINGTON IL 60010,60010
234 KAINER AV BARRINGTON IL 60010,60010
8505 105TH ST RICHMOND HIL NY 11418,11418
207 KAINER BARRINGTON IL 60010,60010
211 KAINER AVE BARRINGTON IL 60010,60010
600 GALLERIA PKWY #300 ATLANTA GA 30339,30339
18 BELLWOOD DRIVE BARRNGTN HLS IL 60010,60010
223 KAINER AVENUE BARRINGTON IL 60010,60010
227 KAINER AVE BARRINGTON IL 60010,60010
231 S KAINER AV BARRINGTON IL 60010,60010
711 WARWICK AVE BARRINGTON IL 60010,60010
212 S GLENDALE AVE BARRINGTON IL 60010,60010
363 Sharon Dr BARRINGTON IL 60010,60010
222 S GLENDALE AVE BARRINGTON IL 60010,60010
234 S GLENDALE AVE BARRINGTON IL 60010,60010
240 S GLENDALE AVE BARRINGTON IL 60010,60010
246 S GLENDALE AVE BARRINGTON IL 60010,60010
203 S Glendale Ave BARRINGTON IL 60010,60010
209 S GLENDALE AVE BARRINGTON IL 60010,60010
217 S GLENDALE AV BARRINGTON IL 60010,60010
235 S GLENDALE AVE BARRINGTON IL 60010,60010
241 S GLENDALE AVE BARRINGTON IL 60010,60010
245 S GLENDALE AVE BARRINGTON IL 60010,60010
825 WARWICK AVE BARRINGTON IL 60010,60010
200 EASTERN AV BARRINGTON IL 60010,60010
216 EASTERN AVE BARRINGTON IL 60010,60010
220 EASTERN AVE BARRINGTON IL 60010,60010
228 EASTERN AVE BARRINGTON IL 60010,60010
230 EASTERN AVE BARRINGTON IL 60010,60010
232 EASTERN AVE BARRINGTON IL 60010,60010
234 EASTERN AVE BARRINGTON IL 60010,60010
223 S GLENDALE AVE BARRINGTON IL 60010,60010
303 KAINER AVE BARRINGTON IL 60010,60010
1304 SOUTHPOINT 280 PETALUMA CA 94954,94954
1304 SOUTHPOINT 280 PETALUMA CA 94954,94954
1304 SOUTHPOINT 280 PETALUMA CA 94954,94954
1304 SOUTHPOINT 280 PETALUMA CA 94954,94954
1304 SOUTHPOINT 280 PETALUMA CA 94954,94954
1304 SOUTHPOINT 280 PETALUMA CA 94954,94954
715 BRAESIDE PL BARRINGTON IL 60010,60010
310 S GLENDALE AVE BARRINGTON IL 60010,60010
802 E WOODFIELD #400 SCHAUMBURG IL 60173,60173
802 E WOODFIELD #400 SCHAUMBURG IL 60173,60173
802 E WOODFIELD #400 SCHAUMBURG IL 60173,60173
802 E WOODFIELD #400 SCHAUMBURG IL 60173,60173
303 GLENDALE AV BARRINGTON IL 60010,60010
307 GLENDALE AV BARRINGTON IL 60010,60010
311 S GLENDALE AVE BARRINGTON IL 60010,60010
315 S GLENDALE AVE BARRINGTON IL 60010,60010
800 S NORTHWEST HWY BARRINGTON IL 60010,60010
800 S NORTHWEST HWY BARRINGTON IL 60010,60010
800 S NORTHWEST HWY BARRINGTON IL 60010,60010
820 S NORTHWEST HWY BARRINGTON IL 60010,60010
108 HOWE TER BARRINGTON IL 60010,60010
306 EASTERN AV BARRINGTON IL 60010,60010
119 E MORRISON AVE MT PROSPECT IL 60056,60056
316 EASTERN AVE BARRINGTON IL 60010,60010
39 S WYNSTONE DR N BARRINGTON IL 60010,60010
10000 80TH AV PLEASANT PRA WI 53158,53158
820 S NORTHWEST HWY BARRINGTON IL 60010,60010
PO BOX 1185 HIGHLAND PK IL 60035,60035
320 EASTERN AVE BARRINGTON IL 60010,60010
322 EASTERN AVE BARRINGTON IL 60010,60010
324 EASTERN AVE BARRINGTON IL 60010,60010
326 EASTERN AVE BARRINGTON IL 60010,60010
328 EASTERN AVE BARRINGTON IL 60010,60010
330 EASTERN AVE BARRINGTON IL 60010,60010
332 EASTERN AVE BARRINGTON IL 60010,60010
334 EASTERN AVE#A8 BARRINGTON IL 60010,60010
358 EASTERN AV BARRINGTON IL 60010,60010
3932 DORADO DR JANESVILLE WI 53546,53546
354 EASTERN AV BARRINGTON IL 60010,60010
352 EASTERN AVE BARRINGTON IL 60010,60010
350 EASTERN AVE B5 BARRINGTON IL 60010,60010
348 EASTERN AVE BARRINGTON IL 60010,60010
346 EASTERN AV BARRINGTON IL 60010,60010
344 EASTERN AVENUE BARRINGTON IL 60010,60010
342 EASTERN AVE BARRINGTON IL 60010,60010
340 EASTERN AVE BARRINGTON IL 60010,60010
338 EASTERN AVE BARRINGTON IL 60010,60010
336 S EASTERN AVENUE BARRINGTON IL 60010,60010
10000 80TH AV PLEASANT PRA WI 53158,53158
840 S NORTHWEST HWY BARRINGTON IL 60010,60010
403 E RUSSELL ST BARRINGTON IL 60010,60010
427 E RUSSELL ST BARRINGTON IL 60010,60010
508 DIVISION STREET BARRINGTON IL 60010,60010
511 S SUMMIT ST BARRINGTON IL 60010,60010
515 S SUMMIT ST BARRINGTON IL 60010,60010
519 S SUMMIT ST BARRINGTON IL 60010,60010
523 SUMMIT ST BARRINGTON IL 60010,60010
529 SUMMIT BARRINGTON IL 60010,60010
533 S SUMMIT ST BARRINGTON IL 60010,60010
539 S SUMMIT BARRINGTON IL 60010,60010
539 S SUMMIT BARRINGTON IL 60010,60010
543 S SUMMIT ST BARRINGTON IL 60010,60010
547 S SUMMIT ST BARRINGTON IL 60010,60010
512 S DIVISON ST BARRINGTON IL 60010,60010
516 DIVISION ST BARRINGTON IL 60010,60010
520 DIVISION ST BARRINGTON IL 60010,60010
524 DIVISION ST BARRINGTON IL 60010,60010
538 DIVISION BARRINGTON IL 60010,60010
544 DIVISION ST BARRINGTON IL 60010,60010
548 DIVISION ST BARRINGTON IL 60010,60010
551 S SUMMIT ST BARRINGTON IL 60010,60010
555 S SUMMIT ST BARRINGTON IL 60010,60010
559 S SUMMIT ST BARRINGTON IL 60010,60010
554 DIVISION ST BARRINGTON IL 60010,60010
560 DIVISION ST BARRINGTON IL 60010,60010
424 HILLCREST AVE BARRINGTON IL 60010,60010
427 E RUSSELL STREET BARRINGTON IL 60010,60010
403 E RUSSELL ST BARRINGTON IL 60010,60010
407 E RUSSELL BARRINGTON IL 60010,60010
413 E RUSSELL ST BARRINGTON IL 60010,60010
555 S SUMMIT ST BARRINGTON IL 60010,60010
528 DIVISION ST BARRINGTON IL 60010,60010
532 DIVISION ST BARRINGTON IL 60010,60010
503 DIVISION ST BARRINGTON IL 60010,60010
515 DIVISION ST BARRINGTON IL 60010,60010
519 DIVISION ST BARRINGTON IL 60010,60010
525 DIVISION ST BARRINGTON IL 60010,60010
529 S DIVISION ST BARRINGTON IL 60010,60010
535 S DIVISION ST BARRINGTON IL 60010,60010
539 DIVISION ST BARRINGTON IL 60010,60010
543 DIVISION ST BARRINGTON IL 60010,60010
715 SOUTH STREET BARRINGTON IL 60010,60010
502 PRAIRIE AVE BARRINGTON IL 60010,60010
506 S PRAIRIE AV BARRINGTON IL 60010,60010
510 PRAIRIE AVE BARRINGTON IL 60010,60010
514 PRAIRIE AVE BARRINGTON IL 60010,60010
518 PRAIRIE AVE BARRINGTON IL 60010,60010
522 PRAIRIE AVE BARRINGTON IL 60010,60010
1428 WALZ AVE GLENWOOD SPR CO 81601,81601
532 PRAIRIE AV BARRINGTON IL 60010,60010
1305 Lake Shore Dr N BARRINGTON IL 60010,60010
540 S PRAIRIE AV BARRINGTON IL 60010,60010
544 PRAIRIE AV BARRINGTON IL 60010,60010
507 DIVISION ST BARRINGTON IL 60010,60010
511 S DIVISION ST BARRINGTON IL 60010,60010
603 S SUMMIT ST BARRINGTON IL 60010,60010
607 S SUMMIT ST BARRINGTON IL 60010,60010
611 SUMMIT ST BARRINGTON IL 60010,60010
621 SUMMIT STREET BARRINGTON IL 60010,60010
627 S SUMMIT ST FRNT BARRINGTON IL 60010,60010
602 DIVISION ST BARRINGTON IL 60010,60010
606 DIVISION ST BARRINGTON IL 60010,60010
610 DIVISION ST BARRINGTON IL 60010,60010
614 DIVISION ST BARRINGTON IL 60010,60010
624 DIVSION STREET BARRINGTON IL 60010,60010
635 S SUMMIT ST BARRINGTON IL 60010,60010
404 E HILLSIDE AVE BARRINGTON IL 60010,60010
408 E HILLSIDE AVENUE BARRINGTON IL 60010,60010
414 E HILLSIDE AV BARRINGTON IL 60010,60010
424 E HILLSIDE AVE BARRINGTON IL 60010,60010
428 EAST HILLSIDE AVE BARRINGTON IL 60010,60010
418 E HILLSIDE AVE BARRINGTON IL 60010,60010
617 S SUMMIT ST BARRINGTON IL 60010,60010
611 SUMMIT ST BARRINGTON IL 60010,60010
634 DIVISION ST BARRINGTON IL 60010,60010
636 Division Street BARRINGTON IL 60010,60010
559 DIVISION ST BARRINGTON IL 60010,60010
563 DIVISION ST BARRINGTON IL 60010,60010
PO BOX 512 BARRINGTON IL 60011,60011
1305 Lake Shore Dr N BARRINGTON IL 60010,60010
619 S DIVISION ST BARRINGTON IL 60010,60010
625 DIVISION ST BARRINGTON IL 60010,60010
629 DIVISION ST BARRINGTON IL 60010,60010
635 DIVISION ST BARRINGTON IL 60010,60010
602 PRAIRIE AV BARRINGTON IL 60010,60010
602 PRAIRIE AV BARRINGTON IL 60010,60010
620 PRAIRIE AV BARRINGTON IL 60010,60010
624 PRAIRIE AVE BARRINGTON IL 60010,60010
626 PRAIRIE AVE BARRINGTON IL 60010,60010
632 PRAIRIE AVE BARRINGTON IL 60010,60010
639 DIVISION ST BARRINGTON IL 60010,60010
516 E HILLSIDE AVE BARRINGTON IL 60010,60010
130 W LAKE ST BARRINGTON IL 60010,60010
508 E HILLSIDE AVE BARRINGTON IL 60010,60010
610 PRAIRIE AVE BARRINGTON IL 60010,60010
614 PRAIRIE AVE BARRINGTON IL 60010,60010
505 PRAIRIE AVE BARRINGTON IL 60010,60010
509 PRAIRIE AVE BARRINGTON IL 60010,60010
513 PRAIRIE AV BARRINGTON IL 60010,60010
519 PRAIRIE AVE BARRINGTON IL 60010,60010
529 PRAIRIE AVE BARRINGTON IL 60010,60010
533 PRAIRIE AVE BARRINGTON IL 60010,60010
539 S PRAIRIE BARRINGTON IL 60010,60010
610 HILL ST BARRINGTON IL 60010,60010
603 PRAIRIE AVE BARRINGTON IL 60010,60010
607 PRAIRIE AVE BARRINGTON IL 60010,60010
611 PRAIRIE AVE BARRINGTON IL 60010,60010
615 PRAIRIE AV BARRINGTON IL 60010,60010
621 PRAIRIE AVE BARRINGTON IL 60010,60010
625 PRAIRIE AV BARRINGTON IL 60010,60010
629 PRAIRIE AVE BARRINGTON IL 60010,60010
633 PRAIRIE AVE BARRINGTON IL 60010,60010
600 E HILLSIDE AVE BARRINGTON IL 60010,60010
505 CONCORD LN BARRINGTON IL 60010,60010
510 CONCORD LN BARRINGTON IL 60010,60010
520 CONCORD LANE BARRINGTON IL 60010,60010
530 CONCORD LN BARRINGTON IL 60010,60010
540 CONCORD LN BARRINGTON IL 60010,60010
618 HILL ST BARRINGTON IL 60010,60010
612 CONCORD PL BARRINGTON IL 60010,60010
615 HILL ST BARRINGTON IL 60010,60010
618 CONCORD PL BARRINGTON IL 60010,60010
624 CONCORD PL BARRINGTON IL 60010,60010
630 CONCORD PL BARRINGTON IL 60010,60010
636 CONCORD PL BARRINGTON IL 60010,60010
626 E HILLSIDE AV BARRINGTON IL 60010,60010
636 E HILLSIDE AVE BARRINGTON IL 60010,60010
642 CONCORD PL BARRINGTON IL 60010,60010
705 CONCORD LN BARRINGTON IL 60010,60010
713 CONCORD LN BARRINGTON IL 60010,60010
729 CONCORD LANE BARRINGTON IL 60010,60010
737 CONCORD LN BARRINGTON IL 60010,60010
745 CONCORD LANE BARRINGTON IL 60010,60010
753 CONCORD LANE BARRINGTON IL 60010,60010
769 CONCORD LN BARRINGTON IL 60010,60010
634 BRISTOL DRIVE BARRINGTON IL 60010,60010
644 BRISTOL LANE BARRINGTON IL 60010,60010
505 OLD MILL RD BARRINGTON IL 60010,60010
762 E HILLSIDE AVE BARRINGTON IL 60010,60010
754 E HILLSIDE AVE BARRINGTON IL 60010,60010
746 E HILLSIDE AVE BARRINGTON IL 60010,60010
625 CONCORD PL BARRINGTON IL 60010,60010
721 CONCORD LN BARRINGTON IL 60010,60010
521 PRAIRIE AVE BARRINGTON IL 60010,60010
525 PRAIRIE AVE BARRINGTON IL 60010,60010
646 E HILLSIDE AV BARRINGTON IL 60010,60010
640 E HILLSIDE AV BARRINGTON IL 60010,60010
737 CONCORD LANE BARRINGTON IL 60010,60010
650 EAST HILLSIDE AVE BARRINGTON IL 60010,60010
652 E HILLSIDE AVENUE BARRINGTON IL 60010,60010
801 BROADWAY AVE CRYSTAL LAKE IL 60014,60014
801 HARRIET LN BARRINGTON IL 60010,60010
807 HARRIET LN BARRINGTON IL 60010,60010
813 HARRIET LN BARRINGTON IL 60010,60010
819 HARRIET LANE BARRINGTON IL 60010,60010
825 HARRIET LN BARRINGTON IL 60010,60010
831 HARRIET LN BARRINGTON IL 60010,60010
837 HARRIET LN BARRINGTON IL 60010,60010
147 S GLENDALE AVE BARRINGTON IL 60010,60010
808 WARWICK AVE BARRINGTON IL 60010,60010
814 WARWICK AVE BARRINGTON IL 60010,60010
120 HARRISON ST BARRINGTON IL 60010,60010
826 WARWICK AVE BARRINGTON IL 60010,60010
830 WARWICK AV BARRINGTON IL 60010,60010
838 WARWICK AVE BARRINGTON IL 60010,60010
2000 N RACINE SUITE 4 CHICAGO IL 60614,60614
2000 N RACINE AVE CHICAGO IL 60614,60614
2000 N RACINE SUITE 4 CHICAGO IL 60614,60614
2000 N RACINE SUITE 4 CHICAGO IL 60614,60614
2000 N RACINE SUITE 4 CHICAGO IL 60614,60614
2000 N RACINE SUITE 4 CHICAGO IL 60614,60614
2000 N RACINE SUITE 4 CHICAGO IL 60614,60614
2000 N RACINE SUITE 4 CHICAGO IL 60614,60614
2000 N RACINE SUITE 4 CHICAGO IL 60614,60614
2000 N RACINE SUITE 4 CHICAGO IL 60614,60614
2706 MAYNARD DRIVE GLENVIEW IL 60025,60025
1329 TURFWAY LANE BARTLETT IL 60103,60103
105 REDWING LN N BARRINGTON IL 60010,60010
106 QUEENS CV BARRINGTON IL 60010,60010
108 QUEENS CV BARRINGTON IL 60010,60010
802 E WOODFIELD RD#400 SCHAUMBURG IL 60173,60173
1201 BRISTOL LN BUFFALO GRV IL 60089,60089
1129 OAK RIDGE DR STREAMWOOD IL 60107,60107
204 QUEENS COVE BARRINGTON IL 60010,60010
32 LAKESIDE DR S BARRINGTON IL 60010,60010
43225 N TREVOR RD ANTIOCH IL 60002,60002
210 QUEENS CV BARRINGTON IL 60010,60010
800 E HILLSIDE AVE BARRINGTON IL 60010,60010
464 FIRETOWN RD SIMSBURY CT 06070,06070
521 BLAZING STAR DR LAKE VILLA IL 60046,60046
806 E Hillside Ave BARRINGTON IL 60010,60010
808 E HILLSIDE AVE BARRINGTON IL 60010,60010
810 E HILLSIDE AVE BARRINGTON IL 60010,60010
635 DIVISION BARRINGTON IL 60010,60010
822 E HILLSIDE AVE BARRINGTON IL 60010,60010
824 E HILLSIDE AVE BARRINGTON IL 60010,60010
826 E HILLSIDE AVE BARRINGTON IL 60010,60010
828 E HILLSIDE AVE BARRINGTON IL 60010,60010
830 E HILLSIDE AVE BARRINGTON IL 60010,60010
840 BRISTOL DR#840 BARRINGTON IL 60010,60010
842 BRISTOL DR BARRINGTON IL 60010,60010
844 BRISTOL DR BARRINGTON IL 60010,60010
846 BRISTOL DR #846 BARRINGTON IL 60010,60010
848 BRISTOL DR BARRINGTON IL 60010,60010
850 BRISTOL DR BARRINGTON IL 60010,60010
860 BRISTOL DR BARRINGTON IL 60010,60010
862 BRISTOL DR BARRINGTON IL 60010,60010
864 BRISTOL DR BARRINGTON IL 60010,60010
866 BRISTOL DR BARRINGTON IL 60010,60010
442 N COOK ST BARRINGTON IL 60010,60010
870 BRISTOL DR BARRINGTON IL 60010,60010
880 BRISTOL DR BARRINGTON IL 60010,60010
882 BRISTOL DR BARRINGTON IL 60010,60010
884 BRISTOL DR BARRINGTON IL 60010,60010
886 Bristol Dr BARRINGTON IL 60010,60010
888 BRISTOL DR BARRINGTON IL 60010,60010
890 BRISTOL DR BARRINGTON IL 60010,60010
237 W HILLSIDE BARRINGTON IL 60010,60010
233 W HILLSIDE AVE BARRINGTON IL 60010,60010
227 W HILLSIDE AVE BARRINGTON IL 60010,60010
221 W HILLSIDE AVE BARRINGTON IL 60010,60010
215 W HILLSIDE AVE BARRINGTON IL 60010,60010
211 W HILLSIDE AVE BARRINGTON IL 60010,60010
61 HAWLEY WOODS ROAD BARRINGTON IL 60010,60010
201 W HILLSIDE AVE BARRINGTON IL 60010,60010
139 W HILLSIDE AVE BARRINGTON IL 60010,60010
133 W HILLSIDE AVE BARRINGTON IL 60010,60010
129 W HILLSIDE AVE BARRINGTON IL 60010,60010
123 W HILLSIDE AV BARRINGTON IL 60010,60010
119 W HILLSIDE AVE BARRINGTON IL 60010,60010
109 W HILLSIDE AVE BARRINGTON IL 60010,60010
107 W HILLSIDE AV BARRINGTON IL 60010,60010
105 W HILLSIDE AVE BARRINGTON IL 60010,60010
715 S HOUGH ST BARRINGTON IL 60010,60010
715 S HOUGH ST BARRINGTON IL 60010,60010
716 S COOK BARRINGTON IL 60010,60010
416 MORGAN LANE FOX RVR GRV IL 60021,60021
4 PEMBURY WAY S BARRINGTON IL 60010,60010
738 S COOK ST BARRINGTON IL 60010,60010
744 S COOK ST BARRINGTON IL 60010,60010
124 WISCONSIN AV BARRINGTON IL 60010,60010
102 WISCONSIN AVE BARRINGTON IL 60010,60010
108 WISCONSIN AVE BARRINGTON IL 60010,60010
119 E HILLSIDE AVE BARRINGTON IL 60010,60010
125 E HILLSIDE AVE BARRINGTON IL 60010,60010
105 E HILLSIDE AVE BARRINGTON IL 60010,60010
111 E HILLSIDE AVE BARRINGTON IL 60010,60010
211 E HILLSIDE AVE BARRINGTON IL 60010,60010
215 E HILLSIDE AV BARRINGTON IL 60010,60010
22285 N PEPPER RD#212 LAKE BARRING IL 60010,60010
219 E HILLSIDE BARRINGTON IL 60010,60010
721 S COOK ST BARRINGTON IL 60010,60010
733 S COOK ST BARRINGTON IL 60010,60010
739 S COOK ST BARRINGTON IL 60010,60010
745 S COOK ST BARRINGTON IL 60010,60010
751 S COOK ST BARRINGTON IL 60010,60010
722 S GROVE AVE BARRINGTON IL 60010,60010
726 S GROVE AVE BARRINGTON IL 60010,60010
730 S GROVE AVE BARRINGTON IL 60010,60010
742 S GRV AVE BARRINGTON IL 60010,60010
746 S GROVE AVE BARRINGTON IL 60010,60010
734 S GROVE ST BARRINGTON IL 60010,60010
738 S Grove Ave BARRINGTON IL 60010,60010
701 S COOK ST BARRINGTON IL 60010,60010
207 E HILLSIDE AVE BARRINGTON IL 60010,60010
715 S COOK ST BARRINGTON IL 60010,60010
301 E HILLSIDE DR BARRINGTON IL 60010,60010
307 E HILLSIDE AVENUE BARRINGTON IL 60010,60010
311 E Hillside Ave BARRINGTON IL 60010,60010
315 E HILLSIDE AV BARRINGTON IL 60010,60010
719 S GROVE AVE BARRINGTON IL 60010,60010
723 S GROVE AVE BARRINGTON IL 60010,60010
727 S GROVE ST BARRINGTON IL 60010,60010
731 S GROVE AVE BARRINGTON IL 60010,60010
735 S GROVE AVE BARRINGTON IL 60010,60010
718 SUMMIT ST BARRINGTON IL 60010,60010
722 S SUMMIT ST BARRINGTON IL 60010,60010
725 S SUMMIT ST BARRINGTON IL 60010,60010
732 S SUMMIT ST BARRINGTON IL 60010,60010
736 S SUMMIT ST BARRINGTON IL 60010,60010
740 SUMMIT ST BARRINGTON IL 60010,60010
344 WISCONSIN AVE BARRINGTON IL 60010,60010
739 S GROVE AVE BARRINGTON IL 60010,60010
312 E HILLSIDE AVE BARRINGTON IL 60010,60010
725 S SUMMIT ST BARRINGTON IL 60010,60010
803 S HOUGH ST BARRINGTON IL 60010,60010
212 W COUNTRY DR BARTLETT IL 60103,60103
116 W HILLSIDE AVE BARRINGTON IL 60010,60010
817 S HOUGH ST BARRINGTON IL 60010,60010
821 S HOUGH ST BARRINGTON IL 60010,60010
827 S HOUGH ST BARRINGTON IL 60010,60010
831 S HOUGH ST BARRINGTON IL 60010,60010
455 BEVERLY PL LAKE FOREST IL 60045,60045
800 S COOK ST BARRINGTON IL 60010,60010
806 S COOK ST BARRINGTON IL 60010,60010
455 BEVERLY PL LAKE FOREST IL 60045,60045
835 S HOUGH ST BARRINGTON IL 60010,60010
801 S COOK ST BARRINGTON IL 60010,60010
805 S COOK ST BARRINGTON IL 60010,60010
800 S GROVE AVE BARRINGTON IL 60010,60010
26870 W Country Estate BARRINGTON IL 60010,60010
826 S GROVE AVE BARRINGTON IL 60010,60010
806 S GROVE AVE BARRINGTON IL 60010,60010
812 S GROVE BARRINGTON IL 60010,60010
801 S Grove Ave BARRINGTON IL 60010,60010
807 S GROVE AVE BARRINGTON IL 60010,60010
813 S GROVE AVE BARRINGTON IL 60010,60010
817 S GROVE AVE BARRINGTON IL 60010,60010
821 S GROVE AVE BARRINGTON IL 60010,60010
8473 BAY COLONY DR 903 NAPLES FL 34108,34108
831 S GROVE BARRINGTON IL 60010,60010
835 S GROVE AV BARRINGTON IL 60010,60010
839 S GROVE AVE BARRINGTON IL 60010,60010
841 S GROVE AVE BARRINGTON IL 60010,60010
748 S SUMMIT ST BARRINGTON IL 60010,60010
752 S SUMMIT BARRINGTON IL 60010,60010
756 S SUMMIT ST BARRINGTON IL 60010,60010
760 S SUMMIT ST BARRINGTON IL 60010,60010
762 S SUMMIT ST BARRINGTON IL 60010,60010
768 S SUMMIT ST BARRINGTON IL 60010,60010
772 SUMMIT ST BARRINGTON IL 60010,60010
776 S SUMMIT ST BARRINGTON IL 60010,60010
780 S SUMMIT ST BARRINGTON IL 60010,60010
784 S SUMMIT STREET BARRINGTON IL 60010,60010
906 S HOUGH ST BARRINGTON IL 60010,60010
2807 CAROL DRIVE JOLIET IL 60432,60432
920 S BARRINGTON RD BARRNGTN HLS IL 60010,60010
9 HAWTHORNE RD BARRINGTON IL 60010,60010
7 S HAWTHORNE RD BARRINGTON IL 60010,60010
11 HAWTHORNE RD BARRINGTON IL 60010,60010
13 HAWTHORNE RD BARRINGTON IL 60010,60010
21 HAWTHORNE RD BARRINGTON IL 60010,60010
15 HAWTHORN RD BARRINGTON IL 60010,60010
33 DUNDEE LN BARRNGTN HLS IL 60010,60010
31 DUNDEE LANE BARRNGTN HLS IL 60010,60010
7 HAWTHORNE RD BARRINGTON IL 60010,60010
5 HAWTHORNE RD BARRINGTON IL 60010,60010
39 DUNDEE LN BARRINGTON IL 60010,60010
41 DUNDEE LN BARRINGTON IL 60010,60010
35 DUNDEE LN BARRINGTON IL 60010,60010
15 HAWTHORNE RD BARRINGTON IL 60010,60010
3 HUBBELL CT BARRNGTN HLS IL 60010,60010
1 HUBBELL CT BARRINGTON IL 60010,60010
2 HUBBELL CT BARRINGTON IL 60010,60010
4 HUBBELL CT BARRINGTON IL 60010,60010
12 HUBBELL CT BARRINGTON IL 60010,60010
6 MARBURY LANE BARRINGTON IL 60010,60010
901 S HOUGH BARRINGTON IL 60010,60010
905 S HOUGH ST BARRINGTON IL 60010,60010
915 S HOUGH ST BARRINGTON IL 60010,60010
9 YALE ST BARRINGTON IL 60010,60010
1430 W NEWCASTLE CT INVERNESS IL 60010,60010
904 S COOK ST BARRINGTON IL 60010,60010
906 S COOK ST BARRINGTON IL 60010,60010
908 S COOK ST BARRINGTON IL 60010,60010
910 S COOK ST BARRINGTON IL 60010,60010
912 S COOK ST BARRINGTON IL 60010,60010
914 S COOK ST BARRINGTON IL 60010,60010
926 S COOK ST BARRINGTON IL 60010,60010
909 S HOUGH ST BARRINGTON IL 60010,60010
917 S HOUGH BARRINGTON IL 60010,60010
919 S HOUGH ST BARRINGTON IL 60010,60010
917 S COOK ST BARRINGTON IL 60010,60010
927 S COOK ST BARRINGTON IL 60010,60010
937 S COOK STREET BARRINGTON IL 60010,60010
918 S GROVE AVE BARRINGTON IL 60010,60010
922 S GROVE AVE BARRINGTON IL 60010,60010
218 YALE ST BARRINGTON IL 60010,60010
901 S GROVE AVE BARRINGTON IL 60010,60010
905 S GROVE AVE BARRINGTON IL 60010,60010
907 GROVE AV BARRINGTON IL 60010,60010
909 S GROVE AVE BARRINGTON IL 60010,60010
911 GROVE AV BARRINGTON IL 60010,60010
917 S GROVE AV BARRINGTON IL 60010,60010
923 S GROVE AVE BARRINGTON IL 60010,60010
927 S GROVE AVE BARRINGTON IL 60010,60010
900 S SUMMIT ST BARRINGTON IL 60010,60010
904 S SUMMIT ST BARRINGTON IL 60010,60010
906 S SUMMIT ST BARRINGTON IL 60010,60010
908 S SUMMIT ST BARRINGTON IL 60010,60010
910 S SUMMIT ST BARRINGTON IL 60010,60010
912 S SUMMIT ST BARRINGTON IL 60010,60010
914 S SUMMIT ST BARRINGTON IL 60010,60010
916 S SUMMIT ST BARRINGTON IL 60010,60010
1255 TARPON CTR DR#715 VENICE FL 34285,34285
1255 TARPON CENTER DR VENICE FL 34285,34285
1005 S HOUGH ST BARRINGTON IL 60010,60010
390 COVINGTON DR BARRINGTON IL 60010,60010
1021 S HOUGH BARRINGTON IL 60010,60010
100 E HARVARD AVE BARRINGTON IL 60010,60010
1012 S COOK ST BARRINGTON IL 60010,60010
1012 S COOK ST BARRINGTON IL 60010,60010
1016 S COOK ST BARRINGTON IL 60010,60010
1018 S COOK ST BARRINGTON IL 60010,60010
1020 S COOK ST BARRINGTON IL 60010,60010
1022 S COOK BARRINGTON IL 60010,60010
1007 S COOK ST BARRINGTON IL 60010,60010
1009 S COOK ST BARRINGTON IL 60010,60010
1011 S COOK ST BARRINGTON IL 60010,60010
275 E YALE ST BARRINGTON IL 60010,60010
1810 MARIGOLD LN HANOVER PARK IL 60133,60133
1010 S GROVE AVE BARRINGTON IL 60010,60010
1020 S GROVE AVE BARRINGTON IL 60010,60010
1022 S GROVE AVE BARRINGTON IL 60010,60010
1024 S GROVE AVE BARRINGTON IL 60010,60010
247 COOLIDGE BARRINGTON IL 60010,60010
1005 S GROVE AV BARRINGTON IL 60010,60010
1009 S GROVE AVE BARRINGTON IL 60010,60010
1011 S GROVE AVE BARRINGTON IL 60010,60010
1013 S GROVE BARRINGTON IL 60010,60010
1015 S GROVE AVE BARRINGTON IL 60010,60010
1021 S GROVE AVE BARRINGTON IL 60010,60010
1000 S SUMMIT ST BARRINGTON IL 60010,60010
1010 S SUMMIT ST BARRINGTON IL 60010,60010
1012 S SUMMIT ST BARRINGTON IL 60010,60010
1014 SUMMIT ST BARRINGTON IL 60010,60010
1016 SUMMIT ST BARRINGTON IL 60010,60010
480 WESTLEY RD GLENCOE IL 60022,60022
717 DUNDEE AVENUE BARRINGTON IL 60010,60010
240 TOWER RD BARRINGTON IL 60010,60010
820 S COUNTRY DR BARRINGTON IL 60010,60010
232 TOWER RD BARRINGTON IL 60010,60010
226 TOWER RD BARRINGTON IL 60010,60010
220 TOWER RD BARRINGTON IL 60010,60010
214 TOWER ROAD BARRINGTON IL 60010,60010
210 Tower rd BARRINGTON IL 60010,60010
206 TOWER RD BARRINGTON IL 60010,60010
136 TOWER RD BARRINGTON IL 60010,60010
132 TOWER RD BARRINGTON IL 60010,60010
128 TOWER RD BARRINGTON IL 60010,60010
118 TOWER RD BARRINGTON IL 60010,60010
640 Ironwood Dr BOWLING GRN KY 42103,42103
106 TOWER RD BARRINGTON IL 60010,60010
725 DUNDEE AVE BARRINGTON IL 60010,60010
125 E HILLSIDE AVE BARRINGTON IL 60010,60010
739 DUNDEE AVE BARRINGTON IL 60010,60010
743 DUNDEE AVE BARRINGTON IL 60010,60010
PO BOX 616 WYANDOTTE MI 48192,48192
809 DUNDEE AVE BARRINGTON IL 60010,60010
813 DUNDEE AVE BARRINGTON IL 60010,60010
406 SOUTH COOK STREET BARRINGTON IL 60010,60010
406 S COOK ST BARRINGTON IL 60010,60010
829 DUNDEE AVE BARRINGTON IL 60010,60010
833 DUNDEE AV BARRINGTON IL 60010,60010
839 DUNDEE AV BARRINGTON IL 60010,60010
845 DUNDEE AVENUE BARRINGTON IL 60010,60010
849 DUNDEE AVE BARRINGTON IL 60010,60010
849 DUNDEE AVE BARRINGTON IL 60010,60010
225 TOWER RD BARRINGTON IL 60010,60010
743 MEADOW LN BARRINGTON IL 60010,60010
803 MEADOW LN BARRINGTON IL 60010,60010
809 MEADOW LANE BARRINGTON IL 60010,60010
813 MEADOW LN BARRINGTON IL 60010,60010
819 MEADOW LANE BARRINGTON IL 60010,60010
831 MEADOW LN BARRINGTON IL 60010,60010
837 MEADOW LN BARRINGTON IL 60010,60010
843 MEADOW LN BARRINGTON IL 60010,60010
220 SKYLINE DR BARRINGTON IL 60010,60010
724 LILL ST BARRINGTON IL 60010,60010
730 LILL ST BARRINGTON IL 60010,60010
736 S LILL ST BARRINGTON IL 60010,60010
740 LILL ST BARRINGTON IL 60010,60010
802 LILL STREET BARRINGTON IL 60010,60010
808 LILL ST #508 BARRINGTON IL 60010,60010
812 LILL ST BARRINGTON IL 60010,60010
816 LILL ST BARRINGTON IL 60010,60010
820 LILL ST BARRINGTON IL 60010,60010
822 LILL ST BARRINGTON IL 60010,60010
834 LILL ST BARRINGTON IL 60010,60010
212 SKYLINE DR BARRINGTON IL 60010,60010
731 MEADOW LN BARRINGTON IL 60010,60010
739 MEADOW LANE BARRINGTON IL 60010,60010
135 TOWER RD BARRINGTON IL 60010,60010
731 LILL ST BARRINGTON IL 60010,60010
739 LILL ST BARRINGTON IL 60010,60010
743 LILL ST BARRINGTON IL 60010,60010
803 LILL ST BARRINGTON IL 60010,60010
809 LILL ST BARRINGTON IL 60010,60010
819 LILL ST BARRINGTON IL 60010,60010
825 LILL ST BARRINGTON IL 60010,60010
724 SKYLINE DR BARRINGTON IL 60010,60010
730 SKYLINE DR BARRINGTON IL 60010,60010
736 SKYLINE DR BARRINGTON IL 60010,60010
740 SKYLINE DR BARRINGTON IL 60010,60010
802 SKYLINE DR BARRINGTON IL 60010,60010
808 SKYLINE DR BARRINGTON IL 60010,60010
814 SKYLINE DRIVE BARRINGTON IL 60010,60010
824 SKYLINE DR BARRINGTON IL 60010,60010
659 TIMPANI PL VOLO IL 60073,60073
727 SKYLINE DR BARRINGTON IL 60010,60010
743 SKYLINE DR BARRINGTON IL 60010,60010
803 SKYLINE DR BARRINGTON IL 60010,60010
807 SKYLINE DR BARRINGTON IL 60010,60010
811 SKYLINE DR BARRINGTON IL 60010,60010
815 SKYLINE DR BARRINGTON IL 60010,60010
819 SKYLINE DR BARRINGTON IL 60010,60010
823 SKYLINE DR BARRINGTON IL 60010,60010
827 SKYLINE DR BARRINGTON IL 60010,60010
831 SKYLINE DR BARRINGTON IL 60010,60010
835 SKYLINE DR BARRINGTON IL 60010,60010
11 AMBROSE LN S BARRINGTON IL 60010,60010
215 SKYLINE DR BARRINGTON IL 60010,60010
235 SKYLINE DRIVE BARRINGTON IL 60010,60010
241 SKYLINE DR BARRINGTON IL 60010,60010
602 RANDI LANE HOFFMAN ESTS IL 60169,60169
207 SKYLINE DR BARRINGTON IL 60010,60010
843 SKYLINE DRIVE BARRINGTON IL 60010,60010
839 SKYLINE DR BARRINGTON IL 60010,60010
858 W ARMITAGE AV #406 CHICAGO IL 60614,60614
843 SKYLINE DR BARRINGTON IL 60010,60010
207 SKYLINE DR BARRINGTON IL 60010,60010
733 SKYLINE DR BARRINGTON IL 60010,60010
739 SKYLINE DR BARRINGTON IL 60010,60010
203 SKYLINE DR BARRINGTON IL 60010,60010
235 SKYLINE DRIVE BARRINGTON IL 60010,60010
225 SKYLINE DR BARRINGTON IL 60010,60010
215 SKYLINE DR BARRINGTON IL 60010,60010
411 E HILLSIDE AV BARRINGTON IL 60010,60010
415 E HILLSIDE AV BARRINGTON IL 60010,60010
419 E HILLSIDE BARRINGTON IL 60010,60010
713 SUMMIT ST BARRINGTON IL 60010,60010
717 S Summit St BARRINGTON IL 60010,60010
725 S SUMMIT ST BARRINGTON IL 60010,60010
725 S SUMMIT ST BARRINGTON IL 60010,60010
749 S SUMMIT ST BARRINGTON IL 60010,60010
753 S SUMMIT ST BARRINGTON IL 60010,60010
757 S SUMMIT ST BARRINGTON IL 60010,60010
763 S SUMMIT ST BARRINGTON IL 60010,60010
767 S SUMMIT ST BARRINGTON IL 60010,60010
714 DIVISION BARRINGTON IL 60010,60010
718 S DIVISION ST BARRINGTON IL 60010,60010
722 DIVISION ST BARRINGTON IL 60010,60010
728 DIVISION STREET BARRINGTON IL 60010,60010
732 DIVISION ST BARRINGTON IL 60010,60010
748 DIVISION ST BARRINGTON IL 60010,60010
4106 COMMODORE BLVD CORTEZ FL 34215,34215
768 DIVISION ST BARRINGTON IL 60010,60010
411 E HILLSIDE AV BARRINGTON IL 60010,60010
701 SUMMIT ST BARRINGTON IL 60010,60010
729 S SUMMIT ST BARRINGTON IL 60010,60010
737 SUMMIT ST BARRINGTON IL 60010,60010
768 DIVISION ST BARRINGTON IL 60010,60010
745 S SUMMIT ST BARRINGTON IL 60010,60010
758 DIVISION ST BARRINGTON IL 60010,60010
762 DIVISION ST BARRINGTON IL 60010,60010
744 SOUTH DIVISION ST BARRINGTON IL 60010,60010
707 S DIVISION ST BARRINGTON IL 60010,60010
505 E HILLSIDE BARRINGTON IL 60010,60010
509 E HILLSIDE AVE BARRINGTON IL 60010,60010
513 E HILLSIDE AVE BARRINGTON IL 60010,60010
517 E HILLSIDE AVE BARRINGTON IL 60010,60010
723 DIVISION ST BARRINGTON IL 60010,60010
731 DIVISION ST BARRINGTON IL 60010,60010
747 DIVISION ST BARRINGTON IL 60010,60010
753 S DIVISION ST BARRINGTON IL 60010,60010
755 DIVISION STREET BARRINGTON IL 60010,60010
759 DIVISION ST BARRINGTON IL 60010,60010
763 DIVISION ST BARRINGTON IL 60010,60010
767 S DIVISION ST BARRINGTON IL 60010,60010
722 PRAIRIE AV BARRINGTON IL 60010,60010
728 PRAIRIE AVE BARRINGTON IL 60010,60010
732 PRAIRIE AVE BARRINGTON IL 60010,60010
24046 JOSHUA DR VALENCIA CA 91354,91354
740 PRAIRIE AVE BARRINGTON IL 60010,60010
744 PRARIE AVENUE BARRINGTON IL 60010,60010
748 PRAIRIE AVE BARRINGTON IL 60010,60010
752 S PRAIRIE AVE BARRINGTON IL 60010,60010
756 PRAIRIE BARRINGTON IL 60010,60010
709 S DIVISION ST BARRINGTON IL 60010,60010
715 S DIVISION ST BARRINGTON IL 60010,60010
719 DIVISION ST BARRINGTON IL 60010,60010
712 S PRAIRIE AV BARRINGTON IL 60010,60010
716 PRAIRIE AVE BARRINGTON IL 60010,60010
760 S PRAIRIE AV BARRINGTON IL 60010,60010
768 PRAIRIE AVE BARRINGTON IL 60010,60010
735 S DIVISION ST BARRINGTON IL 60010,60010
743 S DIVISION ST BARRINGTON IL 60010,60010
607 E HILLSIDE AVE BARRINGTON IL 60010,60010
609 E HILLSIDE AVE BARRINGTON IL 60010,60010
611 E HILLSIDE AVE BARRINGTON IL 60010,60010
613 E HILLSIDE AVE BARRINGTON IL 60010,60010
613 E HILLSIDE AVE BARRINGTON IL 60010,60010
725 PRAIRIE AV BARRINGTON IL 60010,60010
117 S COOK ST UNIT 308 BARRINGTON IL 60010,60010
733 PRAIRIE AVE BARRINGTON IL 60010,60010
736 N WESTERN AVE #352 LAKE FOREST IL 60045,60045
751 PRAIRIE BARRINGTON IL 60010,60010
757 PRAIRIE AV BARRINGTON IL 60010,60010
759 S PRAIRIE BARRINGTON IL 60010,60010
763 S PRAIRIE AV BARRINGTON IL 60010,60010
2508 ROCKFORD COLONY L DELAVAN WI 53115,53115
712 HIGHLAND AVE BARRINGTON IL 60010,60010
716 HIGHLAND AVE BARRINGTON IL 60010,60010
720 HIGHLAND AVE BARRINGTON IL 60010,60010
722 HIGHLAND AVE BARRINGTON IL 60010,60010
726 HIGHLAND AVE BARRINGTON IL 60010,60010
730 HIGHLAND AVE BARRINGTON IL 60010,60010
736 HIGHLAND AVE BARRINGTON IL 60010,60010
740 HIGHLAND AV BARRINGTON IL 60010,60010
744 HIGHLAND AV BARRINGTON IL 60010,60010
748 HIGHLAND AVE BARRINGTON IL 60010,60010
752 HIGHLAND AVE BARRINGTON IL 60010,60010
756 HIGHLAND AV BARRINGTON IL 60010,60010
760 HIGHLAND AV BARRINGTON IL 60010,60010
764 HIGHLAND AVE BARRINGTON IL 60010,60010
616 SOUTH ST BARRINGTON IL 60010,60010
721 PRAIRIE AVE BARRINGTON IL 60010,60010
739 PRAIRIE AVENUE BARRINGTON IL 60010,60010
747 PRAIRIE BARRINGTON IL 60010,60010
711 PRAIRIE AVE BARRINGTON IL 60010,60010
411 SOUTH ST BARRINGTON IL 60010,60010
415 SOUTH STREET BARRINGTON IL 60010,60010
417 SOUTH ST BARRINGTON IL 60010,60010
501 SOUTH ST BARRINGTON IL 60010,60010
541 SOUTH ST BARRINGTON IL 60010,60010
541 SOUTH ST BARRINGTON IL 60010,60010
555 S ST BARRINGTON IL 60010,60010
601 SOUTH ST BARRINGTON IL 60010,60010
605 SOUTH ST BARRINGTON IL 60010,60010
621 SOUTH ST BARRINGTON IL 60010,60010
621 SOUTH ST BARRINGTON IL 60010,60010
715 SOUTH ST BARRINGTON IL 60010,60010
715 SOUTH ST BARRINGTON IL 60010,60010
715 SOUTH ST BARRINGTON IL 60010,60010
615 SOUTH ST BARRINGTON IL 60010,60010
401 SOUTH ST BARRINGTON IL 60010,60010
409 E SOUTH ST BARRINGTON IL 60010,60010
777 S SUMMIT ST BARRINGTON IL 60010,60010
785 S SUMMIT BARRINGTON IL 60010,60010
605 SOUTH ST BARRINGTON IL 60010,60010
615 SOUTH ST BARRINGTON IL 60010,60010
715 SOUTH ST BARRINGTON IL 60010,60010
723 SOUTH ST BARRINGTON IL 60010,60010
851 S SUMMIT ST BARRINGTON IL 60010,60010
761 HIGHLAND AVE BARRINGTON IL 60010,60010
720 SOUTH ST BARRINGTON IL 60010,60010
720 SOUTH ST BARRINGTON IL 60010,60010
901 S SUMMIT BARRINGTON IL 60010,60010
903 S SUMMIT ST BARRINGTON IL 60010,60010
905 S SUMMIT ST BARRINGTON IL 60010,60010
909 S SUMMIT ST BARRINGTON IL 60010,60010
1310 MACALPIN DR INVERNESS IL 60010,60010
915 S SUMMIT ST BARRINGTON IL 60010,60010
917 SUMMIT ST BARRINGTON IL 60010,60010
917 SUMMIT ST BARRINGTON IL 60010,60010
555 SOUTH STREET BARRINGTON IL 60010,60010
804 S DIVISION BARRINGTON IL 60010,60010
804 S DIVISION BARRINGTON IL 60010,60010
910 DIVISION ST BARRINGTON IL 60010,60010
908 S DIVISION BARRINGTON IL 60010,60010
906 S DIVISION ST BARRINGTON IL 60010,60010
900 DIVISION BARRINGTON IL 60010,60010
911 DIVISION ST BARRINGTON IL 60010,60010
915 DIVISION ST BARRINGTON IL 60010,60010
905 S DIVISION ST BARRINGTON IL 60010,60010
919 DIVISON STREET BARRINGTON IL 60010,60010
55 RUSSET WAY PALATINE IL 60067,60067
907 DIVISION ST BARRINGTON IL 60010,60010
911 DIVISION ST BARRINGTON IL 60010,60010
915 DIVISION ST BARRINGTON IL 60010,60010
516 HORIZON DRIVE WEST ST CHARLES IL 60175,60175
905 S DIVISION BARRINGTON IL 60010,60010
915 DIVISION ST BARRINGTON IL 60010,60010
555 SOUTH ST BARRINGTON IL 60010,60010
907 SOUTH DIVISION ST BARRINGTON IL 60010,60010
715 SOUTH ST BARRINGTON IL 60010,60010
715 SOUTH ST BARRINGTON IL 60010,60010
715 SOUTH ST BARRINGTON IL 60010,60010
715 SOUTH ST BARRINGTON IL 60010,60010
715 SOUTH ST BARRINGTON IL 60010,60010
200 N DEARBORN CHICAGO IL 60601,60601
200 N DEARBORN CHICAGO IL 60601,60601
920 WOODLAWN HOFFMAN ESTA IL 60169,60169
715 SOUTH ST BARRINGTON IL 60010,60010
715 SOUTH ST BARRINGTON IL 60010,60010
953 SETON CT WHEELING IL 60090,60090
953 SETON CT WHEELING IL 60090,60090
284 N ASHLAND AV PALATINE IL 60074,60074
33 N LASALLE 2127 CHICAGO IL 60602,60602
33 N LASALLE ST #2127 CHICAGO IL 60602,60602
1005 S SUMMIT ST BARRINGTON IL 60010,60010
1009 S SUMMIT ST BARRINGTON IL 60010,60010
1013 S SUMMIT ST BARRINGTON IL 60010,60010
1017 S SUMMIT ST BARRINGTON IL 60010,60010
254 STONEGATE RD CARY IL 60013,60013
1025 S SUMMIT BARRINGTON IL 60010,60010
1002 DIVISION STREET BARRINGTON IL 60010,60010
1010 DIVISION ST BARRINGTON IL 60010,60010
1014 DIVISION ST BARRINGTON IL 60010,60010
1016 DIVISION ST BARRINGTON IL 60010,60010
1020 S DIVISION ST BARRINGTON IL 60010,60010
454 HARVARD AVE BARRINGTON IL 60010,60010
1005 DIVISION ST BARRINGTON IL 60010,60010
1015 DIVISION ST BARRINGTON IL 60010,60010
1017 DIVISION ST BARRINGTON IL 60010,60010
1019 DIVISION STREET BARRINGTON IL 60010,60010
1021 DIVISION ST BARRINGTON IL 60010,60010
541 E YALE BARRINGTON IL 60010,60010
1006 S PRAIRIE AVE BARRINGTON IL 60010,60010
1010 PRAIRIE AVE BARRINGTON IL 60010,60010
1014 PRAIRIE AVE BARRINGTON IL 60010,60010
1016 PRAIRIE AVE BARRINGTON IL 60010,60010
1001 S DIVISION ST BARRINGTON IL 60010,60010
1005 PRAIRIE AVE BARRINGTON IL 60010,60010
1009 S PRAIRIE AV BARRINGTON IL 60010,60010
26303 W MERTON RD BARRINGTON IL 60010,60010
PO BOX 3217 BARRINGTON IL 60011,60011
1017 PRAIRIE AV BARRINGTON IL 60010,60010
1017 PRAIRIE AV BARRINGTON IL 60010,60010
1000 GEORGE ST BARRINGTON IL 60010,60010
1010 GEORGE ST BARRINGTON IL 60010,60010
1012 GEORGE ST BARRINGTON IL 60010,60010
1014 GEORGE ST BARRINGTON IL 60010,60010
1016 S GEORGE ST BARRINGTON IL 60010,60010
654 HARVARD AVE BARRINGTON IL 60010,60010
1205 EVERGREEN AVENUE DES PLAINES IL 60016,60016
200 Oakdene Dr BARRINGTON IL 60010,60010
427 W COUNTY LINE RD BARRINGTON IL 60010,60010
14 HART HILLS RD BARRINGTON IL 60010,60010
35 W WACKER DR 11TH FL CHICAGO IL 60601,60601
20 HART HILLS RD BARRNGTN HLS IL 60010,60010
22 HART HILLS RD BARRINGTON IL 60010,60010
204 OAKDENE WEST DRIVE BARRNGTN HLS IL 60010,60010
200 HART HILLS RD BARRINGTON IL 60010,60010
24 OAKDENE RD BARRINGTON IL 60010,60010
9 OAKDENE DR BARRINGTON IL 60010,60010
21 OAKDENE RD BARRNGTN HLS IL 60010,60010
23 OAKDENE RD BARRNGTN HLS IL 60010,60010
7 MARMON LN BARRINGTON IL 60010,60010
17 OAKDENE DR BARRINGTON IL 60010,60010
19 OAKDENE DR BARRINGTON IL 60010,60010
12 OAKDENE DRIVE BARRINGTON IL 60010,60010
1 MARMON LN BARRINGTON IL 60010,60010
5 MARMON LN BARRINGTON IL 60010,60010
1 OAKDENE DR BARRINGTON IL 60010,60010
438 W COUNTY LINE RD BARRINGTON IL 60010,60010
145 W MAIN ST STE 201 BARRINGTON IL 60010,60010
25 OAKDENE ROAD BARRINGTON IL 60010,60010
6 Oakdene Road Barrington IL 60010,60010
10 OAKDENE DR BARRINGTON IL 60010,60010
21660 W FIELD PKWY 118 DEER PARK IL 60010,60010
21660 W FIELD PKWY 118 DEER PARK IL 60010,60010
21660 W FIELD PKWY 118 DEER PARK IL 60010,60010
21660 W FIELD PKWY 118 DEER PARK IL 60010,60010
21660 W FIELD PKWY 118 DEER PARK IL 60010,60010
411 LAKE ZURICH RD BARRINGTON IL 60010,60010
21660 W FIELD PKWY 118 DEER PARK IL 60010,60010
411 LAKE ZURICH RD BARRINGTON IL 60010,60010
21600 W FIELD PKWY 118 DEER PARK IL 60010,60010
123 S Hager BARRINGTON IL 60010,60010
6 OAKDENE RD BARRINGTON IL 60010,60010
1926 WAYLAND COURT SCHAUMBURG IL 60193,60193
5996 ISLAND VIEW DRIVE BUFORD GA 30518,30518
5996 ISLAND VIEW DRIVE BUFORD GA 30518,30518
5996 ISLAND VIEW DRIVE BUFORD GA 30518,30518
700 ANDERSON HILL RD PURCHASE NY 10577,10577
411 LAKE ZURICH BARRINGTON IL 60010,60010
411 LAKE ZURICH BARRINGTON IL 60010,60010
509 W MAIN ST BARRINGTON IL 60010,60010
1465 LAKE SHORE DR S BARRINGTON IL 60010,60010
209 OAKDENE DRIVE BARRINGTON IL 60010,60010
1926 WAYLAND COURT SCHAUMBURG IL 60193,60193
PO BOX 0182 BARRINGTON IL 60011,60011
1926 WAYLAND COURT SCHAUMBURG IL 60193,60193
110 S HAGER BARRINGTON IL 60010,60010
110 S HAGER BARRINGTON IL 60010,60010
120 S ELA RD BARRINGTON IL 60010,60010
100 LAGESCHULTES ST BARRINGTON IL 60010,60010
100 LAGESCHULTES ST BARRINGTON IL 60010,60010
100 LAGESCHULTES ST BARRINGTON IL 60010,60010
28522 W LINDBERGH DR BARRINGTON IL 60010,60010
315 HAGER AV BARRINGTON IL 60010,60010
315 S HAGER AVE BARRINGTON IL 60010,60010
315 S HAGER AVE BARRINGTON IL 60010,60010
23971 HENRY ST SUMMERLAND FL 33042,33042
315 S HAGER AVE BARRINGTON IL 60010,60010
254 OTIS RD BARRNGTN HLS IL 60010,60010
439 W MAIN ST BARRINGTON IL 60010,60010
439 W MAIN ST BARRINGTON IL 60010,60010
120 S ELA ROAD BARRINGTON IL 60010,60010
PO BOX 71 BARRINGTON IL 60011,60011
123 S HAGER AVE BARRINGTON IL 60010,60010
120 S ELA RD BARRINGTON IL 60010,60010
28522 W LINDBERGH DR BARRINGTON IL 60010,60010
300 LAGESCHULTE ST BARRINGTON IL 60010,60010
1464 TURKEY TRL INVERNESS IL 60067,60067
315 S HAGER AV BARRINGTON IL 60010,60010
210 LAGESCHULTE ST BARRINGTON IL 60010,60010
315 S HAGER BARRINGTON IL 60010,60010
440 LAGESCHULTE ST BARRINGTON IL 60010,60010
446 LAGESCHULTE ST BARRINGTON IL 60010,60010
442 LAGESCHULTE ST1442 BARRINGTON IL 60010,60010
444 LAGESCHULTE ST BARRINGTON IL 60010,60010
452 LAGESCHULTE ST#2 BARRINGTON IL 60010,60010
224 BRIDLE PATH COURT FOX RVR GRV IL 60021,60021
456 LAGESCHULTE BARRINGTON IL 60010,60010
40 SHENANDOAH CIR S BARRINGTON IL 60010,60010
406 LAGESCHULTE ST BARRINGTON IL 60010,60010
410 LAGESCHULTE ST BARRINGTON IL 60010,60010
432-1 LAGESCHOLTE ST BARRINGTON IL 60010,60010
432 LAGESCHULTE ST BARRINGTON IL 60010,60010
432-3 LAGESCHULTE ST BARRINGTON IL 60010,60010
27071 W WELLINGTON CT BARRINGTON IL 60010,60010
2706 MAYNARD DRIVE GLENVIEW IL 60025,60025
434 LAGESCHULTE ST BARRINGTON IL 60010,60010
436 LAGESCHULTE ST#1 BARRINGTON IL 60010,60010
5537 N PARKSIDE#2 CHICAGO IL 60630,60630
436 LAGESCHULTE ST#3 BARRINGTON IL 60010,60010
438 LAGESCHULTE ST#1 BARRINGTON IL 60010,60010
438 LAGESCHULTE #2 BARRINGTON IL 60010,60010
438 LAGESCHULTE ST#3 BARRINGTON IL 60010,60010
420W RUSSELL ST UNIT 2 BARRINGTON IL 60010,60010
420 W RUSSELL ST #3 BARRINGTON IL 60010,60010
558 105TH AVE N NAPLES FL 34108,34108
422 W RUSSELL ST 3 BARRINGTON IL 60010,60010
422 W RUSSELL ST APT 1 BARRINGTON IL 60010,60010
424 W RUSSELL N02 BARRINGTON IL 60010,60010
424 W RUSSELL ST BARRINGTON IL 60010,60010
426 W RUSSELL ST #3 BARRINGTON IL 60010,60010
426 W RUSSELL ST APT 1 BARRINGTON IL 60010,60010
428 W RUSSELL ST BARRINGTON IL 60010,60010
430 W RUSSELL ST BARRINGTON IL 60010,60010
432 W RUSSELL#5432 BARRINGTON IL 60010,60010
434 W RUSSELL ST BARRINGTON IL 60010,60010
436 W RUSSELL ST BARRINGTON IL 60010,60010
1816 SIMPSON STREET EVANSTON IL 60201,60201
30 WILLOW BAY DRIVE S BARRINGTON IL 60010,60010
442 W RUSSELL ST BARRINGTON IL 60010,60010
36 WATERGATE BARRINGTON IL 60010,60010
446 W RUSSELL #6 BARRINGTON IL 60010,60010
448 W RUSSELL ST BARRINGTON IL 60010,60010
440 LAGESCHULTE ST BARRINGTON IL 60010,60010
452 W RUSSELL ST BARRINGTON IL 60010,60010
454 W RUSSELL BARRINGTON IL 60010,60010
456 W RUSSELL ST BARRINGTON IL 60010,60010
140 SURREY LANE BARRINGTON IL 60010,60010
296 DONLEA RD BARRINGTON IL 60010,60010
4401 ROYAL FOX DR ST CHARLES IL 60174,60174
144 DOLE AVE CRYSTAL LAKE IL 60014,60014
1010 RIDGEVIEW DRIVE INVERNESS IL 60010,60010
468 W RUSSELL ST#8 BARRINGTON IL 60010,60010
470 W RUSSELL ST 8470 BARRINGTON IL 60010,60010
472 W RUSSELL BARRINGTON IL 60010,60010
474 W RUSSELL ST BARRINGTON IL 60010,60010
560 W RUSSELL ST BARRINGTON IL 60010,60010
562 W RUSSELL ST#9562 BARRINGTON IL 60010,60010
564 W RUSSELL ST 9564 BARRINGTON IL 60010,60010
566 W RUSSELL ST#9566 BARRINGTON IL 60010,60010
568 W Russell BARRINGTON IL 60010,60010
570 W RUSSELL ST BARRINGTON IL 60010,60010
582 W RUSSELL ST#10582 BARRINGTON IL 60010,60010
588 W RUSSELL ST BARRINGTON IL 60010,60010
584 W RUSSELL ST#584 BARRINGTON IL 60010,60010
586 W RUSSELL#10586 BARRINGTON IL 60010,60010
820 S COUNTY DR BARRINGTON IL 60010,60010
600 W RUSSELL ST#101 BARRINGTON IL 60010,60010
600 W RUSSELL ST#102 BARRINGTON IL 60010,60010
600 W RUSSELL ST 103 BARRINGTON IL 60010,60010
600 W RUSSELL UNIT 104 BARRINGTON IL 60010,60010
811 DORMY LANE BARRINGTON IL 60010,60010
600 W RUSSELL ST 106 BARRINGTON IL 60010,60010
600 W RUSSELL ST#107 BARRINGTON IL 60010,60010
516 S COOK ST BARRINGTON IL 60010,60010
600 W RUSSELL ST 109 BARRINGTON IL 60010,60010
600 W RUSSELL ST#110 BARRINGTON IL 60010,60010
600 W RUSSELL ST#111 BARRINGTON IL 60010,60010
517 LAKE SHORE BLVD WAUCONDA IL 60084,60084
600 W RUSSELL #2A BARRINGTON IL 60010,60010
600 W RUSSELL ST#201 BARRINGTON IL 60010,60010
600 W RUSSELL #202 BARRINGTON IL 60010,60010
600 W RUSSELL ST#203 BARRINGTON IL 60010,60010
600 W RUSSELL ST#204 BARRINGTON IL 60010,60010
600 W RUSSELL ST#109 BARRINGTON IL 60010,60010
1220 BISON LN HOFFMAN ESTS IL 60192,60192
600 W RUSSELL ST #207 BARRINGTON IL 60010,60010
600 W RUSSELL ST#208 BARRINGTON IL 60010,60010
600 W RUSSELL APT 11 BARRINGTON IL 60010,60010
224 BRIDLE PATH COURT FOX RVR GRV IL 60021,60021
600 W RUSSELL ST#211 BARRINGTON IL 60010,60010
2000 E TOUHY ELK GROVE IL 60007,60007
262 DONLEA RD BARRINGTON IL 60010,60010
600 W RUSSELL ST#301 BARRINGTON IL 60010,60010
6859 W BELMONT CHICAGO IL 60634,60634
600 W RUSSELL ST#303 BARRINGTON IL 60010,60010
745 FREEMAN CT HOFFMAN ESTATES IL 60192,60192
820 S FOREST DR BARRINGTON IL 60010,60010
4 BACK BAY DR S BARRINGTON IL 60010,60010
600 W RUSSELL ST #109 BARRINGTON IL 60010,60010
600 W RUSSELL ST#308 BARRINGTON IL 60010,60010
600 W RUSSELL ST#309 BARRINGTON IL 60010,60010
600 W Russell St 310 BARRINGTON IL 60010,60010
600 W RUSSELL ST #311 BARRINGTON IL 60010,60010
600 W RUSSELL ST#312 BARRINGTON IL 60010,60010
463 W RUSSELL ST APT A BARRINGTON IL 60010,60010
463 W RUSSELL ST#463B BARRINGTON IL 60010,60010
463 W RUSSELL#C BARRINGTON IL 60010,60010
463 W RUSSELL ST APT D BARRINGTON IL 60010,60010
463 W RUSSELL ST APT E BARRINGTON IL 60010,60010
25 HONEY LAKE ROAD N BARRINGTON IL 60010,60010
25 HONEY LAKE ROAD N BARRINGTON IL 60010,60010
1250 BANK DRIVE SCHAUMBURG IL 60173,60173
1250 BANK DRIVE SCHAUMBURG IL 60173,60173
1250 BANK DR SCHAUMBURG IL 60173,60173
333W MAIN ST BARRINGTON IL 60010,60010
329 W MAIN ST BARRINGTON IL 60010,60010
323 W MAIN STREET BARRINGTON IL 60010,60010
48 WOOD OAKS DR S BARRINGTON IL 60010,60010
301 W MAIN ST BARRINGTON IL 60010,60010
328 W STATION ST BARRINGTON IL 60010,60010
468 C VALLEY VIEW RD LK BARRINGTN IL 60010,60010
468 C VALLEY VIEW RD LK BARRINGTN IL 60010,60010
114 DUNDEE AVE BARRINGTON IL 60010,60010
118 S DUNDEE AV BARRINGTON IL 60010,60010
111 LAGESCHULTE BARRINGTON IL 60010,60010
328 W STATION ST BARRINGTON IL 60010,60010
201 LAEGESCHULTE ST BARRINGTON IL 60010,60010
333 W STATION ST BARRINGTON IL 60010,60010
291 GREENVIEW DR CRYSTAL LAKE IL 60014,60014
321 W STATION ST BARRINGTON IL 60010,60010
317 W STATION ST BARRINGTON IL 60010,60010
311 W STATION BARRINGTON IL 60010,60010
200 S DUNDEE AV BARRINGTON IL 60010,60010
130 W LAKE ST BARRINGTON IL 60010,60010
117 S COOK ST #213 BARRINGTON IL 60010,60010
336 W LAKE ST BARRINGTON IL 60010,60010
326 W LAKE ST BARRINGTON IL 60010,60010
322 W LAKE ST BARRINGTON IL 60010,60010
318 W LAKE ST BARRINGTON IL 60010,60010
11 ACADIA CT STREAMWOOD IL 60107,60107
212 DUNDEE AVE APT A BARRINGTON IL 60010,60010
216 DUNDEE AVE BARRINGTON IL 60010,60010
341 W LAKE ST BARRINGTON IL 60010,60010
337 W LAKE ST BARRINGTON IL 60010,60010
327 W LAKE ST BARRINGTON IL 60010,60010
323 W LAKE ST BARRINGTON IL 60010,60010
319 W LAKE ST BARRINGTON IL 60010,60010
342 W LINCOLN AVE BARRINGTON IL 60010,60010
334 W LINCOLN AVE BARRINGTON IL 60010,60010
328 W LINCOLN AVE BARRINGTON IL 60010,60010
322 W LINCOLN AV BARRINGTON IL 60010,60010
5536 CHANTILY CIR LK IN THE HL IL 60156,60156
314 W LINCOLN AVE BARRINGTON IL 60010,60010
308 DUNDEE AVE BARRINGTON IL 60010,60010
316 DUNDEE AVE BARRINGTON IL 60010,60010
317 W LAKE ST BARRINGTON IL 60010,60010
306 DUNDEE AVE BARRINGTON IL 60010,60010
303 W LAKE ST BARRINGTON IL 60010,60010
341 W LINCOLN AV BARRINGTON IL 60010,60010
337 W LINCOLN AVE BARRINGTON IL 60010,60010
333 W Lincoln Ave BARRINGTON IL 60010,60010
329 W LINCOLN AV BARRINGTON IL 60010,60010
323 W LINCOLN AV BARRINGTON IL 60010,60010
319 W LINCOLN AV BARRINGTON IL 60010,60010
315 W LINCOLN AVE BARRINGTON IL 60010,60010
144 DOLE AVE CRYSTAL LAKE IL 60014,60014
330 W RUSSELL ST BARRINGTON IL 60010,60010
424 DUNDEE AVE BARRINGTON IL 60010,60010
412 DUNDEE AVE BARRINGTON IL 60010,60010
66 DUNDEE LN BARRINGTON IL 60010,60010
3452 WHIRLAWAY DR NORTHBROOK IL 60062,60062
3452 WHIRLAWAY DR NORTHBROOK IL 60062,60062
320 W RUSSELL ST BARRINGTON IL 60010,60010
35 W WACKER DR FL 11 CHICAGO IL 60601,60601
400 DUNDEE AVE BARRINGTON IL 60010,60010
406 DUNDEE AVE BARRINGTON IL 60010,60010
413 LAGESCHULTE ST BARRINGTON IL 60010,60010
1208 BIBURY LN INVERNESS IL 60010,60010
323 W RUSSELL ST BARRINGTON IL 60010,60010
317 W RUSSELL BARRINGTON IL 60010,60010
500 DUNDEE AVE BARRINGTON IL 60010,60010
512 DUNDEE AVE BARRINGTON IL 60010,60010
520 DUNDEE AV BARRINGTON IL 60010,60010
356D PROSPECT CREEK DR BALLWIN MO 63021,63021
341 W RUSSELL ST BARRINGTON IL 60010,60010
335 W RUSSELL ST BARRINGTON IL 60010,60010
504 LAGESCHULTE BARRINGTON IL 60010,60010
510 LAGESCHULTE ST BARRINGTON IL 60010,60010
516 LAGESCHULTE ST BARRINGTON IL 60010,60010
522 LAGESCHULTE BARRINGTON IL 60010,60010
523 LAGESCHULTE ST BARRINGTON IL 60010,60010
158 ROSLYN RD BARRINGTON IL 60010,60010
355 WESTWOOD DR BARRINGTON IL 60010,60010
365 WESTWOOD DR BARRINGTON IL 60010,60010
375 WESTWOOD DR BARRINGTON IL 60010,60010
400 WESTWOOD DR BARRINGTON IL 60010,60010
410 WESTWOOD DRIVE BARRINGTON IL 60010,60010
420 WESTWOOD DR BARRINGTON IL 60010,60010
430 WESTWOOD DR BARRINGTON IL 60010,60010
440 WESTWOOD DR BARRINGTON IL 60010,60010
450 WESTWOOD DR BARRINGTON IL 60010,60010
460 WESTWOOD DR BARRINGTON IL 60010,60010
470 WESTWOOD DR BARRINGTON IL 60010,60010
480 WESTWOOD DR BARRINGTON IL 60010,60010
500 WESTWOOD DR BARRINGTON IL 60010,60010
510 WESTWOOD DR BARRINGTON IL 60010,60010
520 WESTWOOD DR BARRINGTON IL 60010,60010
530 WESTWOOD DR BARRINGTON IL 60010,60010
540 WESTWOOD DR BARRINGTON IL 60010,60010
550 WESTWOOD DR BARRINGTON IL 60010,60010
385 WESTWOOD DR BARRINGTON IL 60010,60010
395 WESTWOOD DR BARRINGTON IL 60010,60010
460 W HILLSIDE AVE BARRINGTON IL 60010,60010
450 W HILLSIDE AVE BARRINGTON IL 60010,60010
440 W Hillside Avenue BARRINGTON IL 60010,60010
430 W HILLSIDE AV BARRINGTON IL 60010,60010
420 W HILLSIDE AVE BARRINGTON IL 60010,60010
410 W HILLSIDE AVE BARRINGTON IL 60010,60010
350 WESTWOOD DR BARRINGTON IL 60010,60010
405 WESTWOOD DR BARRINGTON IL 60010,60010
415 WESTWOOD DR BARRINGTON IL 60010,60010
425 WESTWOOD DR BARRINGTON IL 60010,60010
435 WESTWOOD DR BARRINGTON IL 60010,60010
445 WESTWOOD DR BARRINGTON IL 60010,60010
455 WESTWOOD DR BARRINGTON IL 60010,60010
465 WESTWOOD DR BARRINGTON IL 60010,60010
475 WESTWOOD DR BARRINGTON IL 60010,60010
485 WESTWOOD DR BARRINGTON IL 60010,60010
470 W HILLSIDE AVE BARRINGTON IL 60010,60010
480 W HILLSIDE AVE BARRINGTON IL 60010,60010
42 OTIS RD BARRINGTON IL 60010,60010
56 OTIS ROAD BARRNGTN HLS IL 60010,60010
52 OTIS RD BARRINGTON IL 60010,60010
7594 COLONIAL WAY VERONA WI 53593,53593
221 OAKDENE DR BARRINGTON IL 60010,60010
201 OAKDENE RD BARRNGTN HLS IL 60010,60010
731 DIVISION STREET BARRINGTON IL 60010,60010
216 OAKDENE DRIVE BARRINGTON IL 60010,60010
206 OAKDENE DR BARRINGTON IL 60010,60010
43 SANDALWOOD LANE BARRNGTN HLS IL 60010,60010
45 SANDLEWOOD LN BARRINGTON IL 60010,60010
43 OAKDENE RD BARRNGTN HLS IL 60010,60010
47 OAKDENE RD BARRINGTON IL 60010,60010
209 OAKDENE DR BARRINGTON IL 60010,60010
209 OAKDENE DR BARRNGTN HLS IL 60010,60010
209 OAKDENE DRIVE BARRINGTON IL 60010,60010
29 OAKDENE RD BARRINGTON IL 60010,60010
120 HARRISON ST BARRINGTON IL 60010,60010
36 SANDLEWOOD LN BARRINGTON IL 60010,60010
1024 S GROVE AVE BARRINGTON IL 60010,60010
41 SANDLEWOOD LN BARRINGTON IL 60010,60010
37 OAKDENE RD BARRINGTON IL 60010,60010
63 WINDRUSH LN BARRNGTN HLS IL 60010,60010
61 WINDRUSH LN BARRINGTON IL 60010,60010
65 WINDRUSH LN BARRNGTN HLS IL 60010,60010
67 WINDRUSH LN BARRINGTON IL 60010,60010
71 WINDRUSH LN BARRINGTON IL 60010,60010
66 WINDRUSH LN BARRINGTON IL 60010,60010
62 WINDRUSH LN BARRINGTON IL 60010,60010
221 OAKDENE DR BARRINGTON IL 60010,60010
46 OAKDENE DRIVE BARRINGTON IL 60010,60010
209 OAKDENE DRIVE BARRINGTON IL 60010,60010
731 DIVISION STREET BARRINGTON IL 60010,60010
50 OAKDENE DR BARRINGTON IL 60010,60010
46 OAKDENE DRIVE BARRINGTON IL 60010,60010
74 WINDRUSH LN BARRINGTON IL 60010,60010
70 WINDRUSH LN BARRINGTON IL 60010,60010
34 OTIS RD BARRINGTON IL 60010,60010
21660 W FIELD PKWY 118 DEER PARK IL 60010,60010
17641 S ASHLAND AVE HOMEWOOD IL 60430,60430
730 S FOREST DR BARRINGTON IL 60010,60010
PO BOX 1972 EDWARDS CO 81632,81632
510 SHADY LN BARRINGTON IL 60010,60010
514 SHADY LANE BARRINGTON IL 60010,60010
516 Shady Ln BARRINGTON IL 60010,60010
810 FOREST DR BARRINGTON IL 60010,60010
820 S FOREST DR BARRINGTON IL 60010,60010
550 WESTWOOD DR BARRINGTON IL 60010,60010
512 SHADY LANE BARRINGTON IL 60010,60010
491 W HILLSIDE AVE BARRINGTON IL 60010,60010
489 W HILLSIDE AVE BARRINGTON IL 60010,60010
487 W HILLSIDE AVE BARRINGTON IL 60010,60010
485 W HILLSIDE AVE BARRINGTON IL 60010,60010
515 SHADY LN BARRINGTON IL 60010,60010
820 Forest Drive Barrington IL 60010,60010
42 OTIS RD BARRINGTON IL 60010,60010
38 OTIS RD BARRINGTON IL 60010,60010
32 OTIS RD BARRINGTON IL 60010,60010
42 OTIS RD BARRINGTON IL 60010,60010
40 OTIS RD BARRINGTON IL 60010,60010
7594 COLONIAL WAY VERONA WI 53593,53593
42 OTIS RD BARRINGTON IL 60010,60010
40 OTIS RD BARRINGTON IL 60010,60010
38 OTIS RD BARRINGTON IL 60010,60010
32 OTIS RD BARRNGTN HLS IL 60010,60010
31 OTIS RD BARRINGTON IL 60010,60010
31 OTIS RD BARRINGTON IL 60010,60010
42 OTIS RD BARRINGTON IL 60010,60010
40 OTIS RD BARRINGTON IL 60010,60010
840 S FOREST DR BARRINGTON IL 60010,60010
42 OTIS RD BARRINGTON IL 60010,60010
25 OTIS RD BARRINGTON IL 60010,60010
21 OTIS ROAD BARRINGTON IL 60010,60010
44 HAWTHORNE RD BARRINGTON IL 60010,60010
61 HAWLEY WOODS ROAD BARRINGTON IL 60010,60010
50 DUNDEE LANE BARRINGTON IL 60010,60010
30 DUNDEE LN BARRINGTON IL 60010,60010
31 OTIS RD BARRNGTN HLS IL 60010,60010
50 SOUTH HAWTHORNE RD BARRINGTON IL 60010,60010
460 TOWER RD BARRINGTON IL 60010,60010
450 TOWER RD BARRINGTON IL 60010,60010
475 WEST HILLSIDE AV BARRINGTON IL 60010,60010
455 W HILLSIDE AV BARRINGTON IL 60010,60010
465 W HILLSIDE AVE BARRINGTON IL 60010,60010
445 W HILLSIDE BARRINGTON IL 60010,60010
440 TOWER RD BARRINGTON IL 60010,60010
465 TOWER ROAD BARRINGTON IL 60010,60010
455 TOWER RD BARRINGTON IL 60010,60010
445 TOWER RD BARRINGTON IL 60010,60010
460 SHADY LN BARRINGTON IL 60010,60010
450 SHADY LN BARRINGTON IL 60010,60010
440 SHADY LN BARRINGTON IL 60010,60010
435 TOWER RD BARRINGTON IL 60010,60010
740 S ORCHARD DR BARRINGTON IL 60010,60010
744 S ORCHARD DRIVE BARRINGTON IL 60010,60010
465 SHADY LN BARRINGTON IL 60010,60010
455 SHADY LN BARRINGTON IL 60010,60010
445 W SHADY LANE BARRINGTON IL 60010,60010
456 W SUNSET RD BARRINGTON IL 60010,60010
450 W SUNSET RD BARRINGTON IL 60010,60010
444 W SUNSET BARRINGTON IL 60010,60010
748 S ORCHARD DR BARRINGTON IL 60010,60010
752 S ORCHARD DR BARRINGTON IL 60010,60010
430 W SUNSET RD BARRINGTON IL 60010,60010
130 W LAKE ST BARRINGTON IL 60010,60010
455 W SUNSET RD BARRINGTON IL 60010,60010
445 WEST SUNSET ROAD BARRINGTON IL 60010,60010
435 W SUNSET RD BARRINGTON IL 60010,60010
425 W SUNSET RD BARRINGTON IL 60010,60010
415 W SUNSET RD BARRINGTON IL 60010,60010
464 OTIS RD BARRINGTON IL 60010,60010
454 OTIS RD BARRINGTON IL 60010,60010
444 OTIS RD BARRINGTON IL 60010,60010
434 OTIS RD BARRINGTON IL 60010,60010
424 OTIS RD BARRINGTON IL 60010,60010
414 OTIS RD BARRINGTON IL 60010,60010
850 S COUNTRY DR BARRINGTON IL 60010,60010
860 COUNTRY DR BARRINGTON IL 60010,60010
820 S COUNTRY DR BARRINGTON IL 60010,60010
838 S COUNTRY DR BARRINGTON IL 60010,60010
729 S ORCHARD DR BARRINGTON IL 60010,60010
739 ORCHARD DR BARRINGTON IL 60010,60010
743 S ORCHARD DR BARRINGTON IL 60010,60010
749 S ORCHARD DR BARRINGTON IL 60010,60010
821 S ORCHARD DR BARRINGTON IL 60010,60010
730 S COUNTRY DR BARRINGTON IL 60010,60010
740 S COUNTRY DR BARRINGTON IL 60010,60010
744 S COUNTRY DR BARRINGTON IL 60010,60010
750 S COUNTRY DR BARRINGTON IL 60010,60010
729 S COUNTRY DR BARRINGTON IL 60010,60010
730 DUNDEE AVE BARRINGTON IL 60010,60010
217 W LINCOLN AVE BARRINGTON IL 60010,60010
743 S COUNTY DR BARRINGTON IL 60010,60010
749 S COUNTRY DR BARRINGTON IL 60010,60010
750 DUNDEE AVE BARRINGTON IL 60010,60010
744 S DUNDEE AV BARRINGTON IL 60010,60010
740 S DUNDEE AVE BARRINGTON IL 60010,60010
821 S COUNTRY DR BARRINGTON IL 60010,60010
831 S COUNTRY DR BARRINGTON IL 60010,60010
841 S COUNTRY DRIVE BARRINGTON IL 60010,60010
851 S COUNTRY DR BARRINGTON IL 60010,60010
861 S COUNTRY DR BARRINGTON IL 60010,60010
314 OTIS RD BARRINGTON IL 60010,60010
304 OTIS RD BARRINGTON IL 60010,60010
822 DUNDEE AVE BARRINGTON IL 60010,60010
826 DUNDEE AVE BARRINGTON IL 60010,60010
832 DUNDEE AVE BARRINGTON IL 60010,60010
838 DUNDEE AV BARRINGTON IL 60010,60010
844 DUNDEE AVE BARRINGTON IL 60010,60010
848 DUNDEE AVE BARRINGTON IL 60010,60010
5277 TRILLIUM BLVD HOFFMAN ESTS IL 60192,60192
215 W COUNTY LINE RD BARRINGTON IL 60010,60010
230 BUTTERNUT RD BARRINGTON IL 60010,60010
200 BUTTERNUT RD BARRNGTN HLS IL 60010,60010
5277 TRILLIUM BLVD HOFFMAN ESTS IL 60192,60192
20 BRINKER BARRINGTON IL 60010,60010
18 BRINKER RD BARRNGTN HLS IL 60010,60010
18 BRINKER RD BARRNGTN HLS IL 60010,60010
18 BRINKER BARRINGTON IL 60010,60010
18 BRINKER RD BARRINGTON IL 60010,60010
231 BUTTERNUT ROAD BARRINGTON IL 60010,60010
231 BUTTERNUT ROAD BARRINGTON IL 60010,60010
18 BRINKER RD BARRNGTN HLS IL 60010,60010
18 BRINKER ROAD BARRINGTON IL 60010,60010
5277 TRILLIUM BLVD HOFFMAN ESTS IL 60192,60192
20 BRINKER BARRINGTON IL 60010,60010
231 W COUNTY LINE RD BARRNGTN HLS IL 60010,60010
1205 W SHERWIN #710 CHICAGO IL 60626,60626
13 BRINKER RD BARRNGTN HLS IL 60010,60010
23 BRINKER LN BARRINGTON IL 60010,60010
23 BRINKER LN BARRINGTON IL 60010,60010
416 W COUNTY LINE RD BARRINGTON IL 60010,60010
13 BRINKER RD BARRNGTN HLS IL 60010,60010
416 W COUNTY LINE RD BARRINGTON IL 60010,60010
409 THREE LAKES RD BARRINGTON IL 60010,60010
416 W COUNTY LINE RD BARRINGTON IL 60010,60010
5 3 LAKES ROAD BARRINGTON IL 60010,60010
11 BRINKER RD BARRINGTON IL 60010,60010
7 BRINKER RD BARRINGTON IL 60010,60010
416 W COUNTY LINE RD BARRINGTON IL 60010,60010
424 W COUNTY LINE RD BARRINGTON IL 60010,60010
49 OCEAN CLUB DRIVE AMELIA ISLD FL 32034,32034
422 W COUNTY LINE RD BARRINGTON IL 60010,60010
35 W WACKER DR 11TH FL CHICAGO IL 60601,60601
425 CAESAR DR BARRNGTN HLS IL 60010,60010
8 THREE LAKES RD BARRNGTN HLS IL 60010,60010
404 CAESAR DR BARRINGTON IL 60010,60010
422 CAESAR DR BARRINGTON IL 60010,60010
408 CAESAR DR BARRNGTN HLS IL 60010,60010
414 CAESAR DR BARRINGTON IL 60010,60010
875 N MICHIGAN #3400 CHICAGO IL 60611,60611
417 DANA LANE BARRINGTON IL 60010,60010
35 W WACKER DR 11TH FL CHICAGO IL 60601,60601
418 DANA LN BARRINGTON IL 60010,60010
420 DANA LN BARRINGTON IL 60010,60010
411 CAESAR DR BARRINGTON IL 60010,60010
412 CAESAR DR BARRINGTON IL 60010,60010
9 CROSS TIMBER RD BARRINGTON IL 60010,60010
414 DANA LANE BARRINGTON IL 60010,60010
4 THREE LAKES RD BARRINGTON IL 60010,60010
418 W COUNTY LINE RD BARRINGTON IL 60010,60010
414 W COUNTY LINE RD BARRINGTON IL 60010,60010
425 MAPLE AVE CARPENTERSVL IL 60110,60110
7 THREE LAKES RD BARRINGTON IL 60010,60010
413 DANA LANE BARRINGTON IL 60010,60010
7 THREE LAKES RD BARRINGTON IL 60010,60010
409 THREE LAKES RD BARRNGTN HLS IL 60010,60010
5 THREE LAKES RD BARRNGTN HLS IL 60010,60010
21 BRINKER RD BARRINGTON IL 60010,60010
418 CAESAR DR BARRINGTON IL 60010,60010
PO BOX 2037 BOCA GRANDE FL 33921,33921
36 BRINKER RD BARRNGTN HLS IL 60010,60010
40 BRINKER ROAD BARRINGTON IL 60010,60010
1628 COLONIAL PARKWAY INVERNESS IL 60067,60067
38 BRINKER RD BARRINGTON IL 60010,60010
P O BOX 4118 BARRINGTON IL 60011,60011
1406 N ASTOR ST CHICAGO IL 60610,60610
5277 TRILLIUM BLVD HOFFMAN ESTS IL 60192,60192
36 BRINKER RD BARRINGTON IL 60010,60010
36 BRINKER RD BARRINGTON IL 60010,60010
58 BRINKER RD BARRNGTN HLS IL 60010,60010
1013 PETERS CT LAKE ZURICH IL 60047,60047
52 BRINKER RD BARRINGTON IL 60010,60010
31 BRINKER RD BARRINGTON IL 60010,60010
106 OTIS RD BARRINGTON IL 60010,60010
35 BRINKER RD BARRINGTON IL 60010,60010
110 OTIS RD BARRINGTON IL 60010,60010
212 EAST RAND RD MT PROSPECT IL 60056,60056
212 EAST RAND RD MT PROSPECT IL 60056,60056
25 BRINKER ROAD BARRINGTON IL 60010,60010
25 BRINKER ROAD BARRINGTON IL 60010,60010
53 BRINKER RD BARRINGTON IL 60010,60010
53 BRINKER RD BARRINGTON IL 60010,60010
2330 HAMMOND DR STE G SCHAUMBURG IL 60173,60173
2330 HAMMOND DR STE G SCHAUMBURG IL 60173,60173
117 S COOK ST 352 BARRINGTON IL 60010,60010
19 BRINKER RD BARRINGTON IL 60010,60010
2330 HAMMOND DR STE G SCHAUMBURG IL 60173,60173
2330 HAMMOND DR STE G SCHAUMBURG IL 60173,60173
51 BRINKER RD BARRINGTON IL 60010,60010
47 BRINKER RD BARRINGTON IL 60010,60010
49 BRINKER RD BARRINGTON IL 60010,60010
49 BRINKER RD BARRINGTON IL 60010,60010
47 BRINKER BARRINGTON IL 60010,60010
10 S LA SALLE 2750 CHICAGO IL 60603,60603
1406 N ASTOR ST CHICAGO IL 60610,60610
1406 N ASTOR ST CHICAGO IL 60610,60610
428 CAESAR BARRINGTON IL 60010,60010
429 CAESAR DR BARRINGTON IL 60010,60010
431 CAESAR DR BARRINGTON IL 60010,60010
84 OTIS RD BARRINGTON IL 60010,60010
419 CAESAR DR BARRINGTON IL 60010,60010
420 CAESAR DR BARRNGTN HLS IL 60010,60010
102 OTIS RD BARRINGTON IL 60010,60010
102 OTIS RD BARRINGTON IL 60010,60010
55 BRINKER ROAD BARRINGTON IL 60010,60010
84 OTIS RD BARRINGTON IL 60010,60010
70 OTIS RD BARRINGTON IL 60010,60010
82 OTIS RD BARRNGTN HLS IL 60010,60010
78 OTIS RD BARRINGTON IL 60010,60010
74 OTIS RD BARRINGTON IL 60010,60010
3151 HEATHER GLEN CT NAPLES FL 34114,34114
41 BRINKER RD BARRINGTON IL 60010,60010
418 CAESAR DR BARRNGTN HLS IL 60010,60010
55 BRINKER ROAD BARRINGTON IL 60010,60010
209 OAKDENE DRIVE BARRINGTON IL 60010,60010
731 DIVISION BARRINGTON IL 60010,60010
278 DONLEA RD BARRINGTON IL 60010,60010
226 FOREST AVE ITASCA IL 60143,60143
276 DONLEA ROAD BARRINGTON IL 60010,60010
272 DONLEA RD BARRINGTON IL 60010,60010
274 DONLEA RD BARRINGTON IL 60010,60010
300 DONLEA RD BARRINGTON IL 60010,60010
280 DONLEA RD BARRINGTON IL 60010,60010
376 W COUNTY LINE RD BARRNGTN HLS IL 60010,60010
254 STEEPLECHASE RD BARRINGTON IL 60010,60010
282 DONLEA BARRINGTON IL 60010,60010
284 DONLEA RD BARRINGTON IL 60010,60010
284 DONLEA RD BARRINGTON IL 60010,60010
378 W COUNTY LINE RD BARRNGTN HLS IL 60010,60010
380 W COUNTY LINE RD BARRNGTN HLS IL 60010,60010
12 BARRINGTON HILLS RD BARRINGTON IL 60010,60010
18 BARRINGTON HILLS RD BARRINGTON IL 60010,60010
1051 PERIMETER DR 1125 SCHAUMBURG IL 60173,60173
14 BARRINGTON HILLS RD BARRINGTON IL 60010,60010
266 DONLEA RD BARRINGTON IL 60010,60010
262 DONLEA RD BARRNGTN HLS IL 60010,60010
1500 ELIOT TRL ELGIN IL 60120,60120
264 DONLEA RD BARRINGTON IL 60010,60010
8 BARRINGTON HILLS RD BARRNGTN HLS IL 60010,60010
15 BARRINGTON HILLS RD BARRNGTN HLS IL 60010,60010
303 W MADISON ST#1000 CHICAGO IL 60606,60606
291 DONLEA ROAD BARRINGTON IL 60010,60010
270 LEEDS DR BARRNGTN HLS IL 60010,60010
264 LEADS BARRNGTN HLS IL 60010,60010
260 LEEDS DR BARRNGTN HLS IL 60010,60010
265 DONLEA RD BARRINGTON IL 60010,60010
210 DONLEA RD BARRINGTON IL 60010,60010
239 BUTTERNUT RD BARRNGTN HLS IL 60010,60010
235 BUTTERNUT RD BARRNGTN HLS IL 60010,60010
215 DONLEA RD BARRINGTON IL 60010,60010
243 DONLEA RD BARRINGTON IL 60010,60010
235 DONLEA RD BARRNGTN HLS IL 60010,60010
444 W LAKE ST STE1100 CHICAGO IL 60606,60606
5811 N NEWARK AVE CHICAGO IL 60631,60631
215 W COUNTY LINE RD BARRINGTON IL 60010,60010
230 BUTTERNUT RD BARRINGTON IL 60010,60010
235 DONLEA RD BARRNGTN HLS IL 60010,60010
237 DONLEA RD BARRINGTON IL 60010,60010
231 BUTTERNUT ROAD BARRINGTON IL 60010,60010
200 BUTTERNUT RD BARRNGTN HLS IL 60010,60010
231 W COUNTY LINE RD BARRNGTN HLS IL 60010,60010
1205 W SHERWIN #710 CHICAGO IL 60626,60626
239 DONLEA RD BARRINGTON IL 60010,60010
251 DONLEA RD BARRINGTON IL 60010,60010
664 MILWAUKEE STE 200 PROSPECT HTS IL 60070,60070
P O BOX 118 BARRINGTON IL 60011,60011
249 BUTTERNUT RD BARRINGTON IL 60010,60010
BOX 118 BARRINGTON IL 60011,60011
PO BOX 118 BARRINGTON IL 60011,60011
243 BUTTERNUT RD BARRINGTON IL 60010,60010
379 W COUNTY LINE RD BARRINGTON IL 60010,60010
PO BOX 22 BARRINGTON IL 60011,60011
381 W COUNTY LINE RD BARRINGTON IL 60010,60010
17 BARRINGTON HILLS RD BARRINGTON IL 60010,60010
240 DONLEA RD BARRINGTON IL 60010,60010
2 BARRINGTON HILLS RD BARRINGTON IL 60010,60010
107 LAKESIDE CT NORTH BARRIN IL 60010,60010
240 DONLEA RD BARRINGTON IL 60010,60010
230 DONLEA RD BARRINGTON IL 60010,60010
254 DONLEA RD BARRINGTON IL 60010,60010
8930 BAY COLONY DRIVE NAPLES FL 34108,34108
287 DONLEA RD BARRNGTN HLS IL 60010,60010
291 DONLEA ROAD BARRINGTON IL 60010,60010
260 ABERDEEN DR BARRINGTON IL 60010,60010
265 LEEDS DR BARRINGTON IL 60010,60010
269 LEEDS DR BARRINGTON IL 60010,60010
273 LEEDS DR BARRINGTON IL 60010,60010
265 ABERDEEN DR BARRNGTN HLS IL 60010,60010
10258 S WESTERN CHICAGO IL 60643,60643
351 OLD SUTTON RD BARRINGTON IL 60010,60010
352 SUTTON RD BARRINGTON IL 60010,60010
349 OLD SUTTON RD BARRINGTON IL 60010,60010
271 DONLEA RD BARRNGTN HLS IL 60010,60010
172 E Fox Hill Dr BUFFALO GRV IL 60089,60089
P O BOX 586 BARRINGTON IL 60011,60011
516 S COOK ST BARRINGTON IL 60010,60010
40 VALLEY DRIVE BARRNGTN HLS IL 60010,60010
2710 CRYSTAL WAY CRYSTAL LAKE IL 60012,60012
44 VALLEY DR BARRINGTON IL 60010,60010
46 VALLEY DR BARRINGTON IL 60010,60010
348 OLD SUTTON RD BARRINGTON IL 60010,60010
350 OLD SUTTON ROAD BARRINGTON IL 60010,60010
272 OTIS RD BARRNGTN HLS IL 60010,60010
298 Otis Rd BARRINGTON IL 60010,60010
720 12TH ST WILMETTE IL 60091,60091
296 OTIS RD BARRINGTON IL 60010,60010
280 OTIS RD BARRINGTON IL 60010,60010
41 CRABAPPLE LN BARRINGTON IL 60010,60010
254 ABERDEEN DR BARRINGTON IL 60010,60010
248 ABERDEEN DR BARRINGTON IL 60010,60010
253 ABERDEEN DR BARRINGTON IL 60010,60010
253 ABERDEEN DR BARRINGTON IL 60010,60010
46 BRINKER ROAD BARRINGTON IL 60010,60010
45 CRABAPPLE LN BARRNGTN HLS IL 60010,60010
38 BRINKER RD BARRINGTON IL 60010,60010
40 BRINKER RD BARRINGTON IL 60010,60010
24 BRINKER RD BARRINGTON IL 60010,60010
46 BRINKER ROAD BARRINGTON IL 60010,60010
24 BRINKER RD BARRINGTON IL 60010,60010
28 BRINKER RD BARRINGTON IL 60010,60010
42 BRINKER RD BARRINGTON IL 60010,60010
48 BRINKER RD BARRINGTON IL 60010,60010
44 BRINKER RD BARRNGTN HLS IL 60010,60010
252 OTIS RD BARRINGTON IL 60010,60010
250 OTIS RD BARRNGTN HLS IL 60010,60010
34 BRINKER RD BARRINGTON IL 60010,60010
230 OTIS RD BARRNGTN HLS IL 60010,60010
222 OTIS RD BARRINGTON IL 60010,60010
260 OTIS RD BARRINGTON IL 60010,60010
254 OTIS RD BARRNGTN HLS IL 60010,60010
40 BRINKER RD BARRNGTN HLS IL 60010,60010
2200 VICTORY AVE DALLAS TX 75219,75219
329 West Main Street BARRINGTON IL 60010,60010
34 BRINKER RD BARRINGTON IL 60010,60010
33 BRINKER RD BARRNGTN HLS IL 60010,60010
385 OLD SUTTON RD BARRINGTON IL 60010,60010
386 OLD SUTTON RD BARRINGTON IL 60010,60010
373 W COUNTY LINE RD BARRINGTON IL 60010,60010
200 W MADISON STE 3400 CHICAGO IL 60606,60606
384 SUTTON RD BARRINGTON IL 60010,60010
380 OLD SUTTON RD BARRINGTON IL 60010,60010
387 OLD SUTTON RD BARRINGTON IL 60010,60010
390 SUTTON RD BARRINGTON IL 60010,60010
362 OLD SUTTON RD BARRINGTON IL 60010,60010
200 W MADISON STE 3400 CHICAGO IL 60606,60606
200 W MADISON STE 3400 CHICAGO IL 60606,60606
200 W MADISON STE 3400 CHICAGO IL 60606,60606
145 W MAIN ST #201 BARRINGTON IL 60010,60010
358 SUTTON RD BARRINGTON IL 60010,60010
358 SUTTON RD BARRINGTON IL 60010,60010
357 OLD SUTTON RD BARRINGTON IL 60010,60010
296 DONLEA RD BARRINGTON IL 60010,60010
300 DONLEA RD BARRINGTON IL 60010,60010
200 W MADISON STE 3400 CHICAGO IL 60606,60606
355 OLD SUTTON RD BARRINGTON IL 60010,60010
291 DONLEA ROAD BARRINGTON IL 60010,60010
352 SUTTON RD BARRINGTON IL 60010,60010
350 OLD SUTTON BARRNGTN HLS IL 60010,60010
P O BX 3193 BARRINGTON IL 60011,60011
356 OLD SUTTON RD BARRINGTON IL 60010,60010
350 OLD SUTTON ROAD BARRINGTON IL 60010,60010
1 FERNWOOD DR BARRINGTON IL 60010,60010
107 W COUNTY LINE RD BARRINGTON IL 60010,60010
5277 TRILLIUM BLVD HOFFMAN ESTS IL 60192,60192
99 W COUNTY LINE RD BARRINGTON IL 60010,60010
104 W COUNTY LINE RD BARRINGTON IL 60010,60010
104B W COUNTY LINE RD BARRINGTON IL 60010,60010
368 N BATEMAN CIR BARRINGTON IL 60010,60010
3939 N NORDICA AVE CHICAGO IL 60634,60634
8 CRAWLING STONE RD BARRINGTON IL 60010,60010
12 Crawling Stone Rd BARRINGTON IL 60010,60010
6 CRAWLING STONE ROAD BARRINGTON IL 60010,60010
6 MIDDLEBURY RD BARRINGTON IL 60010,60010
5 MIDDLEBURY BARRINGTON IL 60010,60010
367 BATEMAN CR N BARRINGTON IL 60010,60010
104A COUNTY LINE RD BARRINGTON IL 60010,60010
7 MIDDLEBURY RD BARRINGTON IL 60010,60010
3 MIDDLEBURY RD BARRINGTON IL 60010,60010
1 MIDDLEBURY RD BARRINGTON IL 60010,60010
2 MIDDLEBURY RD BARRINGTON IL 60010,60010
7 CRAWLING STONE RD BARRINGTON IL 60010,60010
4 MIDDLEBURY RD BARRINGTON IL 60010,60010
98 W COUNTY LINE RD BARRINGTON IL 60010,60010
585 N BANK LANE LAKE FOREST IL 60045,60045
99 COUNTY LINE RD BARRINGTON IL 60010,60010
585 N BANK LANE LAKE FOREST IL 60045,60045
103 W COUNTY LINE RD BARRINGTON IL 60010,60010
20922 E SONOQUI DR QUEEN CREEK AZ 85142,85142
95 W COUNTY LINE RD BARRINGTON IL 60010,60010
95 WEST COUNTY LINE RD BARRNGTN HLS IL 60010,60010
372 N BATEMAN CIRCLE BARRINGTON IL 60010,60010
209 SPRING CREEK RD BARRINGTON IL 60010,60010
PO BOX 445 BARRINGTON IL 60011,60011
P O BOX 3196 BARRINGTON IL 60011,60011
195 BATEMAN RD BARRINGTON IL 60010,60010
101 BATEMAN RD BARRINGTON IL 60010,60010
376 BATEMAN CIRCLE NORTH BARRINGTON HILLS IL 60010,60010
374 N BATEMAN CIR BARRINGTON IL 60010,60010
93 B BATEMAN RD BARRNGTN HLS IL 60010,60010
8750 W BRYN MAWR 1300 CHICAGO IL 60631,60631
154 ALGONQUIN RD BARRINGTON IL 60010,60010
365 S BATEMAN CIR BARRINGTON IL 60010,60010
360 S BATEMAN CIR BARRINGTON IL 60010,60010
362 S BATEMAN CIR BARRINGTON IL 60010,60010
366 N BATEMAN CIR BARRINGTON IL 60010,60010
364 N BATEMAN CR BARRINGTON IL 60010,60010
371 BATEMAN RD BARRINGTON IL 60010,60010
308 W IRVING PARK RD ITASCA IL 60143,60143
308 W IRVING PARK RD ITASCA IL 60143,60143
13 DEEPWOOD RD BARRINGTON IL 60010,60010
1260 N ASTOR ST #5 CHICAGO IL 60610,60610
4 FAR HILLS ROAD BARRINGTON IL 60010,60010
1 WOOD ROCK RD BARRINGTON IL 60010,60010
362 DEEPWOOD RD BARRINGTON IL 60010,60010
200 APPLEBEE ST BARRINGTON IL 60010,60010
2 FAR HILLS RD BARRINGTON IL 60010,60010
1 FAR HILLS RD BARRNGTN HLS IL 60010,60010
5 FAR HILLS RD BARRINGTON IL 60010,60010
366 OVERLOOK RD BARRINGTON IL 60010,60010
367 OVERLOOK RD BARRINGTON IL 60010,60010
P O BOX 414 BARRINGTON IL 60011,60011
364 N BATEMAN CIR BARRINGTON IL 60010,60010
920 FARIWAY LANE MAMARONECK NY 10543,10543
10 DEEPWOOD RD BARRINGTON IL 60010,60010
11 DEEPWOOD RD BARRINGTON IL 60010,60010
12 DEEPWOOD DR BARRINGTON IL 60010,60010
123 DEEPWOOD CT BARRNGTN HLS IL 60010,60010
223 DEEPWOOD CT BARRINGTON IL 60010,60010
2 DEEPWOOD RD BARRINGTON IL 60010,60010
368 N BATEMAN CIR BARRINGTON IL 60010,60010
PO BOX 490 BARRINGTON IL 60011,60011
369 BATEMAN CIRCLE BARRNGTN HLS IL 60010,60010
PO BOX 627 BARRINGTON IL 60011,60011
359 BATEMAN CIR BARRINGTON IL 60010,60010
PO BOX 245 BARRINGTON IL 60011,60011
201 BATEMAN RD BARRINGTON IL 60010,60010
372 N BATEMAN CIRCLE BARRINGTON IL 60010,60010
372 N BATEMAN CIRCLE BARRINGTON IL 60010,60010
375 S BATEMAN CR BARRINGTON IL 60010,60010
363G S BATEMAN CIR BARRINGTON IL 60010,60010
366 S BATEMAN CIR BARRINGTON IL 60010,60010
363F S BATEMAN CIR BARRINGTON IL 60010,60010
365 BATEMAN RD BARRINGTON IL 60010,60010
1555 N ASTOR ST APT 10W CHICAGO IL 60610,60610
350 BATEMAN BARRINGTON IL 60010,60010
7 DEEPWOOD RD BARRINGTON IL 60010,60010
7 DEEPWOOD RD BARRINGTON IL 60010,60010
363 Bateman Road BARRINGTON IL 60010,60010
154 ALGONQUIN RD BARRINGTON IL 60010,60010
350 BATEMAN BARRINGTON IL 60010,60010
717 Rim Rock Rd BAILEY CO 80421,80421
440 W COLFAX ST UNIT62 PALATINE IL 60078,60078
157K HELM RD BARRINGTON IL 60010,60010
440 W COLFAX ST UNIT62 PALATINE IL 60078,60078
155 HELM RD BARRNGTN HLS IL 60010,60010
3 LINCOLN CENTER FL4 OAKBROOK TER IL 60181,60181
158C ALGONQUIN RD BARRNGTN HLS IL 60010,60010
157J HELM RD BARRINGTON IL 60010,60010
158 HELM RD BARRINGTON IL 60010,60010
350 BATEMAN BARRINGTON IL 60010,60010
350 BATEMAN BARRINGTON IL 60010,60010
3 LINCOLN CENTER FL4 OAKBROOK TER IL 60181,60181
3 LINCOLN CENTER FL4 OAKBROOK TER IL 60181,60181
157 E HELM RD BARRINGTON IL 60010,60010
157D HELM RD BARRNGTN HLS IL 60010,60010
157 E HELM RD BARRINGTON IL 60010,60010
159 HELM RD BARRNGTN HLS IL 60010,60010
1 ROUNDSTONE LN BARRNGTN HLS IL 60010,60010
2 ROUNDSTONE LANE BARRINGTON IL 60010,60010
3 ROUNDSTONE LN BARRINGTON IL 60010,60010
4 ROUNDSTONE LN BARRINGTON IL 60010,60010
20W536 LAKE ST ADDISON IL 60101,60101
6 ROUNDSTONE LN BARRNGTN HLS IL 60010,60010
8722 W CHURCH STREET DES PLAINES IL 60016,60016
8 ROUNDSTONE LN BARRINGTON IL 60010,60010
9 ROUNDSTONE LN BARRINGTON IL 60010,60010
157 E HELM RD BARRINGTON IL 60010,60010
157F HELM ROAD BARRINGTON IL 60010,60010
136 N NORMAN DR PALATINE IL 60074,60074
157M HELM RD BARRINGTON IL 60010,60010
157L HELM RD BARRNGTN HLS IL 60010,60010
689 HELM RD BARRINGTON IL 60010,60010
103 HELM RD BARRNGTN HLS IL 60010,60010
101 HELM RD BARRNGTN HLS IL 60010,60010
222 WESTFIELD WAY BARRINGTON IL 60010,60010
224 WESTFIELD WAY BARRINGTON IL 60010,60010
226 WESTFIELD WAY BARRINGTON IL 60010,60010
228 WESTFIELD WAY BARRINGTON IL 60010,60010
230 WESTFIELD WAY BARRNGTN HLS IL 60010,60010
230 WESTFIELD WAY BARRINGTON IL 60010,60010
227 WESTFIELD WAY BARRINGTON IL 60010,60010
46 PENTWATER BARRINGTON IL 60010,60010
350 BATEMAN BARRINGTON IL 60010,60010
160 BATEMAN RD BARRINGTON IL 60010,60010
158B ALGONQUIN RD BARRINGTON IL 60010,60010
158B ALGONQUIN RD BARRINGTON IL 60010,60010
158B ALGONQUIN RD BARRINGTON IL 60010,60010
1899 SEQUOIA DR AURORA IL 60506,60506
1899 SEQUOIA DR AURORA IL 60506,60506
104 REMINGTON DR BARRINGTON IL 60010,60010
220 WESTFIELD WAY BARRINGTON IL 60010,60010
35 W WACKER DR 11TH FL CHICAGO IL 60601,60601
221 WESTFIELD WAY BARRINGTON IL 60010,60010
108 REMINGTON DRIVE BARRINGTON IL 60010,60010
109 REMINGTON DRIVE BARRINGTON IL 60010,60010
109 REMINNGTON DRIVE BARRINGTON IL 60010,60010
107 REMINGTON DRIVE BARRNGTN HLS IL 60010,60010
107 REMINGTON DR BARRINGTON IL 60010,60010
35 W WACKER DR FL 11 CHICAGO IL 60601,60601
P O BOX 3910 BARRINGTON IL 60011,60011
105 REMINGTON DR BARRINGTON IL 60010,60010
347 OLD SUTTON RD BARRNGTN HLS IL 60010,60010
346 OLD SUTTON RD BARRINGTON IL 60010,60010
342 OLD SUTTON RD BARRINGTON IL 60010,60010
295 OTIS RD BARRINGTON IL 60010,60010
291 OTIS RD BARRINGTON IL 60010,60010
345 OLD SUTTON RD BARRINGTON IL 60010,60010
343 OLD SUTTON RD BARRINGTON IL 60010,60010
337 OLD SUTTON ROAD BARRINGTON IL 60010,60010
335 OLD SUTTON RD BARRINGTON IL 60010,60010
335 SUTTON RD BARRINGTON IL 60010,60010
333 OLD SUTTON RD BARRINGTON IL 60010,60010
337 OLD SUTTON RD BARRINGTON IL 60010,60010
342 OLD SUTTON RD BARRINGTON IL 60010,60010
536 North Harlem Ave RIVER FOREST IL 60305,60305
536 N HARLEM AVE RIVER FOREST IL 60305,60305
69 W WASHINGTON ST2010 CHICAGO IL 60602,60602
536 North Harlem Ave RIVER FOREST IL 60305,60305
275 OTIS RD BARRNGTN HLS IL 60010,60010
271 OTIS RD BARRINGTON IL 60010,60010
273 OTIS RD BARRINGTON IL 60010,60010
277 OTIS ROAD BARRINGTON IL 60010,60010
1 GOOSE LAKE DR BARRINGTON IL 60010,60010
2 GOOSE LAKE DR BARRINGTON IL 60010,60010
3 GOOSE LAKE DR BARRINGTON IL 60010,60010
9 GOOSE LAKE DR BARRNGTN HLS IL 60010,60010
10 GOOSE LAKE DRIVE BARRNGTN HLS IL 60010,60010
211 OTIS RD BARRINGTON IL 60010,60010
215 OTIS BARRINGTON IL 60010,60010
345 OLD SUTTON RD BARRINGTON IL 60010,60010
19 SOUTH BOTHWELL ST PALATINE IL 60067,60067
11 GOOSE LAKE DR BARRNGTN HLS IL 60010,60010
12 GOOSE LAKE DR BARRNGTN HLS IL 60010,60010
1111 S WILLIS AVE WHEELING IL 60090,60090
219 OTIS RD BARRNGTN HLS IL 60010,60010
1629 W COLONIAL PKWY INVERNESS IL 60067,60067
2250 SOUTHWIND BLVD BARTLETT IL 60103,60103
2250 SOUTHWIND BLVD BARTLETT IL 60103,60103
2250 SOUTHWIND BLVD BARTLETT IL 60103,60103
337 OLD SUTTON RD BARRINGTON IL 60010,60010
536 N HARLEM AVE RIVER FOREST IL 60305,60305
536 N HARLEM AVE RIVER FOREST IL 60305,60305
536 N HARLEM AVE RIVER FOREST IL 60305,60305
70 BRINKER RD BARRNGTN HLS IL 60010,60010
74 BRINKER RD BARRINGTON IL 60010,60010
78 BRINKER RD BARRINGTON IL 60010,60010
80 BRINKER RD BARRINGTON IL 60010,60010
190 S LA SALLE ST#1700 CHICAGO IL 60603,60603
190 S LA SALLE ST#1700 CHICAGO IL 60603,60603
PO BOX 446 BARRINGTON IL 60011,60011
65 BRINKER RD BARRINGTON IL 60010,60010
63 BRINKER RD BARRINGTON IL 60010,60010
97 OTIS RD BARRINGTON IL 60010,60010
61 BRINKER RD BARRINGTON IL 60010,60010
67 BRINKER RD BARRINGTON IL 60010,60010
63 BRINKER RD BARRINGTON IL 60010,60010
71 BRINKER RD BARRNGTN HLS IL 60010,60010
109 OTIS RD BARRINGTON IL 60010,60010
109 OTIS RD BARRINGTON IL 60010,60010
PO BOX 3790 BARRINGTON IL 60011,60011
300 W ONTARIO ST CHICAGO IL 60654,60654
300 W ONTARIO ST CHICAGO IL 60654,60654
300 W Ontario St CHICAGO IL 60654,60654
17 HERON LN BARRNGTN HLS IL 60010,60010
190 S LASALLE ST 1700 CHICAGO IL 60603,60603
300 W ONTARIO ST CHICAGO IL 60654,60654
3238 N KILBOURN UNIT 2 CHICAGO IL 60641,60641
91 OTIS RD BARRNGTN HLS IL 60010,60010
87 OTIS RD BARRINGTON IL 60010,60010
61 HILLS AND DALES RD BARRINGTON IL 60010,60010
65 HILLS AND DALES RD BARRINGTON IL 60010,60010
69 BRINKER RD BARRINGTON IL 60010,60010
73 BRINKER RD BARRINGTON IL 60010,60010
71 HILLS AND DALES RD BARRINGTON IL 60010,60010
78 HAWLEY WOODS ROAD BARRINGTON IL 60010,60010
77 HAWLEY WOODS RD BARRNGTN HLS IL 60010,60010
73 OTIS RD BARRINGTON IL 60010,60010
69 OTIS RD BARRINGTON IL 60010,60010
69 HILLS AND DALES RD BARRINGTON IL 60010,60010
69 HILLS AND DALES RD BARRINGTON IL 60010,60010
75 OTIS RD BARRINGTON IL 60010,60010
63 HILLS AND DALES BARRINGTON IL 60010,60010
64 HILLS AND DALES RD BARRINGTON IL 60010,60010
67 HILLS AND DALES RD BARRINGTON IL 60010,60010
73 OTIS RD BARRINGTON IL 60010,60010
75 OTIS RD BARRINGTON IL 60010,60010
63 HILLS AND DALES BARRINGTON IL 60010,60010
64 HILLS AND DALES RD BARRINGTON IL 60010,60010
67 HILLS AND DALES RD BARRINGTON IL 60010,60010
70 ROUND BARN RD BARRINGTON IL 60010,60010
68 ROUND BARN RD BARRINGTON IL 60010,60010
67 ROUND BARN ROAD BARRINGTON IL 60010,60010
69 ROUND BARN RD BARRINGTON IL 60010,60010
79 BRINKER RD BARRINGTON IL 60010,60010
61 HAWLEY WOODS ROAD BARRINGTON IL 60010,60010
73 HAWLEY WOODS RD BARRINGTON IL 60010,60010
140 Devon Lane BARRINGTON IL 60010,60010
89 HILLS AND DALES BARRNGTN HLS IL 60010,60010
210 CRYSTAL ST UNT D CARY IL 60013,60013
210 CRYSTAL ST UNT D CARY IL 60013,60013
89 BRINKER ROAD BARRINGTON IL 60010,60010
89 BRINKER ROAD BARRINGTON IL 60010,60010
83 BRINKER RD BARRINGTON IL 60010,60010
83 BRINKER RD BARRINGTON IL 60010,60010
93 BRINKER RD BARRINGTON IL 60010,60010
97 BRINKER RD BARRINGTON IL 60010,60010
87 BRINKER RD BARRINGTON IL 60010,60010
PO BOX 3845 BARRINGTON IL 60011,60011
91 BRINKER RD BARRINGTON IL 60010,60010
90 BRINKER RD BARRINGTON IL 60010,60010
210 CRYSTAL ST STE D CARY IL 60013,60013
210 CRYSTAL ST UNT D CARY IL 60013,60013
95 BRINKER RD BARRINGTON IL 60010,60010
10 BROOKE LN BARRINGTON IL 60010,60010
1530 LANDMEIER ELK GROVE VL IL 60007,60007
90 HILLS AND DALES RD BARRINGTON IL 60010,60010
81 BRINKER BARRINGTON IL 60010,60010
93 HILLS AND DALES RD BARRINGTON IL 60010,60010
76 HAWLEY WOODS RD BARRINGTON IL 60010,60010
88 HAWLEY WOODS RD BARRINGTON IL 60010,60010
5051 PELICAN COLONY901 BONITA SPRGS FL 34134,34134
77 HAWLEY WOODS RD BARRNGTN HLS IL 60010,60010
112 OLD DUNDEE RD BARRINGTON IL 60010,60010
90 HAWLEY WOODS RD BARRINGTON IL 60010,60010
116 OLD DUNDEE RD BARRNGTN HLS IL 60010,60010
88 HAWLEY WOODS RD BARRINGTON IL 60010,60010
81 HAWLEY WOODS RD BARRINGTON IL 60010,60010
10 BROOKE LN BARRINGTON IL 60010,60010
120 W OLD DUNDEE RD BARRINGTON IL 60010,60010
1 JENNIFER CT BARRINGTON IL 60010,60010
110 W County Line Rd BARRINGTON IL 60010,60010
3 JENNIFER CT BARRINGTON IL 60010,60010
5 Jennifer Ct BARRINGTON IL 60010,60010
6 JENNIFER CT BARRINGTON IL 60010,60010
7 JENNIFER CT BARRINGTON IL 60010,60010
35 W WACKER DR 11TH FL CHICAGO IL 60601,60601
9 JENNIFER CT BARRINGTON IL 60010,60010
111 OLD DUNDEE RD BARRINGTON IL 60010,60010
101 OLD DUNDEE RD BARRNGTN HLS IL 60010,60010
105 OLD DUNDEE RD BARRINGTON IL 60010,60010
79 HAWTHORNE ROAD BARRINGTON IL 60010,60010
79 HAWTHORNE RD BARRINGTON IL 60010,60010
65 W OTIS RD BARRINGTON IL 60010,60010
3638 N WAYNE CHICAGO IL 60613,60613
48 HAWTHORNE LANE BARRINGTON IL 60010,60010
44 HAWTHORNE LN BARRNGTN HLS IL 60010,60010
40 HAWTHORNE LANE BARRINGTON IL 60010,60010
505 N LAKESHORE 5407 CHICAGO IL 60611,60611
49 HAWTHORN LN BARRNGTN HLS IL 60010,60010
65 OTIS RD BARRINGTON IL 60010,60010
3638 N WAYNE CHICAGO IL 60613,60613
48 HAWTHORNE LANE BARRINGTON IL 60010,60010
44 HAWTHORNE LN BARRNGTN HLS IL 60010,60010
40 HAWTHORNE LN BARRINGTON IL 60010,60010
77 HAWLEY WOODS RD BARRINGTON IL 60010,60010
82 HAWLEY WOODS RD BARRINGTON IL 60010,60010
919 MARKET ST 506 WILMINGTON DE 19801,19801
919 MARKET ST 506 WILMINGTON DE 19801,19801
92 HAWTHORNE ROAD BARRINGTON IL 60010,60010
92 HAWTHORNE ROAD BARRINGTON IL 60010,60010
90 HAWTHORNE ROAD BARRINGTON IL 60010,60010
90 HAWTHORNE ROAD BARRINGTON IL 60010,60010
68 ROUND BARN RD BARRINGTON IL 60010,60010
66 ROUND BARN RD BARRINGTON IL 60010,60010
66 ROUND BARN RD BARRNGTN HLS IL 60010,60010
65 ROUND BARN ROAD BARRNGTN HLS IL 60010,60010
65 ROUND BARN ROAD BARRNGTN HLS IL 60010,60010
67 ROUND BARN ROAD BARRINGTON IL 60010,60010
55 OTIS RD BARRNGTN HLS IL 60010,60010
61 HAWLEY WOODS ROAD BARRINGTON IL 60010,60010
55 HAWLEY WOODS RD BARRINGTON IL 60010,60010
82 HAWLEY WOODS RD BARRINGTON IL 60010,60010
81 HAWLEY WOODS RD BARRINGTON IL 60010,60010
61 OTIS RD BARRINGTON IL 60010,60010
61 OTIS ROAD BARRNGTN HLS IL 60010,60010
505 N LAKESHORE 5407 CHICAGO IL 60611,60611
49 HAWTHORN LN BARRNGTN HLS IL 60010,60010
50 S HAWTHORNE RD BARRINGTON IL 60010,60010
31 OTIS RD BARRINGTON IL 60010,60010
50 S HAWTHORNE RD BARRINGTON IL 60010,60010
7 CUTTERS RUN S BARRINGTON IL 60010,60010
59 HAWTHORNE RD BARRINGTON IL 60010,60010
401 N MICHIGAN AVE3050 CHICAGO IL 60611,60611
84 N WASHINGTON DR SARASOTA FL 34236,34236
43 LAKEVIEW LN BARRINGTON IL 60010,60010
44 LAKEVIEW LN BARRINGTON IL 60010,60010
47 LAKEVIEW LN BARRINGTON IL 60010,60010
50 LAKEVIEW LN BARRINGTON IL 60010,60010
55 LAKEVIEW LN BARRINGTON IL 60010,60010
75 HAWTHORNE RD BARRINGTON IL 60010,60010
180 E PEARSON ST#3906 CHICAGO IL 60611,60611
35 W Wacker 11th Floor CHICAGO IL 60601,60601
53 Hawthorne Rd BARRINGTON IL 60010,60010
53 Hawthorne Rd BARRINGTON IL 60010,60010
73 HAWTHORNE RD BARRINGTON IL 60010,60010
84 N WASHINGTON DR SARASOTA FL 34236,34236
49 HAWTHORN RD BARRINGTON IL 60010,60010
66 DUNDEE LN BARRINGTON IL 60010,60010
70 DUNDEE LN BARRINGTON IL 60010,60010
74 DUNDEE LN BARRINGTON IL 60010,60010
80 DUNDEE LANE BARRINGTON H IL 60010,60010
84 DUNDEE LN BARRINGTON IL 60010,60010
35 W WACKER DR 11TH FL CHICAGO IL 60601,60601
92 DUNDEE LN BARRINGTON IL 60010,60010
91 DUNDEE LN BARRINGTON IL 60010,60010
61 HAWLEY WOODS ROAD BARRINGTON IL 60010,60010
1220 MACALPIN DRIVE INVERNESS IL 60010,60010
78 DUNDEE LANE BARRINGTON IL 60010,60010
1220 MACALPIN DRIVE INVERNESS IL 60010,60010
78 DUNDEE LANE BARRINGTON IL 60010,60010
30 DUNDEE LN BARRINGTON IL 60010,60010
35 W Wacker 11th Floor CHICAGO IL 60601,60601
45 HAWTHORNE RD BARRINGTON IL 60010,60010
45 HAWTHORNE RD BARRINGTON IL 60010,60010
64 DUNDEE LN BARRNGTN HLS IL 60010,60010
62 DUNDEE LN BARRINGTON IL 60010,60010
64 DUNDEE LANE BARRINGTON IL 60010,60010
66 DUNDEE LN BARRINGTON IL 60010,60010
919 MARKET ST 506 WILMINGTON DE 19801,19801
87 HAWLEY WOODS RD BARRINGTON IL 60010,60010
89 HAWLEY WOODS RD BARRINGTON IL 60010,60010
18 WALPOLE STREET DOVER MA 02030,02030
18 WALPOLE STREET DOVER MA 02030,02030
92 HAWTHORNE ROAD BARRINGTON IL 60010,60010
90 HAWTHORNE RD BARRINGTON IL 60010,60010
18 WALPOLE STREET DOVER MA 02030,02030
102 OLD DUNDEE RD BARRINGTON IL 60010,60010
82 HAWLEY WOODS RD BARRINGTON IL 60010,60010
1569 BARCLAY BLVD BUFFALO GRV IL 60089,60089
103 OLD DUNDEE RD BARRNGTN HLS IL 60010,60010
35 LAKEVIEW LN BARRINGTON IL 60010,60010
31 LAKEVIEW LANE BARRNGTN HLS IL 60010,60010
60 DUNDEE RD BARRINGTON IL 60010,60010
36 LAKE VIEW LN BARRNGTN HLS IL 60010,60010
27592 W CUBA RD BARRINGTON IL 60010,60010
93 HAWTHORNE RD BARRINGTON IL 60010,60010
80 DUNDEE ROAD BARRNGTN HLS IL 60010,60010
3492 WHIRLAWAY DR NORTHBROOK IL 60062,60062
96 DUNDEE RD BARRINGTON IL 60010,60010
117 S COOK ST 206 BARRINGTON IL 60010,60010
117 S COOK ST 206 BARRINGTON IL 60010,60010
70 DUNDEE RD BARRINGTON IL 60010,60010
31 LAKEVIEW LN BARRINGTON IL 60010,60010
1200 S BARRINGTON RD BARRINGTON IL 60010,60010
55 DUNDEE LN BARRINGTON IL 60010,60010
61 DUNDEE LANE BARRINGTON IL 60010,60010
1 SARA LN BARRINGTON IL 60010,60010
2 SARA LN BARRINGTON IL 60010,60010
3 SARA LN BARRINGTON IL 60010,60010
4 SARA LN BARRINGTON IL 60010,60010
5 SARA LN BARRINGTON IL 60010,60010
6 SARA LANE BARRINGTON IL 60010,60010
7 SARA LN BARRINGTON IL 60010,60010
107 HARVARD AV BARRINGTON IL 60010,60010
5426 BAY CENTER DR 300 TAMPA FL 33609,33609
1113 S HOUGH ST BARRINGTON IL 60010,60010
1015 UTTERBACK STORE R GREAT FALLS VA 22066,22066
125 HARVARD AVE BARRINGTON IL 60010,60010
1160 S COOK BARRINGTON IL 60010,60010
1174 S COOK ST BARRINGTON IL 60010,60010
1188 S COOK ST BARRINGTON IL 60010,60010
1188 S COOK ST BARRINGTON IL 60010,60010
124 PRINCETON AVE BARRINGTON IL 60010,60010
1105 S HOUGH ST BARRINGTON IL 60010,60010
5426 BAY CENTER DR 300 TAMPA FL 33609,33609
543 HARVARD AVE BARRINGTON IL 60010,60010
543 HARVARD ST BARRINGTON IL 60010,60010
424 HILLCREST BARRINGTON IL 60010,60010
500 W MADISON ST 3800 CHICAGO IL 60661,60661
200 PRINCETON LN BARRINGTON IL 60010,60010
5451 BURNET AV SHERMAN OAKS CA 91411,91411
1421 CALLEN LN DES PLAINES IL 60016,60016
1421 CALLEN LN DES PLAINES IL 60016,60016
1421 CALLEN LN DES PLAINES IL 60016,60016
847 BURR OAK LN SUMMIT WI 53066,53066
424 HILLCREST BARRINGTON IL 60010,60010
424 HILLCREST BARRINGTON IL 60010,60010
424 HILLCREST BARRINGTON IL 60010,60010
300 PRINCETON AVE BARRINGTON IL 60010,60010
300 PRINCETON AVE BARRINGTON IL 60010,60010
965 HAWTHORNE LN NORTHBROOK IL 60062,60062
965 HAWTHORNE LN NORTHBROOK IL 60062,60062
P O BOX 165 ITASCA IL 60143,60143
7360 IRIS AVE HANOVER PARK IL 60133,60133
312 PRINCETON AVE BARRINGTON IL 60010,60010
459 RED OAK LN HIGHLAND PK IL 60035,60035
1205 S HOUGH ST BARRINGTON IL 60010,60010
1199 S BARRINGTON RD BARRINGTON IL 60010,60010
1216 S COOK STREET BARRINGTON IL 60010,60010
6 S BARRINGTON RD BARRINGTON IL 60010,60010
125 PRINCETON AVE BARRINGTON IL 60010,60010
1208 S COOK ST BARRINGTON IL 60010,60010
1212 S COOK ST BARRINGTON IL 60010,60010
1216 S COOK ST BARRINGTON IL 60010,60010
1216 S COOK ST BARRINGTON IL 60010,60010
1211 S COOK ST BARRINGTON IL 60010,60010
1215 S COOK ST BARRINGTON IL 60010,60010
1219 S COOK ST BARRINGTON IL 60010,60010
1217 S COOK ST BARRINGTON IL 60010,60010
1200 S GROVE AVE BARRINGTON IL 60010,60010
1200 S GROVE AVE BARRINGTON IL 60010,60010
1208 S GROVE AVE BARRINGTON IL 60010,60010
1214 S GROVE AVE BARRINGTON IL 60010,60010
25 WASHINGTON AVE STREAMWOOD IL 60107,60107
1220 S GROVE AVE BARRINGTON IL 60010,60010
201 PRINCETON AVE BARRINGTON IL 60010,60010
305 PRINCETON AVE BARRINGTON IL 60010,60010
1205 S GROVE AV BARRINGTON IL 60010,60010
1211 S GROVE BARRINGTON IL 60010,60010
1211 S GROVE BARRINGTON IL 60010,60010
1211 S GROVE BARRINGTON IL 60010,60010
414 E LIBERTY ST WAUCONDA IL 60084,60084
1221 S GROVE AVE BARRINGTON IL 60010,60010
1200 S SUMMIT ST BARRINGTON IL 60010,60010
1206 SUMMIT ST BARRINGTON IL 60010,60010
1206 SUMMIT ST BARRINGTON IL 60010,60010
1216 S SUMMIT ST BARRINGTON IL 60010,60010
1220 SOUTH SUMMIT ST BARRINGTON IL 60010,60010
1212 S SUMMIT ST BARRINGTON IL 60010,60010
69 DUNDEE LN BARRINGTON IL 60010,60010
71 DUNDEE LN BARRINGTON IL 60010,60010
73 DUNDEE LN BARRINGTON IL 60010,60010
75 DUNDEE LN BARRINGTON IL 60010,60010
1 N LASALLE ST 37TH FL CHICAGO IL 60602,60602
4200 W PETERSON AV CHICAGO IL 60646,60646
38 OTIS RD BARRINGTON IL 60010,60010
1216 S COOK STREET BARRINGTON IL 60010,60010
2025 WINDSOR DR OAKBROOK IL 60523,60523
1421 S BARRINGTON RD BARRINGTON IL 60010,60010
1284 W NORTHWEST HWY PALATINE IL 60067,60067
1284 W NORTHWEST HWY PALATINE IL 60067,60067
2020 N RANDALL RD ELGIN IL 60123,60123
3 MARBURY LN BARRINGTON IL 60010,60010
6 HUBBELL CT BARRINGTON IL 60010,60010
8 HUBBELL CT BARRINGTON IL 60010,60010
10 HUBBELL CT BARRINGTON IL 60010,60010
9 HUBBELL CT BARRINGTON IL 60010,60010
10 S LA SALLE ST#2750 CHICAGO IL 60603,60603
5 HUBBELL CT BARRINGTON IL 60010,60010
3 HUBBELL CT BARRNGTN HLS IL 60010,60010
12 HUBBELL CT BARRINGTON IL 60010,60010
6 MARBURY LANE BARRINGTON IL 60010,60010
4 MARBURY LN BARRNGTN HLS IL 60010,60010
2 MARBURY LN BARRINGTON IL 60010,60010
84 DUNDEE LN BARRINGTON IL 60010,60010
1401 SOMERSET PLACE BARRINGTON IL 60010,60010
1403 SOMERSET PL BARRINGTON IL 60010,60010
1405 SOMERSET PL BARRINGTON IL 60010,60010
1465 SOMERSET PL BARRINGTON IL 60010,60010
12 SALT CREEK LN #400 HINSDALE IL 60521,60521
456 B NORTH WEBER RD ROMEOVILLE IL 60446,60446
525 W WISE RD STE F SCHAUMBURG IL 60193,60193
1454 SOMERSET PLACE BARRINGTON IL 60010,60010
1456 SOMERSET PL BARRINGTON IL 60010,60010
1429 SOMERSET PLACE BARRINGTON IL 60010,60010
525 W WISE RD STE F SCHAUMBURG IL 60193,60193
456 B NORTH WEBER RD ROMEOVILLE IL 60446,60446
456 B NORTH WEBER RD ROMEOVILLE IL 60446,60446
456 B NORTH WEBER RD ROMEOVILLE IL 60446,60446
1410 SOMERSET PL BARRINGTON IL 60010,60010
1412 SOMERSET PL BARRINGTON IL 60010,60010
1413 SOMERSET PL BARRINGTON IL 60010,60010
1415 SOMERSET PLACE BARRINGTON IL 60010,60010
1417 SOMERSET PL BARRINGTON IL 60010,60010
707 THORNWOOD DR NAPERVILLE IL 60540,60540
1421 SOMERSET PLACE BARRINGTON IL 60010,60010
1423 SOMERSET PLACE BARRINGTON IL 60010,60010
1425 SOMERSET PL BARRINGTON IL 60010,60010
1427 SOMERSET PLACE BARRINGTON IL 60010,60010
1428 SOMERSET PLACE BARRINGTON IL 60010,60010
1430 SOMERSET PL BARRINGTON IL 60010,60010
1432 SOMERSET PL BARRINGTON IL 60010,60010
1434 SOMERSET PLACE BARRINGTON IL 60010,60010
1436 SOMERSET PL BARRINGTON IL 60010,60010
707 THORNWOOD DR NAPERVILLE IL 60540,60540
647 S SLEIGHT ST NAPERVILLE IL 60540,60540
8585 E. HARTFORD DR. SCOTTSDALE AZ 85255,85255
1444 SOMERSET PL BARRINGTON IL 60010,60010
647 S SLEIGHT ST NAPERVILLE IL 60540,60540
1448 SOMERSET PL BARRINGTON IL 60010,60010
1450 SOMERSET PLACE BARRINGTON IL 60010,60010
647 S SLEIGHT ST NAPERVILLE IL 60540,60540
707 THORNWOOD DR NAPERVILLE IL 60540,60540
707 THORNWOOD DR NAPERVILLE IL 60540,60540
707 THORNWOOD DR NAPERVILLE IL 60540,60540
707 THORNWOOD DR NAPERVILLE IL 60540,60540
707 THORNWOOD DR NAPERVILLE IL 60540,60540
1463 SOMERSET PLACE BARRINGTON IL 60010,60010
456 B NORTH WEBER RD ROMEOVILLE IL 60446,60446
456 B NORTH WEBER RD ROMEOVILLE IL 60446,60446
1471 SOMERSET PL BARRINGTON IL 60010,60010
1469 SOMERSET PL BARRINGTON IL 60010,60010
1467 SOMERSET PL BARRINGTON IL 60010,60010
12 SALT CREEK LN #400 HINSDALE IL 60521,60521
456 B NORTH WEBER RD ROMEOVILLE IL 60446,60446
9674 REDING CR DES PLAINES IL 60016,60016
9674 REDING CR DES PLAINES IL 60016,60016
3281 PRESTWICK NORTHBROOK IL 60062,60062
1165 S SUMMIT BARRINGTON IL 60010,60010
1173 S SUMMIT ST BARRINGTON IL 60010,60010
221 OAKDENE DR BARRINGTON IL 60010,60010
1100 DIVISION ST BARRINGTON IL 60010,60010
1100 S DIVISION ST BARRINGTON IL 60010,60010
1130 DIVISION ST BARRINGTON IL 60010,60010
1160 S DIVISION ST BARRINGTON IL 60010,60010
450 PRINCETON AVE BARRINGTON IL 60010,60010
1117 S DIVISION ST BARRINGTON IL 60010,60010
1131 DIVISION ST BARRINGTON IL 60010,60010
1145 S DIVISION ST BARRINGTON IL 60010,60010
1159 S DIVISION ST BARRINGTON IL 60010,60010
1175 DIVISION ST BARRINGTON IL 60010,60010
543 HARVARD AV BARRINGTON IL 60010,60010
1110 PRAIRIE AVE BARRINGTON IL 60010,60010
1118 S PRAIRIE BARRINGTON IL 60010,60010
1150 PRAIRIE AVE BARRINGTON IL 60010,60010
1174 PRAIRIE AVE BARRINGTON IL 60010,60010
651 HARVARD AV BARRINGTON IL 60010,60010
1122 S GEORGE ST BARRINGTON IL 60010,60010
35W420 CRESCENT DR WEST DUNDEE IL 60118,60118
PO BOX 733 WILMETTE IL 60091,60091
640 PRINCETON AVE BARRINGTON IL 60010,60010
655 HARVARD AVE BARRINGTON IL 60010,60010
1122 S GEORGE ST BARRINGTON IL 60010,60010
415 E Hillside Avenue BARRINGTON IL 60010,60010
415 E Hillside Avenue BARRINGTON IL 60010,60010
650 PRINCETON AVE BARRINGTON IL 60010,60010
415 E Hillside Avenue BARRINGTON IL 60010,60010
1207 S SUMMIT ST BARRINGTON IL 60010,60010
1213 S SUMMIT ST BARRINGTON IL 60010,60010
1215 S SUMMIT ST BARRINGTON IL 60010,60010
1225 S SUMMIT ST BARRINGTON IL 60010,60010
420 CAESAR DRIVE BARRINGTON IL 60010,60010
1208 DIVISION ST BARRINGTON IL 60010,60010
1218 DIVISION ST BARRINGTON IL 60010,60010
1220 DIVISION ST BARRINGTON IL 60010,60010
1222 DIVISION ST BARRINGTON IL 60010,60010
1201 S SUMMIT ST BARRINGTON IL 60010,60010
71 HILLS AND DALES RD BARRINGTON IL 60010,60010
1209 DIVISION ST BARRINGTON IL 60010,60010
1217 S DIVISION ST BARRINGTON IL 60010,60010
1219 S DIVISION ST BARRINGTON IL 60010,60010
1221 DIVISION ST BARRINGTON IL 60010,60010
1208 PRAIRIE AVE BARRINGTON IL 60010,60010
1214 S PRAIRIE AV BARRINGTON IL 60010,60010
1216 PRAIRIE AVE BARRINGTON IL 60010,60010
1228 PRAIRIE AVE BARRINGTON IL 60010,60010
641 PRINCETON BARRINGTON IL 60010,60010
1121 MIDWAY RD NORTHBROOK IL 60062,60062
1209 PRAIRIE AVE BARRINGTON IL 60010,60010
1213 PRAIRIE AVE BARRINGTON IL 60010,60010
1215 PRAIRIE AVE BARRINGTON IL 60010,60010
1217 S PRAIRIE AV BARRINGTON IL 60010,60010
645 PRINCETON ST BARRINGTON IL 60010,60010
1206 S GEORGE ST BARRINGTON IL 60010,60010
1208 S GEORGE BARRINGTON IL 60010,60010
1212 GEORGE ST BARRINGTON IL 60010,60010
1220 S GEORGE ST BARRINGTON IL 60010,60010
401 Cornell Ave Barrington IL 60010,60010
414 CAESAR DR BARRINGTON IL 60010,60010
411 PARK BARRINGTON DR BARRINGTON IL 60010,60010
409 PARK BARRINGTON DR BARRINGTON IL 60010,60010
407 PARK BARRINGTON DR BARRINGTON IL 60010,60010
P O BOX 3861 BARRINGTON IL 60011,60011
401 PARK BARRINGTON DR BARRINGTON IL 60010,60010
890 E HIGGINS RD 154 SCHAUMBURG IL 60173,60173
890 E HIGGINS RD 154 SCHAUMBURG IL 60173,60173
431 PARK BARRINGTON DR BARRINGTON IL 60010,60010
429 PARK BARRINGTON DR BARRINGTON IL 60010,60010
427 Park Barrington Dr BARRINGTON IL 60010,60010
425 PARK BARRINGTON DR BARRINGTON IL 60010,60010
421 PARK BARRINGTON DR BARRINGTON IL 60010,60010
419 PARK BARINGTON DR BARRINGTON IL 60010,60010
417 PARK BARRINGTON DR BARRINGTON IL 60010,60010
415 PARK BARRINGTON DR BARRINGTON IL 60010,60010
405 PARK BARRINGTON DR BARRINGTON IL 60010,60010
497 PARK BARRINGTON DR BARRINGTON IL 60010,60010
495 PARK BARRINGTON DR BARRINGTON IL 60010,60010
493 PARK BARRINGTON DR BARRINGTON IL 60010,60010
491 PARK BARRINGTON DR BARRINGTON IL 60010,60010
489 PARK BARRINGTON DR BARRINGTON IL 60010,60010
487 PARK BARRINGTON DR BARRINGTON IL 60010,60010
485 PARK BARRINGTON BARRINGTON IL 60010,60010
483 PARK BARRINGTON DR BARRINGTON IL 60010,60010
890 E HIGGINS RD 154 SCHAUMBURG IL 60173,60173
481 PARK BARRINGTON DR BARRINGTON IL 60010,60010
479 PARK BARRINGTON DR BARRINGTON IL 60010,60010
477 PARK BARRINGTON DR BARRINGTON IL 60010,60010
8 COREY DR S BARRINGTON IL 60010,60010
473 PARK BARRINGTON DR BARRINGTON IL 60010,60010
890 E HIGGINS RD 154 SCHAUMBURG IL 60173,60173
467 PARK BARRINGTON DR BARRINGTON IL 60010,60010
465 PARK BARRINGTON DR BARRINGTON IL 60010,60010
463 PARK BARRINGTON DR BARRINGTON IL 60010,60010
461 PARK BARRINGTON DR BARRINGTON IL 60010,60010
459 PARK BARRINGTON DR BARRINGTON IL 60010,60010
35 W WACKER DR 11TH FL CHICAGO IL 60601,60601
455 PARK BARRINGTON DR BARRINGTON IL 60010,60010
453 PARK BARRINGTON DR BARRINGTON IL 60010,60010
451 PARK BARRINGTON DR BARRINGTON IL 60010,60010
449 PARK BARRINGTON DR BARRINGTON IL 60010,60010
447 PARK BARRINGTON DR BARRINGTON IL 60010,60010
445 PARK BARRINGTON DR BARRINGTON IL 60010,60010
459 PARK BARRINGTON DR BARRINGTON IL 60010,60010
441 PARK BARRINGTON DR BARRINGTON IL 60010,60010
439 PARK BARRINGTON DR BARRINGTON IL 60010,60010
437 PARK BARRINGTON DR BARRINGTON IL 60010,60010
3182 VILLAGE GREEN DR AURORA IL 60504,60504
474 PARK BARRINGTON DR BARRINGTON IL 60010,60010
476 PARK BARRINGTON DR BARRINGTON IL 60010,60010
478 PARK BARRINGTON DR BARRINGTON IL 60010,60010
480 PARK BARRINGTON DR BARRINGTON IL 60010,60010
482 PK BARRINGTON DR BARRINGTON IL 60010,60010
484 PARK BARRINGTON DR BARRINGTON IL 60010,60010
400 PARK BARRINGTON DR BARRINGTON IL 60010,60010
402 PARK BARRINGTON DR BARRINGTON IL 60010,60010
5035 Napoli Run BRADENTON FL 34211,34211
406 PARK BARRINGTON DR BARRINGTON IL 60010,60010
408 PARK BARRINGTON BARRINGTON IL 60010,60010
410 PARK BARRINGTON DR BARRINGTON IL 60010,60010
412 PARK BARRINGTON BARRINGTON IL 60010,60010
P O BOX 4900 SCOTTSDALE AZ 85261,85261
PO Box 3023 BARRINGTON IL 60011,60011
503 PARK BARRINGTON WY BARRINGTON IL 60010,60010
507 PARK BARRINGTON WY BARRINGTON IL 60010,60010
509 PARK BARRNGTON WAY BARRINGTON IL 60010,60010
511 PARK BARRINGTON WY BARRINGTON IL 60010,60010
513 PARK BARRINGTON RD BARRINGTON IL 60010,60010
515 PARK BARRINGTON WY BARRINGTON IL 60010,60010
517 PARK BARRINGTON WY BARRINGTON IL 60010,60010
519 PARK BARRINGTON BARRINGTON IL 60010,60010
521 PK BARRINGTON WAY BARRINGTON IL 60010,60010
523 PK BARRINGTON WAY BARRINGTON IL 60010,60010
525 PARK BARRINGTON WY BARRINGTON IL 60010,60010
527 PK BARINGTON WAY BARRINGTON IL 60010,60010
529 PARK BARRINGTON BARRINGTON IL 60010,60010
531 PARK BARRINGTON WY BARRINGTON IL 60010,60010
533 PARK BARRINGTNO WY BARRINGTON IL 60010,60010
416 PARK BARRINGTON DR BARRINGTON IL 60010,60010
418 PARK BARRINGTON DR BARRINGTON IL 60010,60010
420 PK BARRINGTON DR BARRINGTON IL 60010,60010
422 PARK BARRINGTON DR BARRINGTON IL 60010,60010
890 E HIGGINS RD 154 SCHAUMBURG IL 60173,60173
502 PARK BARRINGTON WY BARRINGTON IL 60010,60010
430 PARK BARRINGTON DR BARRINGTON IL 60010,60010
432 PARK BARRINGTON DR BARRINGTON IL 60010,60010
434 PARK BARRINGTON DR BARRINGTON IL 60010,60010
436 PARK BARRINGTON DR BARRINGTON IL 60010,60010
438 PARK BARRINGTON DR BARRINGTON IL 60010,60010
440 PARK BARRINGTON BARRINGTON IL 60010,60010
442 PK BARRINGTON DR BARRINGTON IL 60010,60010
1634 SAN SILVESTRO DR VENICE FL 34285,34285
446 PARK BARRINGTON DR BARRINGTON IL 60010,60010
448 PARK BARRINGTON DR BARRINGTON IL 60010,60010
450 PARK BARRINGTON DR BARRINGTON IL 60010,60010
452 PARK BARRINGTON DR BARRINGTON IL 60010,60010
454 PARK BARRINGTON DR BARRINGTON IL 60010,60010
456 PARK BARRINGTON DR BARRINGTON IL 60010,60010
458 PARK BARRINGTON DR BARRINGTON IL 60010,60010
460 PARK BARRINGTON DR BARRINGTON IL 60010,60010
462 PARK BARRINGTON DR BARRINGTON IL 60010,60010
464 PARK BARRINGTON DR BARRINGTON IL 60010,60010
466 PARK BARRINGTON DR BARRINGTON IL 60010,60010
536 Park Barrington Wa BARRINGTON IL 60010,60010
534 PK BARRINGTON WAY BARRINGTON IL 60010,60010
532 PK BARRINGTON WAY BARRINGTON IL 60010,60010
530PARK BARRINGTON WY BARRINGTON IL 60010,60010
528 PARK BARRINGTON WY BARRINGTON IL 60010,60010
526 PK BARRINGTON WAY BARRINGTON IL 60010,60010
524 PARK BARRINGTON DR BARRINGTON IL 60010,60010
522 PARK BARRINGTON RD BARRINGTON IL 60010,60010
520 PARK BARRINGTON WY BARRINGTON IL 60010,60010
518 PARK BARRINGTON WY BARRINGTON IL 60010,60010
516 PK BARRINGTON WAY BARRINGTON IL 60010,60010
514 PARK BARRINGTON WA BARRINGTON IL 60010,60010
512 PARK BARRINGTON WY BARRINGTON IL 60010,60010
510 PARK BARRINGTON WY BARRINGTON IL 60010,60010
508 PK BARRNGTN WAY BARRINGTON IL 60010,60010
506 PARK BARRINGTON WY BARRINGTON IL 60010,60010
504 PARK BARRINGTON WY BARRINGTON IL 60010,60010
1475 S BARRINGTON RD BARRINGTON IL 60010,60010
1475 BARRINGTON RD BARRINGTON IL 60010,60010
1475 S BARRINGTON RD BARRINGTON IL 60010,60010
1435 S BARRINGTON RD BARRINGTON IL 60010,60010
1445 S BARRINGTON RD BARRINGTON IL 60010,60010
PO BOX 71870 6890 S 23 SALT LK CITY UT 84171,84171
1475 BARRINGTON RD BARRINGTON IL 60010,60010
665 SW 8TH ST MIAMI FL 33130,33130
1475 S BARRINGTON RD. BARRINGTON IL 60010,60010
1498 S BARRINGTON RD BARRINGTON IL 60010,60010
2500 W HIGGINS #120 HOFFMAN ESTS IL 60169,60169
506 STONE CANYON CIR INVERNESS IL 60010,60010
504 STONE CANYON CIR INVERNESS IL 60010,60010
502 STONE CANYON CIR BARRINGTON IL 60010,60010
500 STONE CANYON CIR INVERNESS IL 60010,60010
516 STONE CANYON CIR INVERNESS IL 60010,60010
514 STONE CANYON CIR INVERNESS IL 60010,60010
510 STONE CANYON CIRCL INVERNESS IL 60010,60010
813 STONE CANYON CIR INVERNESS IL 60010,60010
815 STONE CANYON CR INVERNESS IL 60010,60010
382 CARLTON PL NAPLES FL 34108,34108
525 BRIDGESTONE CT INVERNESS IL 60010,60010
527 BRIDGESTONE CRT INVERNESS IL 60010,60010
529 BRIDGESTONE CT INVERNESS IL 60010,60010
531 BRIDGESTONE CT INVERNESS IL 60010,60010
533 BRIDGESTONE CT INVERNESS IL 60010,60010
530 BRIDGESTONE CT INVERNESS IL 60010,60010
528 BRIDGESTONE CT INVERNESS IL 60010,60010
526 BRIDGESTONE CT INVERNESS IL 60010,60010
112 MANCHESTER DR BARRINGTON IL 60010,60010
522 BRIDGESTONE CT INVERNESS IL 60010,60010
520 BRIDGESTONE CT INVERNESS IL 60010,60010
817 STONE CANYON CIR INVERNESS IL 60010,60010
819 STONE CANYON CIRCL INVERNESS IL 60010,60010
825 STONE CANYON CIRCL INVERNESS IL 60010,60010
827 STONE CANYON CIRCL INVERNESS IL 60010,60010
727 STONE CANYON CR INVERNESS IL 60010,60010
725 STONE CANYON CIR INVERNESS IL 60010,60010
723 STONE CANYON CIRCL INVERNESS IL 60010,60010
721 STONE CANYON CIRCL INVERNESS IL 60010,60010
701 STONE CANYON CIR INVERNESS IL 60010,60010
703 STONE CANYON CIR INVERNESS IL 60010,60010
705 STONE CANYON CIR INVERNESS IL 60010,60010
707 STONE CANYON CIR INVERNESS IL 60010,60010
801 STONE CANYON CIR INVERNESS IL 60010,60010
803 STONE CANYON CIR INVERNESS IL 60010,60010
624 STONE CANYON CIR INVERNESS IL 60010,60010
626 STONE CANYON CIR INVERNESS IL 60010,60010
608 STONE CANYON CIR INVERNESS IL 60010,60010
610 STONE CANYON CIRCL INVERNESS IL 60010,60010
3N445 Laura Ingalls Wi ST CHARLES IL 60175,60175
614 STONE CANYON CIR INVERNESS IL 60010,60010
719 STONE CANYON CIR INVERNESS IL 60010,60010
717 STONE CANYON CIR INVERNESS IL 60010,60010
620 STONE CANYON CR INVERNESS IL 60010,60010
622 STONE CANYON CIRCL INVERNESS IL 60010,60010
616 STONE CANYON CIR INVERNESS IL 60010,60010
618 STONE CANYON CR INVERNESS IL 60010,60010
4031 ESTATE LAGRANDE P CHRISTIANED 00820,00820
602 STONE CANYON CIR INVERNESS IL 60010,60010
345 GOWDY ROAD SARASOTA FL 34237,34237
805 STONE CANYON CIR INVERNESS IL 60010,60010
823 STONE CANYON CIR INVERNESS IL 60010,60010
821 STONE CANYON CIR INVERNESS IL 60010,60010
728 STONE CANYON CIR INVERNESS IL 60010,60010
722 STONE CANYON CIR INVERNESS IL 60010,60010
606 STONE CANYON CIR INVERNESS IL 60010,60010
604 STONE CANYON CIR INVERNESS IL 60010,60010
809 STONE CANYON CIR INVERNESS IL 60010,60010
811 STONE CANYON CIR INVERNESS IL 60010,60010
810 STONE CANYON CIR INVERNESS IL 60010,60010
808 Stone Canyon Circl INVERNESS IL 60010,60010
535 BRIDGESTONE CT INVERNESS IL 60010,60010
537 BRIDGESTONE CT INVERNESS IL 60010,60010
539 BRIDGESTONE CT INVERNESS IL 60010,60010
541 BRIDESTONE CT INVERNESS IL 60010,60010
826 STONE CANYON CIR INVERNESS IL 60010,60010
824 STONE CANYON CIR INVERNESS IL 60010,60010
822 STONE CANYON CIR INVERNESS IL 60010,60010
820 Stone Canyon Circl Inverness IL 60010,60010
707 FIELDSTONE CT INVERNESS IL 60010,60010
705 FIELDSTONE CT INVERNESS IL 60010,60010
703 FIELDSTONE CT INVERNESS IL 60010,60010
701 FIELD STONE CT INVERNESS IL 60010,60010
709 STONE CANYON CIR INVERNESS IL 60010,60010
711 STONE CANYON CIR INVERNESS IL 60010,60010
713 STONE CANYON CIR INVERNESS IL 60010,60010
715 STONE CANYON CIRCL INVERNESS IL 60010,60010
50 SURF SONG LN 305B MIRAMAR BCH FL 32550,32550
828 S INSIGNIA CT PALATINE IL 60067,60067
814 STONE CANYON CIR INVERNESS IL 60010,60010
812 STONE CANYON CIR INVERNESS IL 60010,60010
806 STONE CANYON CIR INVERNESS IL 60010,60010
804 STONE CANYON CIR INVERNESS IL 60010,60010
33650 N 79TH ST SCOTTSDALE AZ 85266,85266
800 STONE CANYON CIR INVERNESS IL 60010,60010
702 FIELDSTONE COURT BARRINGTON IL 60010,60010
704 FIELDSTONE CT INVERNESS IL 60010,60010
706 FIELDSTONE CT INVERNESS IL 60010,60010
708 FIELDSTONE CT INVERNESS IL 60010,60010
4517 SEAGROVE LANDING ESTERO FL 34134,34134
712 FIELDSTONE CT INVERNESS IL 60010,60010
714 FIELDSTONE CT INVERNESS IL 60010,60010
716 FIELDSTONE CT INVERNESS IL 60010,60010
713 FIELDSTONE CT INVERNESS IL 60010,60010
711 FIELDSTONE CT INVERNESS IL 60010,60010
709 FIELDSTONE CT INVERNESS IL 60010,60010
702 STONE CANYON CIR INVERNESS IL 60010,60010
700 STONE CANYON CIR INVERNESS IL 60010,60010
706 STONE CANYON CIR INVERNESS IL 60010,60010
704 STONE CANYON CIR INVERNESS IL 60010,60010
731 STONE CANYON CIR INVERNESS IL 60010,60010
729 STONE CANYON CIR INVERNESS IL 60010,60010
99 HILLSHIRE DR INVERNESS IL 60010,60010
101 HILLSHIRE DR BARRINGTON IL 60010,60010
103 HILLSHIRE DR INVERNESS IL 60010,60010
105 HILLSHIRE DR BARRINGTON IL 60010,60010
107 HILLSHIRE DR INVERNESS IL 60010,60010
109 HILLSHIRE DR INVERNESS IL 60010,60010
111 HILLSHIRE DR BARRINGTON IL 60010,60010
113 HILLSHIRE DR INVERNESS IL 60010,60010
108 HILLSHIRE DR INVERNESS IL 60010,60010
106 HILLSHIRE DR INVERNESS IL 60010,60010
621 OWL WAY SARASOTA FL 34236,34236
1475 COLUMBIA LN BARRINGTON IL 60010,60010
1473 COLUMBIA LN BARRINGTON IL 60010,60010
1471 COLUMBIA BARRINGTON IL 60010,60010
1469 COLUMBIA LN BARRINGTON IL 60010,60010
1467 COLUMBIA LN BARRINGTON IL 60010,60010
1465 COLUMBIA LN BARRINGTON IL 60010,60010
1463 COLUMBIA LANE BARRINGTON IL 60010,60010
1456 S CASCADE CT BARRINGTON IL 60010,60010
1458 CASCADE CT BARRINGTON IL 60010,60010
1460 S CASCADE CT BARRINGTON IL 60010,60010
1461 CASCADE CT BARRINGTON IL 60010,60010
1459 S CASCADE CT BARRINGTON IL 60010,60010
1457 CASCADE CT BARRINGTON IL 60010,60010
1455 S CASCADE CT BARRINGTON IL 60010,60010
1453 S CASCADE CT BARRINGTON IL 60010,60010
1451 CASCADE LN BARRINGTON IL 60010,60010
1449 CASCADE LN BARRINGTON IL 60010,60010
1447 CASCADE LN BARRINGTON IL 60010,60010
1445 CASCADE LN BARRINGTON IL 60010,60010
1443 CASCADE LN BARRINGTON IL 60010,60010
PO BOX 3601 BARRINGTON IL 60011,60011
7 ELLE CT S BARRINGTON IL 60010,60010
112 MANCHESTER DR BARRINGTON IL 60010,60010
114 MANCHESTER DR BARRINGTON IL 60010,60010
1441 CASCADE LN BARRINGTON IL 60010,60010
1439 CASCADE LN BARRINGTON IL 60010,60010
1437 CASCADE LN BARRINGTON IL 60010,60010
1435 CASCADE LN BARRINGTON IL 60010,60010
1433 CASCADE LN BARRINGTON IL 60010,60010
1431 CASCADE LN BARRINGTON IL 60010,60010
1432 CASCADE LN BARRINGTON IL 60010,60010
1434 CASCADE LN BARRINGTON IL 60010,60010
1436 CASCADE LN BARRINGTON IL 60010,60010
1438 CASCADE LN BARRINGTON IL 60010,60010
1440 CASCADE LN BARRINGTON IL 60010,60010
1442 CASCADE LN BARRINGTON IL 60010,60010
1444 CASCADE LN BARRINGTON IL 60010,60010
1446 CASCADE LN BARRINGTON IL 60010,60010
1448 CASCADE LANE BARRINGTON IL 60010,60010
200 ASTORIA CT BARRINGTON IL 60010,60010
202 ASTORIA CT BARRINGTON IL 60010,60010
204 ASTORIA CT BARRINGTON IL 60010,60010
206 Astoria Ct BARRINGTON IL 60010,60010
208 ASTORIA CT BARRINGTON IL 60010,60010
210 ASTORIA CT BARRINGTON IL 60010,60010
212 ASTORIA CT BARRINGTON IL 60010,60010
209 ASTORIA CT BARRINGTON IL 60010,60010
207 ASTORIA CT BARRINGTON IL 60010,60010
205 ASTORIA CT BARRINGTON IL 60010,60010
203 ASTORIA CT BARRINGTON IL 60010,60010
201 ASTORIA CT BARRINGTON IL 60010,60010
1468 COLUMBIA LN BARRINGTON IL 60010,60010
1470 COLUMBIA LN BARRINGTON IL 60010,60010
1472 COLUMBIA LN BARRINGTON IL 60010,60010
1474 COLUMBIA LN BARRINGTON IL 60010,60010
1476 COLUMBIA LN BARRINGTON IL 60010,60010
PO BOX 3601 BARRINGTON IL 60011,60011
PO BOX 3601 BARRINGTON IL 60011,60011
1475 S BARRINGTON RD BARRINGTON IL 60010,60010
1475 S BARRINGTON RD BARRINGTON IL 60010,60010
1531 S GROVE AVE BARRINGTON IL 60010,60010
1531 S GROVE AVE BARRINGTON IL 60010,60010
1531 S GROVE AVE 103 BARRINGTON IL 60010,60010
1531 S GROVE AV STE104 BARRINGTON IL 60010,60010
6 FERNWOOD DR BARRINGTON IL 60010,60010
1531 S GROVE AV S106 BARRINGTON IL 60010,60010
1531 S GROVE AV 201 BARRINGTON IL 60010,60010
1531 S GROVE STE 202 BARRINGTON IL 60010,60010
1531 S GROVE AVE#203 BARRINGTON IL 60010,60010
1531 S GROVE AVE 204 BARRINGTON IL 60010,60010
905 SAFFORD AVE LAKE BLUFF IL 60044,60044
13605 LE CHRISTINE DR PLM BCH GDNS FL 33412,33412
780 TEK DRIVE CRYSTAL LAKE IL 60014,60014
780 TEK DRIVE CRYSTAL LAKE IL 60014,60014
1525 GROVE AV #101 BARRINGTON IL 60010,60010
1525 S GROVE AV #102 BARRINGTON IL 60010,60010
406 WENTWORTH CIRCLE CARY IL 60013,60013
1565 WOOD CREEK TRAIL BARTLETT IL 60103,60103
406 WENTWORTH CIRCLE CARY IL 60013,60013
406 WENTWORTH CIRCLE CARY IL 60013,60013
780 TEK DRIVE CRYSTAL LAKE IL 60014,60014
116 W NORTHWEST HWY PALATINE IL 60067,60067
116 W NORTHWEST PALATINE IL 60067,60067
1495 NEW CASTLE CT INVERNESS IL 60010,60010
1485 NEWCASTLE CT BARRINGTON IL 60010,60010
1475 W NEWCASTLE COURT INVERNESS IL 60010,60010
1465 W NEWCASTLE COURT INVERNESS IL 60010,60010
116 W NORTHWEST HWY PALATINE IL 60067,60067
1445 W NEWCASTLE CT INVERNESS IL 60010,60010
116 W NORTHWEST HWY PALATINE IL 60067,60067
1425 NEWCASTLE CT INVERNESS IL 60010,60010
1415 W NEWCASTLE CT INVERNESS IL 60010,60010
1405 NEWCASTLE CRT INVERNESS IL 60010,60010
1520 NEWPORT LN INVERNESS IL 60010,60010
1530 NEWPORT LN INVERNESS IL 60010,60010
1540 NEWPORT LN INVERNESS IL 60010,60010
1550 NEWPORT LANE INVERNESS IL 60010,60010
1560 NEWPORT LANE INVERNESS IL 60010,60010
1555 NEWPORT LN INVERNESS IL 60010,60010
1535 NEWPORT LN INVERNESS IL 60010,60010
1525 NEWPORT LN INVERNESS IL 60010,60010
1515 NEWPORT LN INVERNESS IL 60010,60010
1090 GLENCREST DRIVE INVERNESS IL 60010,60010
1100 GLENCREST BARRINGTON IL 60010,60010
1110 GLENCREST DR BARRINGTON IL 60010,60010
1120 GLENCREST DR INVERNESS IL 60010,60010
623 WILLOW LN ELK GRV VLG IL 60007,60007
1125 GLENCREST DR INVERNESS IL 60010,60010
1115 GLENCREST DR INVERNESS IL 60010,60010
1105 GLENCREST DR BARRINGTON IL 60010,60010
1099 GLENCREST DRIVE INVERNESS IL 60010,60010
1410 Newcastle ct INVERNESS IL 60010,60010
1420 W NEWCASTLE CT INVERNESS IL 60010,60010
1430 W NEWCASTLE CT INVERNESS IL 60010,60010
1440 NEWCASTLE COURT BARRINGTON IL 60010,60010
1537 BURBERRY LN SCHAUMBURG IL 60173,60173
1480 W NEWCASTLE CT INVERNESS IL 60010,60010
1490 NEWCASTLE COURT INVERNESS IL 60010,60010
116 W NORTHWEST HWY PALATINE IL 60067,60067
116 W NORTHWEST HW PALATINE IL 60067,60067
116 W NORTHWEST HWY PALATINE IL 60067,60067
1145 GLENCREST DR INVERNESS IL 60010,60010
115 HILLSHIRE DR INVERNESS IL 60010,60010
117 HILLSHIRE DR INVERNESS IL 60010,60010
119 HILLSHIRE DR INVERNESS IL 60010,60010
121 HILLSHIRE DR INVERNESS IL 60010,60010
112 HILLSHIRE CT BARRINGTON IL 60010,60010
110 HILLSHIRE DR INVERNESS IL 60010,60010
130 HILLSHIRE CT BARRINGTON IL 60010,60010
132 HILLSHIRE CT INVERNESS IL 60010,60010
134 HILLSHIRE CT INVERNESS IL 60010,60010
136 HILLSHIRE CT BARRINGTON IL 60010,60010
139 HILLSHIRE CT INVERNESS IL 60010,60010
137 HILLSHIRE CT BARRINGTON IL 60010,60010
4940 EMERSON AVE ROLLING MDWS IL 60067,60067
133 HILLSHIRE CT INVERNESS IL 60010,60010
131 HILLSHIRE CT INVERNESS IL 60010,60010
129 HILLSHIRE CT INVERNESS IL 60010,60010
127 HILLSHIRE CT INVERNESS IL 60010,60010
PO BOX 3351 BARRINGTON IL 60011,60011
400 E DIEHL RD 230 NAPERVILLE IL 60563,60563
400 E DIEHL RD 230 NAPERVILLE IL 60563,60563
400 E DIEHL RD 230 NAPERVILLE IL 60563,60563
400 E DIEHL RD 230 NAPERVILLE IL 60563,60563
400 E DIEHL RD 230 NAPERVILLE IL 60563,60563
400 E DIEHL RD 230 NAPERVILLE IL 60563,60563
500 PETERSON COURT BARRINGTON IL 60010,60010
502 PETERSON CT INVERNESS IL 60010,60010
504 PETERSON CT BARRINGTON IL 60010,60010
508 PETERSON COURT BARRINGTON IL 60010,60010
510 PETERSON CT BARRINGTON IL 60010,60010
512 PETERSON COURT BARRINGTON IL 60010,60010
3104 Mistflower Ln NAPERVILLE IL 60564,60564
518 Peterson CT BARRINGTON IL 60010,60010
520 PETERSON COURT BARRINGTON IL 60010,60010
522 PETERSON CT BARRINGTON IL 60010,60010
526 PETERSON COURT BARRINGTON IL 60010,60010
528 PETERSON CT BARRINGTON IL 60010,60010
530 PETERSON CT BARRINGTON IL 60010,60010
534 PETERSON CT INVERNESS IL 60010,60010
536 PETERSON CT BARRINGTON IL 60010,60010
538 PETERSON CT INVERNESS IL 60010,60010
540 PETERSON CT BARRINGTON IL 60010,60010
400 E. DIEHL RD. #230 NAPERVILLE IL 60563,60563
5631 INSPIRATION TER BRADENTON FL 34210,34210
548 PETERSON CT BARRINGTON IL 60010,60010
550 PETERSON COURT BARRINGTON IL 60010,60010
535 PETERSON COURT BARRINGTON IL 60010,60010
533 PETERSON CT BARRINGTON IL 60010,60010
531 PETERSON CT BARRINGTON IL 60010,60010
529 PETERSON COURT BARRINGTON IL 60010,60010
525 PETERSON CT BARRINGTON IL 60010,60010
523 PETERSON CT BARRINGTON IL 60010,60010
521 PETERSON CT BARRINGTON IL 60010,60010
519 PETERSON CT BARRINGTON IL 60010,60010
515 PETERSON CT. BARRINGTON IL 60010,60010
513 PETERSON CT INVERNESS IL 60010,60010
511 PETERSON COURT BARRINGTON IL 60010,60010
509 PETERSON CT. BARRINGTON IL 60010,60010
510 PERSHING CT BARRINGTON IL 60010,60010
512 PERSHING CT BARRINGTON IL 60010,60010
514 PERSHING CT BARRINGTON IL 60010,60010
516 PERSHING CT INVERNESS IL 60010,60010
520 PERSHING CT INVERNESS IL 60010,60010
522 PERSHING CT. BARRINGTON IL 60010,60010
524 PERSHING CT BARRINGTON IL 60010,60010
528 PERSHING CT. BARRINGTON IL 60010,60010
530 PERSHING CT INVERNESS IL 60010,60010
532 PERSHING CT. BARRINGTON IL 60010,60010
529 PERSHING CT INVERNESS IL 60010,60010
527 PERSHING CT INVERNESS IL 60010,60010
525 PERSHING CT. BARRINGTON IL 60010,60010
521 PERSHING CT BARRINGTON IL 60010,60010
519 PERSHING COURT BARRINGTON IL 60010,60010
517 PERSHING CT BARRINGTON IL 60010,60010
513 PERSHING CT BARRINGTON IL 60010,60010
511 PERSHING COURT BARRINGTON IL 60010,60010
509 PERSHING CT BARRINGTON IL 60010,60010
505 PERSHING CT BARRINGTON IL 60010,60010
PO BOX 439 MOOSE WY 83012,83012
501 PERSHING CT BARRINGTON IL 60010,60010
1462 PALMER STREET BARRINGTON IL 60010,60010
1460 PALMER STREET BARRINGTON IL 60010,60010
1458 PALMER ST BARRINGTON IL 60010,60010
1454 PALMER ST INVERNESS IL 60010,60010
1452 PALMER ST BARRINGTON IL 60010,60010
1450 PALMER ST. BARRINGTON IL 60010,60010
11125 GULF SHORE DR NAPLES FL 34108,34108
11125 GULF SHORE DR NAPLES FL 34108,34108
11125 GULF SHORE DR NAPLES FL 34108,34108
665 DUNBARTON DRIVE INVERNESS IL 60010,60010
665 DUNBARTON DRIVE INVERNESS IL 60010,60010
1111 S WILLIS AVE WHEELING IL 60090,60090
1850 HAMILTON CT INVERNESS IL 60010,60010
1840 N BRAYMORE DR INVERNESS IL 60010,60010
1866 N BRAYMORE DR INVERNESS IL 60010,60010
1864 N BRAYMORE DRIVE INVERNESS IL 60010,60010
1860 N BRAYMORE DR BARRINGTON IL 60010,60010
1805 Hamilton Court INVERNESS IL 60010,60010
1868 N BRAYMORE DR BARRINGTON IL 60010,60010
665 DUNBARTON DRIVE INVERNESS IL 60010,60010
665 DUNBARTON DRIVE INVERNESS IL 60010,60010
2005 BRAYMORE DR INVERNESS IL 60010,60010
1955 BRAYMORE DR INVERNESS IL 60010,60010
1945 BRAYMORE DR INVERNESS IL 60010,60010
1935 S BRAYMORE DR BARRINGTON IL 60010,60010
1925 BRAYMORE DR INVERNESS IL 60010,60010
110 BRAYMORE CT INVERNESS IL 60010,60010
120 BRAYMORE CT BARRINGTON IL 60010,60010
130 BRAYMORE COURT INVERNESS IL 60010,60010
140 BRAYMORE CT INVERNESS IL 60010,60010
150 BRAYMORE CT INVERNESS IL 60010,60010
160 BRAYMORE CT INVERNESS IL 60010,60010
155 BRAYMORE CT INVERNESS IL 60010,60010
145 BRAYMORE CT INVERNESS IL 60010,60010
95 GAELIC CT INVERNESS IL 60010,60010
90 GAELIC CT INVERNESS IL 60010,60010
3400 W LAWRENCE AVE CHICAGO IL 60625,60625
135 S BRAYMORE CT INVERNESS IL 60010,60010
125 BRAYMORE CT INVERNESS IL 60010,60010
1785 BRAYMORE DR BARRINGTON IL 60010,60010
1775 S BRAYMORE DR BARRINGTON IL 60010,60010
11125 GULF SHORE DR NAPLES FL 34108,34108
200 KNOX CT BARRINGTON IL 60010,60010
5133 W IRVING PARK RD CHICAGO IL 60641,60641
220 KNOX CT INVERNESS IL 60010,60010
1111 S WILLIS AV WHEELING IL 60090,60090
35 W WACKER DR 11TH FL CHICAGO IL 60601,60601
245 KNOX CT BARRINGTON IL 60010,60010
235 KNOX CT INVERNESS IL 60010,60010
225 KNOX CT INVERNESS IL 60010,60010
1695 S BRAYMORE DR INVERNESS IL 60010,60010
665 DUNBARTON DRIVE INVERNESS IL 60010,60010
35 W WACKER DR 11TH FL CHICAGO IL 60601,60601
1230 MACALPIN DR INVERNESS IL 60010,60010
1220 MACALPIN DR INVERNESS IL 60010,60010
1210 MACALPIN DR INVERNESS IL 60010,60010
1200 MACALPIN DR INVERNESS IL 60010,60010
1110 MACALPIN DR INVERNESS IL 60010,60010
1100 MACALPIN DR INVERNESS IL 60010,60010
1922 S BRAYMORE BARRINGTON IL 60010,60010
1930 BRAYMORE DR INVERNESS IL 60010,60010
1760 BRAYMORE DR INVERNESS IL 60010,60010
1770 S BRAYMORE DR INVERNESS IL 60010,60010
1700 BRAYMORE DR INVERNESS IL 60010,60010
1740 BRAYMORE DRIVE INVERNESS IL 60010,60010
1750 S BRAYMORE DR BARRINGTON IL 60010,60010
665 DUNBARTON DR INVERNESS IL 60010,60010
675 DUNBARTON DR INVERNESS IL 60010,60010
685 DUNBARTON DRIVE INVERNESS IL 60010,60010
695 DUNBARTON DR INVERNESS IL 60010,60010
1845 N BRAYMORE DR BARRINGTON IL 60010,60010
1849 N BRAYMORE DR INVERNESS IL 60010,60010
510 ALEXANDER CRT INVERNESS IL 60010,60010
1851 N BRAYMORE DR BARRINGTON IL 60010,60010
1853 N BRAYMORE DR INVERNESS IL 60010,60010
1855 N BRAYMORE DR INVERNESS IL 60010,60010
1865 N BRAYMORE DR INVERNESS IL 60010,60010
665 DUNBARTON DRIVE INVERNESS IL 60010,60010
2000 S BRAYMORE DR INVERNESS IL 60010,60010
525 ALEXANDER CT INVERNESS IL 60010,60010
665 DUNBARTON DRIVE INVERNESS IL 60010,60010
1330 MACALPIN DRIVE INVERNESS IL 60010,60010
1320 MACALPIN DR INVERNESS IL 60010,60010
1310 MACALPIN DR INVERNESS IL 60010,60010
1300 MACALPIN DR INVERNESS IL 60010,60010
150 N WACKER STE 1500 CHICAGO IL 60606,60606
PO BOX 3727 BARRINGTON IL 60011,60011
700 DUNBARTON DR INVERNESS IL 60010,60010
690 DUNBARTON DR INVERNESS IL 60010,60010
680 DUNBARTON INVERNESS IL 60010,60010
665 DUNBARTON DRIVE INVERNESS IL 60010,60010
285 W DUNDEE RD PALATINE IL 60074,60074
1111 S WILLIS AV WHEELING IL 60090,60090
525 ALEXANDER CT INVERNESS IL 60010,60010
520 ALEXANDER COURT INVERNESS IL 60010,60010
135 COLONY DR INVERNESS IL 60010,60010
133 COLONY DR INVERNESS IL 60010,60010
131 COLONY DRIVE INVERNESS IL 60010,60010
129 COLONY DR INVERNESS IL 60010,60010
127 COLONY DR INVERNESS IL 60010,60010
125 COLONY DR INVERNESS IL 60010,60010
PO BOX 42 CRYSTAL LAKE IL 60039,60039
122 COLONY DR INVERNESS IL 60010,60010
124 COLONY DR BARRINGTON IL 60010,60010
126 COLONY BARRINGTON IL 60010,60010
128 COLONY DR INVERNESS IL 60010,60010
130 COLONY DR BARRINGTON IL 60010,60010
132 COLONY DR BARRINGTON IL 60010,60010
134 COLONY DR INVERNESS IL 60010,60010
31 LAKEVIEW LN BARRINGTON IL 60010,60010
136 BRADWELL RD BARRINGTON IL 60010,60010
665 DUNBARTON DRIVE INVERNESS IL 60010,60010
665 DUNBARTON DRIVE INVERNESS IL 60010,60010
665 DUNBARTON DRIVE INVERNESS IL 60010,60010
664 E BRADWELL RD BARRINGTON IL 60010,60010
668 BRADWELL RD INVERNESS IL 60010,60010
672 BRADWELL RD INVERNESS IL 60010,60010
676 BRADWELL RD BARRINGTON IL 60010,60010
2022 ABBOTSFORD INVERNESS IL 60010,60010
2020 ABBOTSFORD DR INVERNESS IL 60010,60010
2018 ABBOTSFORD DR INVERNESS IL 60010,60010
2016 ABBOTSFORD DR INVERNESS IL 60010,60010
PO BOX 2980 MILWAUKEE WI 53201,53201
2012 ABBOTSFORD DR INVERNESS IL 60010,60010
2008 ABBOTSFORD DR BARRINGTON IL 60010,60010
1996 ABBOTSFORD DR INVERNESS IL 60010,60010
1992 ABBOTSFORD DR INVERNESS IL 60010,60010
1988 ABBOTSFORD DR INVERNESS IL 60010,60010
622 ALNWICK CT INVERNESS IL 60010,60010
658 ALNWICK CT INVERNESS IL 60010,60010
659 ALNWICK CT INVERNESS IL 60010,60010
663 ALNWICK COURT BARRINGTON IL 60010,60010
674 TYNE CT BARRINGTON IL 60010,60010
678 TYNE CT BARRINGTON IL 60010,60010
1987 SELKIRK COURT INVERNESS IL 60010,60010
1990 SELKIRK CT INVERNESS IL 60010,60010
678 SKYE LANE INVERNESS IL 60010,60010
676 SKYE LN INVERNESS BARRINGTON IL 60010,60010
2011 ABBOTSFORD DR INVERNESS IL 60010,60010
1993 ABBOTSFORD DR INVERNESS IL 60010,60010
1989 ABBOTSFORD DR INVERNESS IL 60010,60010
1981 ABBOTSFORD DRIVE INVERNESS IL 60010,60010
1979 ABBOTSFORD DR INVERNESS IL 60010,60010
674 SKYE LN INVERNESS IL 60010,60010
2015 ABBOTSFORD DR BARRINGTON IL 60010,60010
110 S BRAYMORE CT INVERNESS IL 60010,60010
1885 N BRAYMORE DRIVE INVERNESS IL 60010,60010
1111 S WILLIS AV WHEELING IL 60090,60090
1111 S WILLIS AV WHEELING IL 60090,60090
1330 MACALPIN DR INVERNESS IL 60010,60010
1320 MACALPIN DR INVERNESS IL 60010,60010
665 DUNBARTON DRIVE INVERNESS IL 60010,60010
12550 VITTORIA WAY FT MYERS FL 33912,33912
167 W BOUGHTON RD BOLINGBROOK IL 60440,60440
1345 MACALPIN DR BARRINGTON IL 60010,60010
1355 MACALPIN DR INVERNESS IL 60010,60010
1580 MACALPIN CIR INVERNESS IL 60010,60010
1570 MACALPIN CIRCLE INVERNESS IL 60010,60010
664 E ALGONQUIN RD SCHAUMBURG IL 60173,60173
1550 MACALPIN CIR INVERNESS IL 60010,60010
1540 MACALPIN CIRCLE INVERNESS IL 60010,60010
950 LIVINGSTON LN INVERNESS IL 60010,60010
920 LIVINGSTON LN INVERNESS IL 60010,60010
910 LIVINGSTON LN INVERNESS IL 60010,60010
3701 ALGONQUIN STE500 ROLLING MDWS IL 60008,60008
435 WINFIELD LN INVERNESS IL 60010,60010
425 WINFIELD LANE INVERNESS IL 60010,60010
415 WINFIELD LN INVERNESS IL 60010,60010
411 WINFIELD LN INVERNESS IL 60010,60010
407 WINFIELD LN INVERNESS IL 60010,60010
1225 MACALPIN DR INVERNESS IL 60010,60010
1111 S WILLIS AVE WHEELING IL 60090,60090
1305 MACALPIN DR INVERNESS IL 60010,60010
1315 MACALPIN DR INVERNESS IL 60010,60010
21805 W FIELD PARKWAY DEER PARK IL 60010,60010
1545 MACALPIN CIR INVERNESS IL 60010,60010
1555 MACALPIN CIRCLE INVERNESS IL 60010,60010
1565 MACALPIN CIR INVERNESS IL 60010,60010
1435 MACALPIN CIRCLE INVERNESS IL 60010,60010
1445 MACALPIN CIR INVERNESS IL 60010,60010
1455 MACALPIN INVERNESS IL 60010,60010
1465 MCALPIN CR BARRINGTON IL 60010,60010
1530 MACALPIN CIR INVERNESS IL 60010,60010
1520 MACALPIN CIR INVERNESS IL 60010,60010
1510 MACALPIN CIR INVERNESS IL 60010,60010
1500 MACALPIN CIR INVERNESS IL 60010,60010
305 BISHOP CT BARRINGTON IL 60010,60010
315 BISHOP COURT INVERNESS IL 60010,60010
310 BISHOP CT INVERNESS IL 60010,60010
300 BISHOP CT INVERNESS IL 60010,60010
1440 MACALPIN INVERNESS IL 60010,60010
1430 MACALPIN DR BARRINGTON IL 60010,60010
1420 MAGALPIN DR BARRINGTON IL 60010,60010
1410 MACALPIN CIR INVERNESS IL 60010,60010
1890 N BRAYMORE DR BARRINGTON IL 60010,60010
1880 N BRAYMORE DR INVERNESS IL 60010,60010
1870 N BRAYMORE DR INVERNESS IL 60010,60010
820 LIVINGSTON INVERNESS IL 60010,60010
810 LIVINGSTON LN INVERNESS IL 60010,60010
800 LIVINGSTON LN INVERNESS IL 60010,60010
850 LIVINGSTON LN INVERNESS IL 60010,60010
400 WINFIELD LN INVERNESS IL 60010,60010
410 WINFIELD LN INVERNESS IL 60010,60010
420 WINFIELD BARRINGTON IL 60010,60010
430 WINFIELD LN INVERNESS IL 60010,60010
1111 S WILLIS AVE WHEELING IL 60090,60090
805 LIVINGSTON LN INVERNESS IL 60010,60010
815 LIVINGSTON LN INVERNESS IL 60010,60010
825 LIVINGSTON LN BARRINGTON IL 60010,60010
835 LIVINGSTON LN BARRINGTON IL 60010,60010
915 LIVINGSTON CT INVERNESS IL 60010,60010
925 LIVINGSTON CT BARRINGTON IL 60010,60010
920 LIVINGSTON CT INVERNESS IL 60010,60010
900 LIVINGSION CT INVERNESS IL 60010,60010
945 LIVINGSTON LN INVERNESS IL 60010,60010
955 LIVINGSTON LN INVERNESS IL 60010,60010
965 LIVINGSTON LN INVERNESS IL 60010,60010
975 LIVINGSTON LN INVERNESS IL 60010,60010
2621 BEAU BIEN CT LISLE IL 60532,60532
17 ABBEYWOODS DR BARRINGTON IL 60010,60010
698 W MERYLS CT PALATINE IL 60074,60074
20 ABBEY WOODS DRIVE BARRINGTON IL 60010,60010
30 ABBEYWOODS DR BARRINGTON IL 60010,60010
34 ABBEY WOODS DRIVE BARRINGTON IL 60010,60010
36 ABBEYWOODS DR BARRINGTON IL 60010,60010
998 MARLBOROUGH ROAD BARRINGTON IL 60010,60010
33 ABBEY WOODS DR BARRNGTN HLS IL 60010,60010
16W604 CREST AVE BENSENVILLE IL 60106,60106
29 ABBEY WOODS DR BARRINGTON IL 60010,60010
27 ABBEY WOODS DR BARRINGTON IL 60010,60010
698 W MERYLS CT PALATINE IL 60074,60074
1230 QUADRANT LN SCHAUMBURG IL 60173,60173
741 LINDSEY LN BOLINGBROOK IL 60440,60440
330 S BARRINGTON RD INVERNESS IL 60010,60010
330 S BARRINGTON RD INVERNESS IL 60010,60010
107 BRADWELL RD BARRINGTON IL 60010,60010
2000 BRADWELL CIRCLE BARRINGTON IL 60010,60010
2020 BRADWELL CIR INVERNESS IL 60010,60010
2135 BRADWELL CIR INVERNESS IL 60010,60010
2115 BRADWELL CIRCLE BARRINGTON IL 60010,60010
367 GLEN LEVEN CT SCHAUMBURG IL 60194,60194
711 BARTLETT IL 60103,60103
80 GENEVA COURT INVERNESS IL 60010,60010
80 GENEVA COURT INVERNESS IL 60010,60010
127 BRADWELL RD INVERNESS IL 60010,60010
2115 COMMON RIDINGS WY INVERNESS IL 60010,60010
2125 COMMON RIDING WAY BARRINGTON IL 60010,60010
2135 COMMONS RIDING WY INVERNESS IL 60010,60010
2145 COMMON RIDING WAY BARRINGTON IL 60010,60010
2155 COMMON RIDINGS WY INVERNESS IL 60010,60010
2150 COMMON RIDINGS WY INVERNESS IL 60010,60010
2140 COMMON RIDING WAY INVERNESS IL 60010,60010
2130 COMMON RIDING WAY BARRINGTON IL 60010,60010
395 WHISPERING PINES BARRINGTON IL 60010,60010
381 WHISPERING PINES C INVERNESS IL 60010,60010
394 WHISPERING PINES C INVERNESS IL 60010,60010
398 WHISPERING PINES C INVERNESS IL 60010,60010
2110 COMMON RIDINGS WY INVERNESS IL 60010,60010
393 BRADWELL RD INVERNESS IL 60010,60010
15 NEW ABBEY DR INVERNESS IL 60010,60010
25 NEW ABBEY DR INVERNESS IL 60010,60010
25 NEW ABBEY DR INVERNESS IL 60010,60010
35 NEW ABBEY DR INVERNESS IL 60010,60010
35 NEW ABBEY DR INVERNESS IL 60010,60010
45 NEW ABBEY DR INVERNESS IL 60010,60010
65 NEW ABBY DR INVERNESS IL 60010,60010
95 NEW ABBEY DR INVERNESS IL 60010,60010
115 NEW ABBEY DR INVERNESS IL 60010,60010
125 NEW ABBEY DR INVERNESS IL 60010,60010
120 NEW ABBEY DR INVERNESS IL 60010,60010
110 ASHKIRK CT INVERNESS IL 60010,60010
PO BOX 3811 BARRINGTON IL 60011,60011
90 ASHKIRK CT INVERNESS IL 60010,60010
80 ASHKIRK CT BARRINGTON IL 60010,60010
70 NEW ABBEY DR INVERNESS IL 60010,60010
860 REMINGTON RD SCHAUMBURG IL 60173,60173
30 NEW ABBEY DR BARRINGTON IL 60010,60010
20 NEW ABBY DR BARRINGTON IL 60010,60010
95 NEW ABBEY DR INVERNESS IL 60010,60010
95 NEW ABBEY DR INVERNESS IL 60010,60010
95 NEW ABBEY DR INVERNESS IL 60010,60010
95 NEW ABBEY DR INVERNESS IL 60010,60010
95 NEW ABBEY DR INVERNESS IL 60010,60010
95 NEW ABBEY DR INVERNESS IL 60010,60010
1269 BISON TRL CAROL STREAM IL 60188,60188
1269 BISON TRL CAROL STREAM IL 60188,60188
18 LOCHBROOK LN INVERNESS IL 60010,60010
21 LOCHBROOK LN INVERNESS IL 60010,60010
17 Lochbrook Ln INVERNESS IL 60010,60010
26 KINGSBOROUGH INVERNESS IL 60010,60010
27 KINGSBOROUGH CV INVERNESS IL 60010,60010
20 LOCHBROOK LN INVERNESS IL 60010,60010
25 KINGSBOROUGH CV INVERNESS IL 60010,60010
16 LOCHBROOK LN INVERNESS IL 60010,60010
2021 PARKSIDE DRIVE SCHAUMBURG IL 60173,60173
21 LOCHBROOK LN INVERNESS IL 60010,60010
17 Lochbrook Ln INVERNESS IL 60010,60010
11 TORRIN ROCKS CV INVERNESS IL 60010,60010
10 TORRIN ROCKS CV INVERNESS IL 60010,60010
32 CARLETON CR INVERNESS IL 60010,60010
14 LOCHBROOK LANE INVERNESS IL 60010,60010
12 TORRIN ROCKS COVE INVERNESS IL 60010,60010
13 TORRIN ROCKS COVE INVERNESS IL 60010,60010
27 KINGSBOROUGH CV INVERNESS IL 60010,60010
6 CARLETON CT INVERNESS IL 60010,60010
35 CARLTON CIR INVERNESS IL 60010,60010
28 KINGSBOROUGH CV INVERNESS IL 60010,60010
31 CARLTON CIR INVERNESS IL 60010,60010
7 CARLTON CT INVERNESS IL 60010,60010
3 CARLETON CT INVERNESS IL 60010,60010
34 CARLTON CIR INVERNESS IL 60010,60010
29 KINGSBOROUGH CV INVERNESS IL 60010,60010
16617 BERWICK TER LAKEWOOD RNC FL 34202,34202
33 CARLTON CIR INVERNESS IL 60010,60010
4 CARLETON CT BARRINGTON IL 60010,60010
22 KINGSBOROUGH CV INVERNESS IL 60010,60010
30 CARLETON CR INVERNESS IL 60010,60010
1 CARLETON CT INVERNESS IL 60010,60010
5 CARLETON CT INVERNESS IL 60010,60010
8 TORRIN ROCKS CV INVERNESS IL 60010,60010
22 KINGSBOROUGH CV INVERNESS IL 60010,60010
23 KINGSBOROUGH CV INVERNESS IL 60010,60010
9235 GULF SHORE DR APT NAPLES FL 34108,34108
24 KINGSBOROUGH CV INVERNESS IL 60010,60010
2 CARLTON CT INVERNESS IL 60010,60010
133 BRADWELL RD INVERNESS IL 60010,60010
1 S NORTHWEST HWY PARK RIDGE IL 60068,60068
1 S NORTHWEST HWY PARK RIDGE IL 60068,60068
817 BRADWELL RD INVERNESS IL 60010,60010
811 BRADWELL RD INVERNESS IL 60010,60010
2103 HARROW GATE DR INVERNESS IL 60010,60010
2107 S HARROW GATE DR INVERNESS IL 60010,60010
2111 HARROWGATE BARRINGTON IL 60010,60010
2117 HARROWGATE DR BARRINGTON IL 60010,60010
2133 HARROW GATE DR INVERNESS IL 60010,60010
2201 HARROW GATE DR INVERNESS IL 60010,60010
2207 HARROWGATE DR BARRINGTON IL 60010,60010
2207 HARROWGATE DR BARRINGTON IL 60010,60010
2215 Harrow Gate Drive INVERNESS IL 60010,60010
2221 HARROWGATE DR INVERNESS IL 60010,60010
2215 Harrow Gate Drive INVERNESS IL 60010,60010
2221 HARRON GATE INVERNESS IL 60010,60010
2227 HARROW GATE DR INVERNESS IL 60010,60010
2237 HARROW GATE DR INVERNESS IL 60010,60010
2245 HARROW GATE DR INVERNESS IL 60010,60010
2305 HARROW GATE DR INVERNESS IL 60010,60010
2319 HARROW GATE DR INVERNESS IL 60010,60010
2325 HARROW GATE INVERNESS IL 60010,60010
2331 HARROW GATE DRIVE INVERNESS IL 60010,60010
2336 HARROW GATE INVERNESS IL 60010,60010
2308 HARROW GATE DR INVERNESS IL 60010,60010
2300 HARROW GATE BARRINGTON IL 60010,60010
2244 HARROW GATE DR INVERNESS IL 60010,60010
2236 HARROW GATE DR INVERNESS IL 60010,60010
2228 HARROW GATE DR INVERNESS IL 60010,60010
2218 HARROW GATE DRIVE INVERNESS IL 60010,60010
35 W WACKER DR 11TH FL CHICAGO IL 60601,60601
35 W WACKER DR 11TH FL CHICAGO IL 60601,60601
768 HALBERT LN BARRINGTON IL 60010,60010
772 HALBERT LANE INVERNESS IL 60010,60010
2206 HARROW GATE DR INVERNESS IL 60010,60010
2134 S HARROWGATE DR BARRINGTON IL 60010,60010
2130 HARROW GATE DR INVERNESS IL 60010,60010
779 SUMMER ISLE INVERNESS IL 60010,60010
775 SUMMER ISLE LN INVERNESS IL 60010,60010
774 SUMMER ISLE LN INVERNESS IL 60010,60010
778 SUMMER ISLE LN INVERNESS IL 60010,60010
787 SANDAY LN INVERNESS IL 60010,60010
787 SANDAY LN INVERNESS IL 60010,60010
787 SANDAY LN INVERNESS IL 60010,60010
781 SANDAY LN INVERNESS IL 60010,60010
780 SANDAY LN INVERNESS IL 60010,60010
784 SANDAY BARRINGTON IL 60010,60010
2300 HARROW GATE DR INVERNESS IL 60010,60010
2300 HARROW GATE DR INVERNESS IL 60010,60010
2103 SHETLAND RD INVERNESS IL 60010,60010
2109 APPLECROSS RD INVERNESS IL 60010,60010
2108 MULGUY DR BARRINGTON IL 60010,60010
2100 MULGUY DR INVERNESS IL 60010,60010
2105 MULGUY DR INVERNESS IL 60010,60010
2117 MULGUY CRT INVERNESS IL 60010,60010
2121 MULGUY CT INVERNESS IL 60010,60010
2123 MULGUY CT BARRINGTON IL 60010,60010
2205 APPLECROSS RD INVERNESS IL 60010,60010
2209 APPLECROSS RD INVERNESS IL 60010,60010
2219 APPLECROSS RD INVERNESS IL 60010,60010
800 E NORTHWEST HWY PALATINE IL 60074,60074
2224 APPLECROSS RD BARRINGTON IL 60010,60010
2222 APLECROSS RD INVERNESS IL 60010,60010
2220 APPLECROSS RD INVERNESS IL 60010,60010
2206 APPLECROSS RD BARRINGTON IL 60010,60010
2204 APPLECROSS RD INVERNESS IL 60010,60010
2120 APPLECROSS RD INVERNESS IL 60010,60010
2115 SHETLAND RD INVERNESS IL 60010,60010
2125 SHETLAND RD INVERNESS IL 60010,60010
2201 SHETLAND RD INVERNESS IL 60010,60010
2207 SHETLAND INVERNESS IL 60010,60010
2217 SHETLAND RD INVERNESS IL 60010,60010
2223 SHETLAND RD INVERNESS IL 60010,60010
2223 SHETLAND RD INVERNESS IL 60010,60010
2227 SHETLAND RD INVERNESS IL 60010,60010
2226 SHETLAND RD INVERNESS IL 60010,60010
2222 SHETLAND RD BARRINGTON IL 60010,60010
2222 SHETLAND RD BARRINGTON IL 60010,60010
2214 SHETLAND RD INVERNESS IL 60010,60010
2214 SHETLAND RD INVERNESS IL 60010,60010
2208 SHETLAND RD INVERNESS IL 60010,60010
2220 Big Woods Drive BATAVIA IL 60510,60510
2204 SHETLAND RD INVERNESS IL 60010,60010
2200 SHETLAND RD INVERNESS IL 60010,60010
2124 SHETLAND RD INVERNESS IL 60010,60010
2116 SHETLAND RD INVERNESS IL 60010,60010
2110 SHETLAND RD INVERNESS IL 60010,60010
2102 SHETLAND RD INVERNESS IL 60010,60010
425 BRADWELL RD INVERNESS IL 60010,60010
100 BRINKER RD BARRINGTON IL 60010,60010
100 BRINKER RD BARRINGTON IL 60010,60010
100 BRINKER RD BARRINGTON IL 60010,60010
100 S BRINKER RD BARRINGTON IL 60010,60010
112 BRINKER RD BARRINGTON IL 60010,60010
108 BRINKER RD BARRINGTON IL 60010,60010
102 BRINKER RD BARRINGTON IL 60010,60010
2974 SHADYWIDE DR STOUGHTON WI 53589,53589
104 BRINKER ROAD BARRINGTON IL 60010,60010
2974 SHADYWIDE DR STOUGHTON WI 53589,53589
110 BRINKER ROAD BARRNGTN HLS IL 60010,60010
110 BRINKER ROAD BARRNGTN HLS IL 60010,60010
142 OLD DUNDEE RD BARRINGTON IL 60010,60010
107 BRINKER RD BARRNGTN HLS IL 60010,60010
109 BRINKER RD BARRINGTON IL 60010,60010
132 OLD DUNDEE RD BARRINGTON IL 60010,60010
109 BRINKER RD BARRINGTON IL 60010,60010
PO BOX 527 BARRINGTON IL 60011,60011
146 OLD DUNDEE ROAD BARRINGTON IL 60010,60010
154 W OLD DUNDEE RD BARRINGTON IL 60010,60010
147 OLD DUNDEE RD BARRINGTON IL 60010,60010
145 OLD DUNDEE RD BARRINGTON IL 60010,60010
128 OLD DUNDEE RD BARRINGTON IL 60010,60010
129 OLD DUNDEE RD BARRINGTON IL 60010,60010
125 OLD DUNDEE RD BARRINGTON IL 60010,60010
150 HAWTHORNE RD BARRINGTON IL 60010,60010
140 HAWTHORNE RD BARRINGTON IL 60010,60010
140 HAWTHRONE RD BARRNGTN HLS IL 60010,60010
127 OLD DUNDEE RD BARRINGTON IL 60010,60010
120 HAWTHORNE RD BARRINGTON IL 60010,60010
1120 THOUSAND OAKS DR BARTLETT IL 60103,60103
100 HAWTHORNE RD BARRINGTON IL 60010,60010
264A OLD BARTLETT RD BARRINGTON IL 60010,60010
5 OLD BARTLETT RD BARRINGTON IL 60010,60010
110 W BARTLETT AVE#201 BARTLETT IL 60103,60103
117 BRINKER RD BARRINGTON IL 60010,60010
121 BRINKER RD BARRINGTON IL 60010,60010
125 BRINKER RD BARRINGTON IL 60010,60010
129 BRINKER RD BARRINGTON IL 60010,60010
158 OLD DUNDEE RD BARRNGTN HLS IL 60010,60010
197 W PENNY RD BARRINGTON IL 60010,60010
197 W PENNY RD BARRINGTON IL 60010,60010
197 W PENNY RD S BARRINGTON IL 60010,60010
320 OLD SUTTON RD BARRNGTN HLS IL 60010,60010
204 W MAIN ST BARRINGTON IL 60010,60010
326 OLD SUTTON RD BARRNGTN HLS IL 60010,60010
324 OLD SUTTON RD BARRINGTON IL 60010,60010
325 N OLD SUTTON RD BARRINGTON IL 60010,60010
322 OLD SUTTON RD BARRINGTON IL 60010,60010
321 OLD SUTTON RD BARRINGTON IL 60010,60010
170 OLD SUTTON ROAD BARRINGTON IL 60010,60010
262 ELA RD INVERNESS IL 60067,60067
160 DUNDEE ROAD BARRINGTON IL 60010,60010
724 VALENCIA RD VENICE FL 34285,34285
126 BRINKER RD BARRINGTON IL 60010,60010
122 BRINKER RD BARRINGTON IL 60010,60010
120 BRINKER ROAD BARRNGTN HLS IL 60010,60010
128 BRINKER ROAD BARRNGTN HLS IL 60010,60010
724 VALENCIA RD VENICE FL 34285,34285
112 BRINKER RD BARRINGTON IL 60010,60010
126 BRINKER RD BARRINGTON IL 60010,60010
130 BRINKER RD BARRINGTON IL 60010,60010
2514 31ST STREET SANTA MONICA CA 90405,90405
160 DUNDEE ROAD BARRINGTON IL 60010,60010
170 OLD SUTTON ROAD BARRINGTON IL 60010,60010
160 DUNDEE ROAD BARRINGTON IL 60010,60010
176 OLD SUTTON RD BARRINGTON IL 60010,60010
170 OLD SUTTON ROAD BARRINGTON IL 60010,60010
175 OLD SUTTON ROAD BARRINGTON IL 60010,60010
177D DUNDEE RD BARRNGTN HLS IL 60010,60010
170 OLD SUTTON RD BARRINGTON IL 60010,60010
16 CREEKSIDE LN BARRINGTON IL 60010,60010
724 VALENCIA RD VENICE FL 34285,34285
724 VALENCIA RD VENICE FL 34285,34285
246 STEEPLECHASE RD BARRINGTON IL 60010,60010
112 BRINKER RD BARRINGTON IL 60010,60010
724 VALENCIA RD VENICE FL 34285,34285
246 STEEPLECHASE RD BARRINGTON IL 60010,60010
2514 31ST STREET SANTA MONICA CA 90405,90405
724 VALENCIA RD VENICE FL 34285,34285
724 VALENCIA RD VENICE FL 34285,34285
121 BRINKER RD BARRINGTON IL 60010,60010
125 BRINKER RD BARRINGTON IL 60010,60010
133 BRINKER RD BARRINGTON IL 60010,60010
129 BRINKER RD BARRINGTON IL 60010,60010
PO BOX 3093 BARRINGTON IL 60011,60011
PO BOX 3093 BARRINGTON IL 60011,60011
1060 N Claremont Drive PALATINE IL 60074,60074
315 DUNDEE RD BARRNGTN HLS IL 60010,60010
313 DUNDEE RD BARRINGTON IL 60010,60010
PO BOX 3093 BARRINGTON IL 60011,60011
PO BOX 3093 BARRINGTON IL 60011,60011
312 ALGONQUIN RD BARRINGTON IL 60010,60010
200 DUNDEE RD BARRINGTON IL 60010,60010
320 W DUNDEE RD BARRNGTN HLS IL 60010,60010
309 DUNDEE RD BARRINGTON IL 60010,60010
307 DUNDEE RD BARRINGTON IL 60010,60010
114 ALGONQUIN ROAD BARRINGTON IL 60010,60010
114 ALGONQUIN RD BARRINGTON IL 60010,60010
116 ALGONQUIN RD BARRINGTON IL 60010,60010
118 ALGONQUIN RD BARRINGTON IL 60010,60010
197 W PENNY RD BARRINGTON IL 60010,60010
160 DUNDEE ROAD BARRINGTON IL 60010,60010
164 SPRINGWOOD LN BARRINGTON IL 60010,60010
162 SPRINGWOOD LN BARRINGTON IL 60010,60010
160 DUNDEE ROAD BARRINGTON IL 60010,60010
160 DUNDEE ROAD BARRINGTON IL 60010,60010
160 DUNDEE ROAD BARRINGTON IL 60010,60010
160 DUNDEE ROAD BARRINGTON IL 60010,60010
3 LINCOLN CENTER FL4 OAKBROOK TER IL 60181,60181
1576 HOLLY CT LONG GROVE IL 60047,60047
2 LONGMEADOW DR BARRINGTON IL 60010,60010
3 LOND MEADOW CT BARRINGTON IL 60010,60010
4 LONGMEADOW CT BARRNGTN HLS IL 60010,60010
5 LONGMEADOW CT BARRINGTON IL 60010,60010
6 LONGMEADOW CT BARRINGTON IL 60010,60010
7 LONGMEADOW CT BARRINGTON IL 60010,60010
8 LONGMEADOW DRIVE BARRINGTON IL 60010,60010
9 LONGMEADOW DR BARRINGTON IL 60010,60010
35 W WACKER DR 11TH FL CHICAGO IL 60601,60601
551 CREST CT LAKE FOREST IL 60045,60045
11 ROLLING HILLS DR BARRINGTON IL 60010,60010
10 S LA SALLE ST 2750 CHICAGO IL 60603,60603
13 ROLLING HILLS DR BARRNGTN HLS IL 60010,60010
14 LONGMEADOW DR BARRINGTON IL 60010,60010
15 ROLLING HILLS DR BARRINGTON IL 60010,60010
16 ROLLING HILLS DR BARRINGTON IL 60010,60010
1344 ROSEBUD LN ADDISON IL 60101,60101
18 ROLLING HILLS DR BARRINGTON IL 60010,60010
19 ROLLING HILLS DR BARRINGTON IL 60010,60010
20 ROLLING HILLS DR BARRINGTON IL 60010,60010
21 ROLLING HILLS DR BARRINGTON IL 60010,60010
22 ROLLING HILLS DR BARRINGTON IL 60010,60010
23 ROLLING HILLS DR BARRINGTON IL 60010,60010
24 ROLLING HILLS DR BARRINGTON IL 60010,60010
25 ROLLING HILLS DR BARRNGTN HLS IL 60010,60010
26 ROLLING HILLS DR BARRINGTON IL 60010,60010
27 ROLLING HILLS DR BARRNGTN HLS IL 60010,60010
28 ROLLING HILLS DR BARRINGTON IL 60010,60010
29 ROLLING HILLS DRIVE BARRINGTON IL 60010,60010
307 CHARMILE LN WOOD DALE IL 60191,60191
307 CHARMILE LN WOOD DALE IL 60191,60191
108 REMINGTON DRIVE BARRINGTON IL 60010,60010
35 W WACKER DR 11TH FL CHICAGO IL 60601,60601
3 LINCOLN CENTER FL4 OAKBROOK TER IL 60181,60181
100 BERRON LN BARRINGTON IL 60010,60010
200 BERRON LN BARRINGTON IL 60010,60010
300 BERRON LN BARRINGTON IL 60010,60010
3217 DECKER LAKE DR WEST VLY CIT UT 84119,84119
112 BRAEBURN RD BARRINGTON IL 60010,60010
18 FOREST LN S BARRINGTON IL 60010,60010
700 BERRON LANE BARRINGTON IL 60010,60010
1000 JULIANO CT BARRINGTON IL 60010,60010
900 JULIANO CT BARRINGTON IL 60010,60010
1000 JULIANO CT BARRINGTON IL 60010,60010
7N760 SAYER RD BARTLETT IL 60103,60103
3 LINCOLN CENTER FL4 OAKBROOK TER IL 60181,60181
1 FERNWOOD DR BARRINGTON IL 60010,60010
2 FERNWOOD DR BARRINGTON IL 60010,60010
3 FERNWOOD DR BARRINGTON IL 60010,60010
117 S COOK ST 355 BARRINGTON IL 60010,60010
6 FERNWOOD DR BARRINGTON IL 60010,60010
5 FERNWOOD DR BARRNGTN HLS IL 60010,60010
8 FERNWOOD DR BARRINGTON IL 60010,60010
7 FERNWOOD DR BARRINGTON IL 60010,60010
150 BATEMAN RD BARRINGTON IL 60010,60010
160 DUNDEE ROAD BARRINGTON IL 60010,60010
160 DUNDEE ROAD BARRINGTON IL 60010,60010
160 DUNDEE ROAD BARRINGTON IL 60010,60010
154 DUNDEE RD BARRINGTON IL 60010,60010
154 DUNDEE RD BARRINGTON IL 60010,60010
3 LINCOLN CENTER FL4 OAKBROOK TER IL 60181,60181
3 LINCOLN CENTER FL4 OAKBROOK TER IL 60181,60181
1 EAGLE POINTE DRIVE BARRINGTON IL 60010,60010
2 EAGLE POINTE DR BARRINGTON IL 60010,60010
3 EAGLE POINTE DR BARRINGTON IL 60010,60010
9321 OSCEOLA AV MORTON GROVE IL 60053,60053
5 EAGLE POINTE DR BARRINGTON IL 60010,60010
6 EAGLE POINTE DR BARRINGTON IL 60010,60010
7 EAGLE POINTE DR BARRINGTON IL 60010,60010
52 WATERGATE DR S BARRINGTON IL 60010,60010
236 E PROSPECT AV LAKE BLUFF IL 60044,60044
236 E PROSPECT AV LAKE BLUFF IL 60044,60044
160J BATEMAN RD BARRINGTON IL 60010,60010
236 E PROSPECT AV LAKE BLUFF IL 60044,60044
31W450 PENNY RD BARRINGTON IL 60010,60010
31 W 544 PENNY RD BARRINGTON IL 60010,60010
31W382 PENNY RD BARRINGTON IL 60010,60010
31 W 300 HEALY RD BARRNGTN HLS IL 60010,60010
160 DUNDEE ROAD BARRINGTON IL 60010,60010
152 DUNDEE ROAD BARRINGTON IL 60010,60010
151 W DUNDEE RD BARRINGTON IL 60010,60010
153 DUNDEE RD BARRINGTON IL 60010,60010
2 POTTER LN BARRINGTON IL 60010,60010
5 POTTER LN BARRINGTON IL 60010,60010
4 POTTER LN BARRINGTON IL 60010,60010
31W114 HEALY RD BARRNGTN HLS IL 60010,60010
31W068 HEALY RD BARRINGTON IL 60010,60010
149 DUNDEE RD BARRINGTON IL 60010,60010
160 K BATEMAN ROAD BARRINGTON IL 60010,60010
600 GARDEN CIR STREAMWOOD IL 60107,60107
31W626 PENNY RD DUNDEE IL 60010,60010
2625 TECHNY RD APT 752 NORTHBROOK IL 60062,60062
2625 TECHNY RD APT 752 NORTHBROOK IL 60062,60062
702 GOODMAN CT BARRINGTON IL 60010,60010
704 GOODMAN CT BARRINGTON IL 60010,60010
706 GOODMAN CT BARRINGTON IL 60010,60010
705 GOODMAN CT BARRINGTON IL 60010,60010
703 GOODMAN CT BARRINGTON IL 60010,60010
508 POND GATE DR BARRINGTON IL 60010,60010
510 POND GATE DR BARRNGTN HLS IL 60010,60010
812 MAGNUSON CT BARRINGTON IL 60010,60010
27 EASTINGS WAY S BARRINGTON IL 60010,60010
811 NORTH MAGNUSON CT BARRNGTN HLS IL 60010,60010
809 MAGNOSON CT BARRINGTON IL 60010,60010
520 POND GATE DR BARRNGTN HLS IL 60010,60010
522 POND GATE DR BARRINGTON IL 60010,60010
524 POND GATE DR BARRNGTN HLS IL 60010,60010
525 POND GATE DR BARRNGTN HLS IL 60010,60010
523 POND GATE DR BARRNGTN HLS IL 60010,60010
521 POND GATE DR BARRINGTON IL 60010,60010
519 POND GATE DR BARRINGTON IL 60010,60010
517 POND GATE DR BARRINGTON IL 60010,60010
515 POND GATE DR BARRINGTON IL 60010,60010
513 POND GATE DR BARRINGTON IL 60010,60010
511 POND GATE DRIVE BARRNGTN HLS IL 60010,60010
509 POND GATE DR BARRINGTON IL 60010,60010
507 POND GATE DRIVE BARRINGTON IL 60010,60010
505 POND GATE DR BARRINGTON IL 60010,60010
503 POND GATE DR BARRINGTON IL 60010,60010
501 POND GATE DR BARRINGTON IL 60010,60010
525 POND GATE DR BARRINGTON IL 60010,60010
523 POND GATE DR BARRNGTN HLS IL 60010,60010
521 POND GATE DR BARRNGTN HLS IL 60010,60010
519 POND GATE DRIVE BARRINGTON IL 60010,60010
526 POND GATE DR S BARRINGTON IL 60010,60010
527 POND GATE DRIVE BARRNGTN HLS IL 60010,60010
1221 POWER DRIVE EAST DUNDEE IL 60118,60118
527 POND GATE DR BARRINGTON IL 60010,60010
1221 POWER DRIVE EAST DUNDEE IL 60118,60118
31W367 PENNY ROAD DUNDEE IL 60010,60010
16N370 HEALY RD BARRINGTON IL 60010,60010
16N220 HEALY RD BARRINGTON IL 60010,60010
12100 WILSHIRE 1210 LOS ANGELES CA 90025,90025
16N370 HEALY RD BARRINGTON IL 60010,60010
16N486 PENNY RD BARRINGTON IL 60010,60010
16N370 HEALY RD BARRINGTON IL 60010,60010
16N476 PENNY RD BARRINGTON IL 60010,60010
16N009 HEALY RD BARRINGTON IL 60010,60010
16N684 HEALY RD BARRINGTON IL 60010,60010
728 W JACKSON 1201 CHICAGO IL 60661,60661
15 WOOD CREEK RD BARRINGTON IL 60010,60010
14 WOOD CREEK RD BARRINGTON IL 60010,60010
13 WOODCREEK RD BARRINGTON IL 60010,60010
12 WOODCREEK BARRINGTON IL 60010,60010
11 WOOD CREEK RD BARRINGTON IL 60010,60010
10 WOOD CREEK RD BARRINGTON IL 60010,60010
15 WOOD CREEK RD BARRINGTON IL 60010,60010
1 WOOD CREEK RD BARRINGTON IL 60010,60010
2 WOOD CREEK RD BARRINGTON IL 60010,60010
4 WOOD CREEK RD BARRINGTON IL 60010,60010
5 WOOD CREEK RD BARRINGTON IL 60010,60010
6 WOODCREEK RD BARRINGTON IL 60010,60010
7 WOOD CREEK RD BARRINGTON IL 60010,60010
PO BOX 490 BARRINGTON IL 60011,60011
177 DUNDEE RD BARRINGTON IL 60010,60010
170 W DUNDEE ROAD BARRNGTN HLS IL 60010,60010
5555 CLEVELAND AVE COLUMBUS OH 43231,43231
183 OLD SUTTON RD BARRINGTON IL 60010,60010
179G TAMARACK LN BARRINGTON IL 60010,60010
179A TAMARACK LANE BARRINGTON IL 60010,60010
179B TAMARACK LN BARRINGTON IL 60010,60010
179 TAMARACK LN BARRINGTON IL 60010,60010
179E OLD SUTTON RD BARRINGTON IL 60010,60010
179C TAMARACK LN BARRINGTON IL 60010,60010
183 OLD SUTTON RD BARRINGTON IL 60010,60010
180A OLD SUTTON RD BARRINGTON IL 60010,60010
35 W WACKER DR 11TH FL CHICAGO IL 60601,60601
1351 ST CLAIRE PLACE SCHAUMBURG IL 60173,60173
177 DUNDEE RD BARRINGTON IL 60010,60010
170 W DUNDEE ROAD BARRINGTON IL 60010,60010
170 W DUNDEE ROAD BARRINGTON IL 60010,60010
183 OLD SUTTON ROAD BARRINGTON IL 60010,60010
255 DUNDEE RD BARRINGTON IL 60010,60010
17 CREEKSIDE LANE BARRNGTN HLS IL 60010,60010
1736 S PRAIRIE AVE CHICAGO IL 60616,60616
255 DUNDEE RD BARRINGTON IL 60010,60010
23 N LIBERTY DR S BARRINGTON IL 60010,60010
1336 W GLENLAKE AV CHICAGO IL 60660,60660
PO BOX 3906 BARRINGTON IL 60011,60011
1 REGENCY BLVD S BARRINGTON IL 60010,60010
4 CREEKSIDE LN BARRNGTN HLS IL 60010,60010
6 CREEKSIDE LANE BARRNGTN HLS IL 60010,60010
9 CREEKSIDE LN BARRINGTON IL 60010,60010
12 CREEKSIDE LN BARRINGTON IL 60010,60010
18 CREEKSIDE LN BARRINGTON IL 60010,60010
19 CREEKSIDE BARRINGTON IL 60010,60010
20 CREEKSIDE LN BARRINGTON IL 60010,60010
3 CREEKSIDE LANE BARRNGTN HLS IL 60010,60010
5 CREEKSIDE LN BARRNGTN HLS IL 60010,60010
7 CREEKSIDE LANE BARRNGTN HLS IL 60010,60010
8 CREEKSIDE LN BARRINGTON IL 60010,60010
10 CREEKSIDE LN BARRINGTON IL 60010,60010
11 CREEKSIDE LN BARRINGTON IL 60010,60010
14 CREEKSIDE LN BARRINGTON IL 60010,60010
15 CREEKSIDE LN BARRINGTON IL 60010,60010
16 CREEKSIDE LN BARRNGTN HLS IL 60010,60010
17 CREEDSIDE LN BARRINGTON IL 60010,60010
1 CREEKSIDE LN BARRNGTN HLS IL 60010,60010
2 CREEKSIDE LANE BARRNGTN HLS IL 60010,60010
906 WYNDEMERE WAY NAPLES FL 34105,34105
16 REBECCA DR BARRINGTON IL 60010,60010
10 REBECCA DR BARRINGTON IL 60010,60010
181F SUTTON RD BARRINGTON IL 60010,60010
181F SUTTON RD BARRINGTON IL 60010,60010
181F SUTTON RD BARRINGTON IL 60010,60010
181F SUTTON RD BARRINGTON IL 60010,60010
6 TRICIA LN BARRINGTON IL 60010,60010
181 TRICIA LN BARRINGTON IL 60010,60010
2 TRICIA LN BARRINGTON IL 60010,60010
8 TRICIA LANE BARRINGTON IL 60010,60010
6 TRICIA LN BARRINGTON IL 60010,60010
8 TRICIA LN BARRINGTON IL 60010,60010
164 SUTTON RD BARRINGTON IL 60010,60010
1 TRICIA LN BARRINGTON IL 60010,60010
24 W MUNDHANK RD S BARRINGTON IL 60010,60010
1351 ST CLAIRE PLACE SCHAUMBURG IL 60173,60173
189 OLD SUTTON RD BARRINGTON IL 60010,60010
3 JENNIFER COURT BARRINGTON IL 60010,60010
5392 GALLOWAY DR HOFFMAN ESTS IL 60192,60192
186 OLD SUTTON RD BARRINGTON IL 60010,60010
191 OLD SUTTON RD BARRINGTON IL 60010,60010
185 OLD SUTTON RD BARRINGTON IL 60010,60010
185 OLD SUTTON RD BARRINGTON IL 60010,60010
8 TRICIA LANE BARRINGTON IL 60010,60010
187 OLD SUTTON RD BARRINGTON IL 60010,60010
8 TRICIA LANE BARRINGTON IL 60010,60010
6 TRICIA LN BARRINGTON IL 60010,60010
474 n lake shore 3910 CHICAGO IL 60611,60611
193 PENNY ROAD BARRNGTN HLS IL 60010,60010
8 TRICIA LANE BARRINGTON IL 60010,60010
1 REGENCY BLVD S BARRINGTON IL 60010,60010
2 SHENANDOAH CIR S BARRINGTON IL 60010,60010
4 SHENANDOAH CIR S BARRINGTON IL 60010,60010
6 SHENANDOAH CIR S BARRINGTON IL 60010,60010
8 SHENANDOAH CIR S BARRINGTON IL 60010,60010
10 SHENANDOAH CIR S BARRINGTON IL 60010,60010
12 SHENANDOAH CIR S BARRINGTON IL 60010,60010
14 SHENANDOAH CIRCLE S BARRINGTON IL 60010,60010
16 SHENANDOAH CIR S BARRINGTON IL 60010,60010
1 REGENCY BLVD S BARRINGTON IL 60010,60010
1 REGENCY BLVD S BARRINGTON IL 60010,60010
1 REGENCY BLVD S BARRINGTON IL 60010,60010
1 REGENCY BLVD S BARRINGTON IL 60010,60010
1 REGENCY BLVD S BARRINGTON IL 60010,60010
1 REGENCY BLVD S BARRINGTON IL 60010,60010
1 REGENCY BLVD S BARRINGTON IL 60010,60010
1 REGENCY BLVD S BARRINGTON IL 60010,60010
1 REGENCY BLVD S BARRINGTON IL 60010,60010
1 REGENCY BLVD S BARRINGTON IL 60010,60010
18 SHENANDOAH CIR S BARRINGTON IL 60010,60010
20 SHENANDOAH CIR S BARRINGTON IL 60010,60010
22 SHENANDOAH CIRCLE S BARRINGTON IL 60010,60010
28 SHENANDOAH CIRCLE S BARRINGTON IL 60010,60010
30 SHENANOOAH CIR S BARRINGTON IL 60010,60010
1 RAINIER CIR S BARRINGTON IL 60010,60010
3 RAINIER CIRCLE S BARRINGTON IL 60010,60010
5 RAINIER CIR S BARRINGTON IL 60010,60010
7 RAINIER CIR S BARRINGTON IL 60010,60010
9 RAINIER CIR UNIT 204 S BARRINGTON IL 60010,60010
11 RAINIER CIR S BARRINGTON IL 60010,60010
15 RAINIER CIRCLE S BARRINGTON IL 60010,60010
17 RAINIER CIRCLE S BARRINGTON IL 60010,60010
19 RAINIER CIR S BARRINGTON IL 60010,60010
21 RAINIER CIR S BARRINGTON IL 60010,60010
23 RAINIER CIR S BARRINGTON IL 60010,60010
25 RAINIER CIR S BARRINGTON IL 60010,60010
27 RAINIER CIRCLE S BARRINGTON IL 60010,60010
1 REGENCY BLVD S BARRINGTON IL 60010,60010
2 ACADIA DR S BARRINGTON IL 60010,60010
4 ACADIA DR S BARRINGTON IL 60010,60010
6 ACADIA DRIVE S BARRINGTON IL 60010,60010
8 ACADIA DR S BARRINGTON IL 60010,60010
10 ACADIA DR S BARRINGTON IL 60010,60010
26200 TOWN CTR DR 200 NOVI MI 48375,48375
14 ACADIA DR S BARRINGTON IL 60010,60010
16 ACADIA DR S BARRINGTON IL 60010,60010
3100 W HIGGINS RD #100 HOFFMAN ESTS IL 60169,60169
1 REGENCY BLVD S BARRINGTON IL 60010,60010
1 REGENCY BLVD S BARRINGTON IL 60010,60010
1 REGENCY BLVD S BARRINGTON IL 60010,60010
48 SHENANDOAH CIR S BARRINGTON IL 60010,60010
46 SHENANDOAH CIRCLE S BARRINGTON IL 60010,60010
44 SHENANDOAH CIR S BARRINGTON IL 60010,60010
42 SHENANDOAH CIR S BARRINGTON IL 60010,60010
40 SHENANDOAH CIR S BARRINGTON IL 60010,60010
38 SHENANDOAH CIR S BARRINGTON IL 60010,60010
36 SHENANDOAH CIR S BARRINGTON IL 60010,60010
34 SHENANDOAH CIR S BARRINGTON IL 60010,60010
32 SHENANDOAH CIR S BARRINGTON IL 60010,60010
20 ACADIA DR S BARRINGTON IL 60010,60010
22 ACADIA DR S BARRINGTON IL 60010,60010
24 ACADIA DR S BARRINGTON IL 60010,60010
26 ACADIA DR S BARRINGTON IL 60010,60010
28 ACADIA DR S BARRINGTON IL 60010,60010
30 ACADIA DR S BARRINGTON IL 60010,60010
28 RAINIER CIR S BARRINGTON IL 60010,60010
26 RAINIER CIRCLE S BARRINGTON IL 60010,60010
24 RAINIER CIR S BARRINGTON IL 60010,60010
20 RAINIER CIR S BARRINGTON IL 60010,60010
14 RAINIER CIRCLE S BARRINGTON IL 60010,60010
8 RAINIER CIR S BARRINGTON IL 60010,60010
6 RAINIER CIR S BARRINGTON IL 60010,60010
4 RAINIER CIRCLE S BARRINGTON IL 60010,60010
7 SHENADNDOAH CIRCLE S BARRINGTON IL 60010,60010
1 REGENCY BLVD S BARRINGTON IL 60010,60010
1 REGENCY BLVD S BARRINGTON IL 60010,60010
19 ACADIA DR S BARRINGTON IL 60010,60010
17 ACADIA DR S BARRINGTON IL 60010,60010
15 ACADIA DRIVE S BARRINGTON IL 60010,60010
11 ACADIA DR S BARRINGTON IL 60010,60010
9 ACADIA DR S BARRINGTON IL 60010,60010
7 ACADIA DR S BARRINGTON IL 60010,60010
5 ACADIA DR S BARRINGTON IL 60010,60010
3 ACADIA DR S BARRINGTON IL 60010,60010
1 ACADIA DR S BARRINGTON IL 60010,60010
1 REGENCY BLVD S BARRINGTON IL 60010,60010
1 REGENCY BLVD S BARRINGTON IL 60010,60010
1 REGENCY BLVD S BARRINGTON IL 60010,60010
35 ACADIA DRIVE S BARRINGTON IL 60010,60010
220 N SMITH ST STE 307 PALATINE IL 60067,60067
31 ACADIA DR S BARRINGTON IL 60010,60010
29 ACADIA DR S BARRINGTON IL 60010,60010
27 ACADIA DR APT 2 S BARRINGTON IL 60010,60010
25 ACADIA DR S BARRINGTON IL 60010,60010
23 ACADIA DR S BARRINGTON IL 60010,60010
21 ACADIA DR S BARRINGTON IL 60010,60010
41 SHENANDOAH CIR S BARRINGTON IL 60010,60010
43 Shenandoah Cricle S BARRINGTON IL 60010,60010
47 SHENANDOAH CIR S BARRINGTON IL 60010,60010
49 SHENANDOAH CIR S BARRINGTON IL 60010,60010
1 REGENCY BLVD S BARRINGTON IL 60010,60010
23 SHENANDOAH CIR S BARRINGTON IL 60010,60010
25 SHENANDOAH CIR S BARRINGTON IL 60010,60010
27 SHENANDOAH CIR S BARRINGTON IL 60010,60010
29 SHENANDOAH CIR BARRINGTON IL 60010,60010
31 SHENANDOAH CIR BARRINGTON IL 60010,60010
33 SHENANDOAH CIR S BARRINGTON IL 60010,60010
5 OLD BARTLETT RD BARRNGTN HLS IL 60010,60010
1336 W GLENLAKE AVE CHICAGO IL 60660,60660
17 WESTLAKE DR S BARRINGTON IL 60010,60010
15 WESTLAKE DR S BARRINGTON IL 60010,60010
11 WESTLAKE S BARRINGTON IL 60010,60010
9 WESTLAKE DR S BARRINGTON IL 60010,60010
7 WESTLAKE DR S BARRINGTON IL 60010,60010
2 WIND RIDGE RD S BARRINGTON IL 60010,60010
4 WIND RIDGE RD S BARRINGTON IL 60010,60010
6 WINDRIDGE RD S BARRINGTON IL 60010,60010
10 WIND RIDGE RD S BARRINGTON IL 60010,60010
4 WOODBURY COURT S BARRINGTON IL 60010,60010
2 WESTLAKE DR S BARRINGTON IL 60010,60010
4 WESTLAKE DR S BARRINGTON IL 60010,60010
6 WESTLAKE DR S BARRINGTON IL 60010,60010
8 WESTLAKE DR S BARRINGTON IL 60010,60010
10 WESTLAKE AVENUE BARRINGTON IL 60010,60010
12 WESTLAKE DR S BARRINGTON IL 60010,60010
14 WESTLAKE DR S BARRINGTON IL 60010,60010
16 WESTLAKE DR S BARRINGTON IL 60010,60010
18 WESTLAKE DR S BARRINGTON IL 60010,60010
20 WESTLAKE DR S BARRINGTON IL 60010,60010
22 WESTLAKE DR S BARRINGTON IL 60010,60010
1 WOODBURY CT S BARRINGTON IL 60010,60010
2 WOODBURY CT S BARRINGTON IL 60010,60010
3 WOODBURY CT S BARRINGTON IL 60010,60010
4 WOODBURY CT S BARRINGTON IL 60010,60010
5 WOODBURY CRT S BARRINGTON IL 60010,60010
6 WOODBURY CT S BARRINGTON IL 60010,60010
7 WOODBURY CT S BARRINGTON IL 60010,60010
8 WOODBURY CT S BARRINGTON IL 60010,60010
9 WOODBURY CRT S BARRINGTON IL 60010,60010
19 WESTLAKE DR S BARRINGTON IL 60010,60010
13 WIND RIDGE RD S BARRINGTON IL 60010,60010
PO BOX 1296 BARRINGTON IL 60011,60011
4 WOODBURY COURT S BARRINGTON IL 60010,60010
33 N LASALLE CHICAGO IL 60602,60602
4 WOODBURY COURT S BARRINGTON IL 60010,60010
10 BROOKE LANE S BARRINGTON IL 60010,60010
8 BROOKE LN S BARRINGTON IL 60010,60010
6N558 Kim Lane ST CHARLES IL 60175,60175
6N558 KIM LN ST CHARLES IL 60175,60175
3 BROOKE LANE S BARRINGTON IL 60010,60010
5 BROOKE LN S BARRINGTON IL 60010,60010
3 KALEIGH COURT S BARRINGTON IL 60010,60010
5 KALEIGH CT S BARRINGTON IL 60010,60010
7 KALEIGH CT S BARRINGTON IL 60010,60010
9 KALEIGH CT S BARRINGTON IL 60010,60010
6 KALEIGH CT BARRINGTON IL 60010,60010
21660 W FIELD PKWY 118 DEER PARK IL 60010,60010
1406 N ASTOR STREET CHICAGO IL 60610,60610
3 ELLE COURT S BARRINGTON IL 60010,60010
5 ELLE COURT S BARRINGTON IL 60010,60010
7 ELLE CT S BARRINGTON IL 60010,60010
9 ELLE COURT BARRINGTON IL 60010,60010
14 BLOSSOM CT S BARRINGTON IL 60010,60010
6 ELLE CT S BARRINGTON IL 60010,60010
4 ELLE COURT S BARRINGTON IL 60010,60010
2 ELLE CT BARRINGTON IL 60010,60010
17 BROOKE LN S BARRINGTON IL 60010,60010
19 BROOKE LANE S BARRINGTON IL 60010,60010
5915 NW HWY CHICAGO IL 60631,60631
1406 N ASTOR ST CHICAGO IL 60610,60610
21660 W FIELD PKWY 118 DEER PARK IL 60010,60010
555 N VALERIE LN ADDISON IL 60101,60101
16 BROOKE LN S BARRINGTON IL 60010,60010
2948 WILLOW RIDGE DR NAPERVILLE IL 60564,60564
12 BROOKE LN S BARRINGTON IL 60010,60010
2111 ROOT LANE CARY IL 60013,60013
2111 ROOT LANE CARY IL 60013,60013
2111 ROOT LANE CARY IL 60013,60013
2111 ROOT LANE CARY IL 60013,60013
2111 ROOT LANE CARY IL 60013,60013
2111 ROOT LANE CARY IL 60013,60013
1 BROOKE LN S BARRINGTON IL 60010,60010
1111 N PLAZA DR STE200 SCHAUMBURG IL 60173,60173
15 WINDMERE LN BARRINGTON IL 60010,60010
1884 BRIARCLIFFE BLVD WHEATON IL 60189,60189
6306 SCOTT LANE CRYSTAL LAKE IL 60014,60014
11 WIND RIDGE RD S BARRINGTON IL 60010,60010
9 WINDRIDGE RD S BARRINGTON IL 60010,60010
1 BROOKHAVEN CIR S BARRINGTON IL 60010,60010
6 BROOKHAVEN CIR S BARRINGTON IL 60010,60010
4 BROOKHAVEN CIR S BARRINGTON IL 60010,60010
3 WINDRIDGE RD S BARRINGTON IL 60010,60010
1 WINDRIDGE RD S BARRINGTON IL 60010,60010
1 WESTLAKE DR S BARRINGTON IL 60010,60010
4 WOODBURY COURT S BARRINGTON IL 60010,60010
4 WOODBURY COURT S BARRINGTON IL 60010,60010
3 BROOKHAVEN CIR S BARRINGTON IL 60010,60010
5 BROOKHAVEN CIRCLE S BARRINGTON IL 60010,60010
25 EASTINGS WAY S BARRINGTON IL 60010,60010
25 EASTINGS WAY S BARRINGTON IL 60010,60010
25 EASTING WAY S BARRINGTON IL 60010,60010
25 EASTINGS WAY S BARRINGTON IL 60010,60010
25 EASTINGS WAY S BARRINGTON IL 60010,60010
3 EASTINGS WAY S BARRINGTON IL 60010,60010
3 EASTINGS WAY S BARRINGTON IL 60010,60010
25 EASTING WAY S BARRINGTON IL 60010,60010
25 EASTING WAY S BARRINGTON IL 60010,60010
1 EASTINGS WAY S BARRINGTON IL 60010,60010
3 EASTINGS WAY S BARRINGTON IL 60010,60010
5 EASTINGS WAY S BARRINGTON IL 60010,60010
7 EASTINGS WAY S BARRINGTON IL 60010,60010
9 EASTINGS WAY S BARRINGTON IL 60010,60010
11 EASTINGS WAY S BARRINGTON IL 60010,60010
15 EASTINGS WAY S BARRINGTON IL 60010,60010
17 EASTINGS WAY S BARRINGTON IL 60010,60010
19 EASTINGS WAY BARRINGTON IL 60010,60010
21 EASTINGS WAY S BARRINGTON IL 60010,60010
23 EASTING WAY SO BARRINGTN IL 60010,60010
25 EASTINGS WAY S BARRINGTON IL 60010,60010
27 EASTINGS WAY S BARRINGTON IL 60010,60010
22 EASTINGS WAY S BARRINGTON IL 60010,60010
20 EASTINGS WY SOUTH BARRINGTON IL 60010,60010
4 EASTINGS WAY S BARRINGTON IL 60010,60010
2 EASTINGS WAY S BARRINGTON IL 60010,60010
P O Box 1514 Barrington IL 60011,60011
5 LEANDA LN S BARRINGTON IL 60010,60010
P O Box 1514 Barrington IL 60011,60011
P O Box 1514 Barrington IL 60011,60011
P O Box 1514 Barrington IL 60011,60011
P O Box 1514 Barrington IL 60011,60011
P O Box 1514 Barrington IL 60011,60011
13 LEANDA CT S BARRINGTON IL 60010,60010
14 LEANDA CT S BARRINGTON IL 60010,60010
P O Box 1514 Barrington IL 60011,60011
10 LEANDA CT S BARRINGTON IL 60010,60010
8 LEANDA LN S BARRINGTON IL 60010,60010
6 LEANDA LN S BARRINGTON IL 60010,60010
4 LEANDA LN S BARRINGTON IL 60010,60010
2 LEANDA LN S BARRINGTON IL 60010,60010
P O Box 1514 Barrington IL 60011,60011
55 W PENNY RD S BARRINGTON IL 60010,60010
55 W PENNY RD S BARRINGTON IL 60010,60010
56 W PENNY RD S BARRINGTON IL 60010,60010
58 W PENNY RD S BARRINGTON IL 60010,60010
3 SPRING CREEK DRIVE BARRINGTON IL 60010,60010
2 BEACON HILL DR S BARRINGTON IL 60010,60010
4 BEACON HILL DR S BARRINGTON IL 60010,60010
6 BEACON HILL DR S BARRINGTON IL 60010,60010
8 BEACON HILL DR S BARRINGTON IL 60010,60010
10 BEACON HILL DR S BARRINGTON IL 60010,60010
9 beacon hill dr BARRINGTON IL 60010,60010
7 BEACON HILL DR S BARRINGTON IL 60010,60010
17 SPRING CREEK DR S BARRINGTON IL 60010,60010
15 SPRING CREEK DR S BARRINGTON IL 60010,60010
13 SPRING CREEK DRIVE S BARRINGTON IL 60010,60010
11 SPRING CREEK DR S BARRINGTON IL 60010,60010
9 BEACON HILL DR BARRINGTON IL 60010,60010
9 BEACON HILL DR BARRINGTON IL 60010,60010
9 BEACON HILL DR S BARRINGTON IL 60010,60010
9 BEACON HILL DR S BARRINGTON IL 60010,60010
9 BEACON HILL DR BARRINGTON IL 60010,60010
9 BEACON HILL DR S BARRINGTON IL 60010,60010
2 SPRING CREEK DR S BARRINGTON IL 60010,60010
4 SPRING CREEK DR S BARRINGTON IL 60010,60010
6 SPRING CREEK DR S BARRINGTON IL 60010,60010
3 QUINCY CR S BARRINGTON IL 60010,60010
5 QUINCY CIRCLE S BARRINGTON IL 60010,60010
8 QUINCY CIR S BARRINGTON IL 60010,60010
6 QUINCY CR BARRINGTON IL 60010,60010
4 QUINCY CIR S BARRINGTON IL 60010,60010
2 QUINCY CIRCLE S BARRINGTON IL 60010,60010
10 SPRING CREEK S BARRINGTON IL 60010,60010
12 SPRING CREEK DR S BARRINGTON IL 60010,60010
1 RED RIDGE CIR S BARRINGTON IL 60010,60010
3 RED RIDGE CIR S BARRINGTON IL 60010,60010
5 RED RIDGE CIR S BARRINGTON IL 60010,60010
7 RED RIDGE CR S BARRINGTON IL 60010,60010
9 RED RIDGE CIR BARRINGTON IL 60010,60010
6 RED RIDGE CIR S BARRINGTON IL 60010,60010
4 RED RIDGE CR S BARRINGTON IL 60010,60010
16 SPRING CREEK DR S BARRINGTON IL 60010,60010
5 BEACON HILL DRIVE S BARRINGTON IL 60010,60010
3 BEACON HILL DR S BARRINGTON IL 60010,60010
1 BEACON HILL DR S BARRINGTON IL 60010,60010
9 BEACON HILL DR S BARRINGTON IL 60010,60010
2 QUINCY CIRCLE S BARRINGTON IL 60010,60010
9 BEACON HILL DR S BARRINGTON IL 60010,60010
9 BEACON HILL DR S BARRINGTON IL 60010,60010
50 W PENNY RD S BARRINGTON IL 60010,60010
7 SHORESIDE DR S BARRINGTON IL 60010,60010
9 SHORESIDE DR S BARRINGTON IL 60010,60010
12 SHORESIDE DR S BARRINGTON IL 60010,60010
5201 N HARLEM AV CHICAGO IL 60656,60656
3 LAKESIDE DR S BARRINGTON IL 60010,60010
5 LAKESIDE DR S BARRINGTON IL 60010,60010
9 Lakeside Drive S BARRINGTON IL 60010,60010
11 LAKESIDE DR S BARRINGTON IL 60010,60010
21 LAKESIDE DR S BARRINGTON IL 60010,60010
27 LAKESIDE DR S BARRINGTON IL 60010,60010
3 LAKESIDE CT S BARRINGTON IL 60010,60010
5 LAKESIDE CT S BARRINGTON IL 60010,60010
31 LAKESIDE DR S BARRINGTON IL 60010,60010
31 LAKESIDE DR S BARRINGTON IL 60010,60010
33 LAKESIDE DR S BARRINGTON IL 60010,60010
35 LAKESIDE DR S BARRINGTON IL 60010,60010
37 LAKESIDE DR S BARRINGTON IL 60010,60010
39 LAKESIDE DR S BARRINGTON IL 60010,60010
41 LAKESIDE DR S BARRINGTON IL 60010,60010
40 LAKESIDE DR S BARRINGTON IL 60010,60010
5201 N HARLEM CHICAGO IL 60656,60656
5201 N HARLEM CHICAGO IL 60656,60656
2 SHORESIDE DR S BARRINGTON IL 60010,60010
4 SHORESIDE DR S BARRINGTON IL 60010,60010
2 LAKESIDE DR S BARRINGTON IL 60010,60010
4 LAKESIDE DR S BARRINGTON IL 60010,60010
6 LAKESIDE DR S BARRINGTON IL 60010,60010
8 LAKESIDE DR SO BARRINGTN IL 60010,60010
12 LAKESIDE DR S BARRINGTON IL 60010,60010
14 LAKESIDE DR S BARRINGTON IL 60010,60010
16 LAKESIDE DR S BARRINGTON IL 60010,60010
18 LAKESIDE DR S BARRINGTON IL 60010,60010
20 LAKESIDE DR S BARRINGTON IL 60010,60010
22 LAKESIDE DRIVE S BARRINGTON IL 60010,60010
24 LAKESIDE DR S BARRINGTON IL 60010,60010
26 LAKESIDE DRIVE S BARRINGTON IL 60010,60010
28 LAKESIDE DR S BARRINGTON IL 60010,60010
30 LAKESIDE DR S BARRINGTON IL 60010,60010
32 LAKESIDE DR S BARRINGTON IL 60010,60010
34 LAKESIDE DR S BARRINGTON IL 60010,60010
36 LAKESIDE DR S BARRINGTON IL 60010,60010
38 LAKESIDE DR S BARRINGTON IL 60010,60010
14 SHORESIDE DR BARRINGTON IL 60010,60010
15 SHORESIDE DRIVE BARRINGTON IL 60010,60010
13 SHORESIDE DR S BARRINGTON IL 60010,60010
11 SHORESIDE DR S BARRINGTON IL 60010,60010
5 SHORESIDE DR S BARRINGTON IL 60010,60010
3 SHORESIDE DR S BARRINGTON IL 60010,60010
P O BOX 683 MT PROSPECT IL 60056,60056
10 SHORESIDE DR S BARRINGTON IL 60010,60010
8 SHORESIDE DR S BARRINGTON IL 60010,60010
54 W PENNY RD S BARRINGTON IL 60010,60010
52 W PENNY RD S BARRINGTON IL 60010,60010
35 W WACKER DR 11TH FL CHICAGO IL 60601,60601
32 W PENNY RD S BARRINGTON IL 60010,60010
30 W PENNY RD S BARRINGTON IL 60010,60010
114 FOX PATH BLDG 1 CORAOPOLIS PA 15108,15108
38 W PENNY RD S BARRINGTON IL 60010,60010
24 PENTWATER DR S BARRINGTON IL 60010,60010
4 BEECHNUT DR S BARRINGTON IL 60010,60010
2 BEECHNUT DR S BARRINGTON IL 60010,60010
1 BEECHNUT DR S BARRINGTON IL 60010,60010
1 WALNUT LN S BARRINGTON IL 60010,60010
7 WALNUT LN S BARRINGTON IL 60010,60010
9 WALNUT LN S BARRINGTON IL 60010,60010
2309 PENNSBURRY CT SCHAUMBURG IL 60194,60194
12 WALNUT LN S BARRINGTON IL 60010,60010
10 WALNUT LN S BARRINGTON IL 60010,60010
8 WALNUT LN S BARRINGTON IL 60010,60010
6 WALNUT LANE S BARRINGTON IL 60010,60010
4 WALNUT LN S BARRINGTON IL 60010,60010
2 WALNUT LN S BARRINGTON IL 60010,60010
7 BEECHNUT DR BARRINGTON IL 60010,60010
9 BEECHNUT DR S BARRINGTON IL 60010,60010
11 BEECHNUT DR S BARRINGTON IL 60010,60010
121 ROSE DR BLOOMINGDALE IL 60108,60108
121 ROSE DR BLOOMINGDALE IL 60108,60108
15 BEECHNUT DR S BARRINGTON IL 60010,60010
17 BEECHNUT DR S BARRINGTON IL 60010,60010
19 BEECHNUT DR S BARRINGTON IL 60010,60010
21 BEECHNUT DR S BARRINGTON IL 60010,60010
23 BEECHNUT DR S BARRINGTON IL 60010,60010
29 BEECHNUT DR S BARRINGTON IL 60010,60010
35 BEECHNUT DR S BARRINGTON IL 60010,60010
34 BEECHNUT DR S BARRINGTON IL 60010,60010
32 BEECHNUT DR S BARRINGTON IL 60010,60010
10 WALNUT LN S BARRINGTON IL 60010,60010
28 BEECHNUT DR S BARRINGTON IL 60010,60010
37 BEECHNUT DRIVE S BARRINGTON IL 60010,60010
39 BEECHNUT DR S BARRINGTON IL 60010,60010
41 BEECH NUT DR S BARRINGTON IL 60010,60010
42 BEECHNUT DR S BARRINGTON IL 60010,60010
40 BEECHNUT DR S BARRINGTON IL 60010,60010
38 BEECHNUT DR S BARRINGTON IL 60010,60010
36 BEECHNUT DR S BARRINGTON IL 60010,60010
20 W PENNY RD S BARRINGTON IL 60010,60010
18 W PENNY RD S BARRINGTON IL 60010,60010
24 BEECHNUT DR BARRINGTON IL 60010,60010
22 BEECHNUT DR S BARRINGTON IL 60010,60010
20 BEECHNUT DR BARRINGTON IL 60010,60010
307 ALGONQUIN RD BARRINGTON IL 60010,60010
6 W PENNY RD S BARRINGTON IL 60010,60010
6 E PENNY RD S BARRINGTON IL 60010,60010
1919 KENNICOTT CT DES PLAINES IL 60018,60018
1 WINDSOR CT S BARRINGTON IL 60010,60010
6 WINDSOR COURT S BARRINGTON IL 60010,60010
14 W PENNY RD S BARRINGTON IL 60010,60010
2 STONE RIDGE DR S BARRINGTON IL 60010,60010
4 STONERIDGE DR SO BARRINGTN IL 60010,60010
6 STONE RIDGE DR S BARRINGTON IL 60010,60010
159 N SANGAMON ST CHICAGO IL 60607,60607
10 STONERIDGE DR S BARRINGTON IL 60010,60010
12 STONE RIDGE DR S BARRINGTON IL 60010,60010
12 STONE RIDGE DRIVE S BARRINGTON IL 60010,60010
14 STONERIDGE DR S BARRINGTON IL 60010,60010
16 STONE RIDGE DR S BARRINGTON IL 60010,60010
18 STONE RIDGE DR S BARRINGTON IL 60010,60010
20 STONE RIDGE DR S BARRINGTON IL 60010,60010
35 W WACKER DR 11TH FL CHICAGO IL 60601,60601
24 STONE RIDGE DR S BARRINGTON IL 60010,60010
26 STONE RIDGE DR S BARRINGTON IL 60010,60010
28 STONE RIDGE DR S BARRINGTON IL 60010,60010
30 STONE RIDGE DR S BARRINGTON IL 60010,60010
32 STONERIDGE DR S BARRINGTON IL 60010,60010
34 STONERIDGE DR S BARRINGTON IL 60010,60010
36 STONERIDGE DR S BARRINGTON IL 60010,60010
38 STONE RIDGE DR S BARRINGTON IL 60010,60010
34 STONERIDGE DR SO BARRINGTN IL 60010,60010
4502 MAGNOLIA DR ROLLING MDWS IL 60008,60008
94 Railroad Street Gilberts IL 60136,60136
9 STONE RIDGE DR S BARRINGTON IL 60010,60010
7 STONERIDGE DR BARRINGTON IL 60010,60010
5 STONE RIDGE DR S BARRINGTON IL 60010,60010
3 STONE RIDGE DR S BARRINGTON IL 60010,60010
1 STONE RIDGE DR S BARRINGTON IL 60010,60010
21 STONERIDGE DR S BARRINGTON IL 60010,60010
19 STONE RIDGE DR S BARRINGTON IL 60010,60010
15 STONERIDGE DR S BARRINGTON IL 60010,60010
11 STONERIDGE DRIVE S BARRINGTON IL 60010,60010
34 STONERIDGE DR S BARRINGTON IL 60010,60010
34 STONERIDGE DR S BARRINGTON IL 60010,60010
37 STONERIDGE DR S BARRINGTON IL 60010,60010
35 STONE RIDGE DR S BARRINGTON IL 60010,60010
31 STONERIDGE DR BARRINGTON IL 60010,60010
27 STONE RIDGE DR S BARRINGTON IL 60010,60010
6 HEATH WAY S BARRINGTON IL 60010,60010
3 LOCH LANE S BARRINGTON IL 60010,60010
4 LOCH LN S BARRINGTON IL 60010,60010
35 W WACKER DR 11TH FL CHICAGO IL 60601,60601
7 LOCH LANE S BARRINGTON IL 60010,60010
5 LOCH LN S BARRINGTON IL 60010,60010
10 HEATH WAY S BARRINGTON IL 60010,60010
14 HEATH WAY S BARRINGTON IL 60010,60010
18 HEATH WAY S BARRINGTON IL 60010,60010
18 HEATH WAY S BARRINGTON IL 60010,60010
20698 EAGLE BLUFF CT FRANKFORT IL 60423,60423
15 HEATH WAY BARRINGTON IL 60010,60010
13 HEATH WAY S BARRINGTON IL 60010,60010
11 HEATH WAY S BARRINGTON IL 60010,60010
4 LOCH LANE S BARRINGTON IL 60010,60010
4 LOCH LANE S BARRINGTON IL 60010,60010
4 LOCH LANE S BARRINGTON IL 60010,60010
3 HEATH WAY S BARRINGTON IL 60010,60010
5 HEATH WAY S BARRINGTON IL 60010,60010
9 HEATH WAY BARRINGTON IL 60010,60010
4 LOCH LANE S BARRINGTON IL 60010,60010
2 LOCH LN S BARRINGTON IL 60010,60010
35 W WACKER DR 11TH FL CHICAGO IL 60601,60601
4 BRIDLEWOOD TRL S BARRINGTON IL 60010,60010
4 BRIDLEWOOD TRL S BARRINGTON IL 60010,60010
4 BRIDLEWOOD TRL S BARRINGTON IL 60010,60010
16 E PENNY RD S BARRINGTON IL 60010,60010
20698 EAGLE BLUFF CT FRANKFORT IL 60423,60423
12 E PENNY RD S BARRINGTON IL 60010,60010
2 DEVEAUX CT S BARRINGTON IL 60010,60010
4 DEVERAUX COURT S BARRINGTON IL 60010,60010
6 DEVEAUX CT S BARRINGTON IL 60010,60010
8 DEVEAUX CT 8 S BARRINGTON IL 60010,60010
10 DEVEAUX CT S BARRINGTON IL 60010,60010
35 W WACKER DR 11TH FL CHICAGO IL 60601,60601
5 Deveaux Ct S BARRINGTON IL 60010,60010
3 DEVEAUX CT S BARRINGTON IL 60010,60010
1 DEVEAUX CT S BARRINGTON IL 60010,60010
6 DEVEAUX COURT S BARRINGTON IL 60010,60010
11 FALCON LAKES S BARRINGTON IL 60010,60010
186 REGENCY DR BARTLETT IL 60103,60103
8 FALCON COURT S BARRINGTON IL 60010,60010
6 FALCON CT S BARRINGTON IL 60010,60010
4 FALCON CT S BARRINGTON IL 60010,60010
2 FALCON CT S BARRINGTON IL 60010,60010
4 DOVE COURT S BARRINGTON IL 60010,60010
6 DOVE CT S BARRINGTON IL 60010,60010
1 KINGBIRD CT S BARRINGTON IL 60010,60010
1 KINGBIRD CT S BARRINGTON IL 60010,60010
402 S BARRINGTON RD BARRINGTON IL 60010,60010
1251 N PLUM GROVE 140 SCHAUMBURG IL 60173,60173
1301 W 22ND ST OAK BROOK IL 60523,60523
1251 N PLUM GROVE #140 SCHAUMBURG IL 60173,60173
1020 RIDGEVIEW DR #10 INVERNESS IL 60010,60010
1022 RIDGEVIEW DR INVERNESS IL 60010,60010
1019 RIDGEVIEW DR INVERNESS IL 60010,60010
1023 RIDGEVIEW DR INVERNESS IL 60010,60010
505 HADDINGTON CIR INVERNESS IL 60010,60010
1006 RIDGEVIEW DRIVE INVERNESS IL 60010,60010
1011 RIDGEVIEW DR INVERNESS IL 60010,60010
1013 RIDGEVIEW DR INVERNESS IL 60010,60010
1015 RIDGEVIEW DR INVERNESS IL 60010,60010
1017 RIDGEVIEW DR INVERNESS IL 60010,60010
1008 RIDGEVIEW DR INVERNESS IL 60010,60010
1021 RIDGEVIEW DR INVERNESS IL 60010,60010
1016 RIDGEVIEW DR INVERNESS IL 60010,60010
1029 RIDGEVIEW DR INVERNESS IL 60010,60010
16603 FIRENZE WAY NAPLES FL 34110,34110
904 MIDDLETON LN INVERNESS IL 60010,60010
905 MIDDLETON LN #38 INVERNESS IL 60010,60010
927 CLARION CT INVERNESS IL 60010,60010
1038 RIDGEVIEW DR INVERNESS IL 60010,60010
1205 BIBURY LN INVERNESS IL 60010,60010
502 HADDINGTON CIR INVERNESS IL 60010,60010
509 HADDINGTON CIR#86 INVERNESS IL 60010,60010
507 HADDINGTON CR INVERNESS IL 60010,60010
1018 RIDGEVIEW DR INVERNESS IL 60010,60010
637 S GROVE AVENUE BARRINGTON IL 60010,60010
1010 RIDGEVIEW DR INVERNESS IL 60010,60010
315 DUNES BLVD 701 NAPLES FL 34110,34110
1014 RIDGEVIEW DR INVERNESS IL 60010,60010
1005 RIDGEVIEW DR INVERNESS IL 60010,60010
1025 RIDGEVIEW DR INVERNESS IL 60010,60010
1033 RIDGEVIEW DR INVERNESS IL 60010,60010
900 MIDDLETON LN INVERNESS IL 60010,60010
902 MIDDLETON LN INVERNESS IL 60010,60010
907 MIDDLETON LN INVERNESS IL 60010,60010
925 CLARION CT INVERNESS IL 60010,60010
1036 RIDGEVIEW DR INVERNESS IL 60010,60010
1034 RIDGEVIEW DR INVERNESS IL 60010,60010
1032 RIDGEVIEW DRIVE INVERNESS IL 60010,60010
1207 BIBURY LN UNIT 53 INVERNESS IL 60010,60010
1209 BIBURY LN INVERNESS IL 60010,60010
704 CROFTON CT INVERNESS IL 60010,60010
1107 JONATHAN DR INVERNESS IL 60010,60010
1206 BIBURY LN INVERNESS IL 60010,60010
500 HADDINGTON CIR INVERNESS IL 60010,60010
1027 RIDGEVIEW DR INVERNESS IL 60010,60010
913 MIDDLETON LN INVERNESS IL 60010,60010
911 MIDDLETON INVERNESS IL 60010,60010
923 CLARION CT INVERNESS IL 60010,60010
1030 RIDGEVIEW DR INVERNESS IL 60010,60010
1203 BIBURY LANE INVERNESS IL 60010,60010
1214 BIBURY LN INVERNESS IL 60010,60010
700 CROFTON CT INVERNESS IL 60010,60010
705 CROFTON CT INVERNESS IL 60010,60010
703 CROFTON CT INVERNESS IL 60010,60010
1119 JONATHAN DR INVERNESS IL 60010,60010
1117 JONATHAN DR INVERNESS IL 60010,60010
1115 JONATHAN LN #69 INVERNESS IL 60010,60010
1205 BIBURY LN INVERNESS IL 60010,60010
1101 JONATHAN DR INVERNESS IL 60010,60010
1204 BIBURY LN INVERNESS IL 60010,60010
1208 BIBURY LANE BARRINGTON IL 60010,60010
1210 BIBURY LN UNIT 82 INVERNESS IL 60010,60010
1212 BIBURY LN INVERNESS IL 60010,60010
503 HADDINGTON CIR INVERNESS IL 60010,60010
1110 JONATHAN DR INVERNESS IL 60010,60010
1122 JONATHAN DR INVERNESS IL 60010,60010
1124 JONATHAN DR INVERNESS IL 60010,60010
1126 JONATHAN DR INVERNESS IL 60010,60010
1043 RIDGEVIEW DR INVERNESS IL 60010,60010
802 POPLAR CT INVERNESS IL 60010,60010
804 POPLAR CT INVERNESS IL 60010,60010
808 POPLAR CT UNIT 110 INVERNESS IL 60010,60010
1001 RIDGEVIEW DR INVERNESS IL 60010,60010
1003 RIDGEVIEW DR INVERNESS IL 60010,60010
1007 RIDGEVIEW DR INVERNESS IL 60010,60010
917 MIDDLETON LANE INVERNESS IL 60010,60010
921 CLARION CT INVERNESS IL 60010,60010
701 CROFTON CT INVERNESS IL 60010,60010
1200 BIBURY LN INVERNESS IL 60010,60010
1104 JONATHAN DR INVERNESS IL 60010,60010
1112 JONATHAN DR INVERNESS IL 60010,60010
1114 JONATHAN DR INVERNESS IL 60010,60010
1118 JONATHAN DR INVERNESS IL 60010,60010
1120 JONATHAN DR INVERNESS IL 60010,60010
1128 JONATHAN DR INVERNESS IL 60010,60010
1130 JONATHAN DR INVERNESS IL 60010,60010
1132 JONATHAN DR#104 INVERNESS IL 60010,60010
800 POPLAR COURT INVERNESS IL 60010,60010
806 POPLAR CT INVERNESS IL 60010,60010
807 POPLAR CT INVERNESS IL 60010,60010
805 POPLAR CT DEER PARK IL 60010,60010
803 POPLAR CT INVERNESS IL 60010,60010
602 SUTHERLAND CT INVERNESS IL 60010,60010
604 SUTHERLAND CT INVERNESS IL 60010,60010
PO BOX 59155 SCHAUMBURG IL 60159,60159
601 SUTHERLAND CT INVERNESS IL 60010,60010
1009 RIDGEVIEW DR INVERNESS IL 60010,60010
915 MIDDLETON LN INVERNESS IL 60010,60010
909 MIDDLETON LN INVERNESS IL 60010,60010
1042 RIDGEVIEW DR INVERNESS IL 60010,60010
1123 JONATHAN DR INVERNESS IL 60010,60010
1121 JONATHAN DRIVE INVERNESS IL 60010,60010
1105 JONATHAN DRIVE INVERNESS IL 60010,60010
1202 BIBURY LN INVERNESS IL 60010,60010
1106 JONATHAN DR INVERNESS IL 60010,60010
1108 JONATHAN DR INVERNESS IL 60010,60010
1116 JONATHAN DR INVERNESS IL 60010,60010
901 MIDDLETON LN INVERNESS IL 60010,60010
600 SUTHERLAND CT INVERNESS IL 60010,60010
903 MIDDLETON LN INVERNESS IL 60010,60010
1020 ADDISON CT ARLNGTON HTS IL 60005,60005
1111 JONATHAN DR INVERNESS IL 60010,60010
1109 JONATHAN DR INVERNESS IL 60010,60010
801 POPLAR CT INVERNESS IL 60010,60010
1201 BIBURY LN INVERNESS IL 60010,60010
1127 JONATHAN DR INVERNESS IL 60010,60010
1125 JONATHAN DR INVERNESS IL 60010,60010
810 POPLAR CT INVERNESS IL 60010,60010
702 CROFTON COURT INVERNESS IL 60010,60010
2610 LAKE COOK RD #100 RIVERWOODS IL 60015,60015
624 KINNEAR COVE INVERNESS IL 60010,60010
1109 ASHLEY LANE INVERNESS IL 60010,60010
1139 ASHLEY LANE INVERNESS IL 60010,60010
1050 RIDGEVIEW DR INVERNESS IL 60010,60010
1051 RIDGEVIEW DR INVERNESS IL 60010,60010
1049 RIDGEVIEW DR INVERNESS IL 60010,60010
1052 RIDGEVIEW DR INVERNESS IL 60010,60010
1141 ASHLEY INVERNESS IL 60010,60010
1062 RIDGEVIEW DR INVERNESS IL 60010,60010
622 KINNEAR COVE INVERNESS IL 60010,60010
615 KINNEAR CIRCLE INVERNESS IL 60010,60010
1035 MORAY DRIVE INVERNESS IL 60010,60010
1114 ASHLEY LN INVERNESS IL 60010,60010
1134 ASHLEY LN INVERNESS IL 60010,60010
1137 ASHLEY LN INVERNESS IL 60010,60010
619 KINNEAR COVE INVERNESS IL 60010,60010
617 KINNEAR COVE INVERNESS IL 60010,60010
1123 ASHLEY LN INVERNESS IL 60010,60010
1121 ASHLEY LN INVERNESS IL 60010,60010
1117 ASHLEY LN INVERNESS IL 60010,60010
1111 ASHLEY LN INVERNESS IL 60010,60010
1107 ASHLEY LN INVERNESS IL 60010,60010
1103 ASHLEY LN INVERNESS IL 60010,60010
1029 MORAY DR INVERNESS IL 60010,60010
1025 MORAY DR INVERNESS IL 60010,60010
1116 ASHLEY LN INVERNESS IL 60010,60010
1112 ASHLEY LN INVERNESS IL 60010,60010
1124 ASHLEY LN INVERNESS IL 60010,60010
1128 ASHLEY LN INVERNESS IL 60010,60010
1130 ASHLEY LN INVERNESS IL 60010,60010
1132 ASHLEY LN INVERNESS IL 60010,60010
1136 ASHLEY LN INVERNESS IL 60010,60010
1138 ASHLEY LN U174 INVERNESS IL 60010,60010
1140 ASHLEY LN INVERNESS IL 60010,60010
35 W WACKER DR 11TH FL CHICAGO IL 60601,60601
1060 RIDGEVIEW DR INVERNESS IL 60010,60010
1057 MORAY DR INVERNESS IL 60010,60010
1134 W GRANVILLE AVE11 CHICAGO IL 60660,60660
1037 MORAY DR INVERNESS IL 60010,60010
1062 MORAY DR INVERNESS IL 60010,60010
1065 RIDGEVIEW DRIVE INVERNESS IL 60010,60010
1063 RIDGEVIEW DR INVERNESS IL 60010,60010
1061 RIDGEVIEW DR INVERNESS IL 60010,60010
1053 RIDGEVIEW DR INVERNESS IL 60010,60010
1135 ASHLEY LN INVERNESS IL 60010,60010
1133 ASHLEY LN INVERNESS IL 60010,60010
612 KINNEAR CV#129 INVERNESS IL 60010,60010
614 KINNEAR COVE INVERNESS IL 60010,60010
620 KINNEAR CV INVERNESS IL 60010,60010
613 KINNEAR COVE INVERNESS IL 60010,60010
1115 ASHLEY LANE INVERNESS IL 60010,60010
1113 ASHLEY LN INVERNESS IL 60010,60010
1027 MORAY DR INVERNESS IL 60010,60010
1118 ASHLEY LN INVERNESS IL 60010,60010
1122 ASHLEY LN INVERNESS IL 60010,60010
1126 ASHLEY LN INVERNESS IL 60010,60010
1059 MORAY DR INVERNESS IL 60010,60010
1055 MORAY DR INVERNESS IL 60010,60010
1051 MORAY DR INVERNESS IL 60010,60010
1041 MORAY DR UNIT 191 INVERNESS IL 60010,60010
1067 RIDGEVIEW DR INVERNESS IL 60010,60010
616 KINNEAR CV INVERNESS IL 60010,60010
618 KINNEAR CV INVERNESS IL 60010,60010
1059 RIDGEVIEW DR INVERNESS IL 60010,60010
1057 RIDGEVIEW DR INVERNESS IL 60010,60010
1055 RIDGEVIEW DR INVERNESS IL 60010,60010
610 KINNEAR COVE INVERNESS IL 60010,60010
626 KINNEAR COVE INVERNESS IL 60010,60010
611 KINNEAR CV INVERNESS IL 60010,60010
1053 MORAY DR INVERNESS IL 60010,60010
1060 MORAY DR INVERNESS IL 60010,60010
1105 ASHLEY LN INVERNESS IL 60010,60010
1119 ASHLEY LANE INVERNESS IL 60010,60010
1101 ASHLEY LN INVERNESS IL 60010,60010
1031 MORAY DR INVERNESS IL 60010,60010
1120 ASHLEY LN INVERNESS IL 60010,60010
1063 MORAY DRIVE INVERNESS IL 60010,60010
1061 MORAY DR INVERNESS IL 60010,60010
1049 MORAY DRIVE BARRINGTON IL 60010,60010
1047 MORAY DR INVERNESS IL 60010,60010
1045 MORAY DR INVERNESS IL 60010,60010
1039 MORAY DRIVE INVERNESS IL 60010,60010
1054 MORAY DR INVERNESS IL 60010,60010
1056 MORAY DR INVERNESS IL 60010,60010
1058 MORAY DR INVERNESS IL 60010,60010
1069 RIDGEVIEW DRIVE INVERNESS IL 60010,60010
1064 RIDGEVIEW DR INVERNESS IL 60010,60010
1068 MORY DR INVERNESS IL 60010,60010
21660 W FIELD PKWY DEER PARK IL 60010,60010
21660 W FIELD PKWY DEER PARK IL 60010,60010
21660 W FIELD PKWY DEER PARK IL 60010,60010
21660 W FIELD PKWY DEER PARK IL 60010,60010
21660 W FIELD PKWY DEER PARK IL 60010,60010
21660 W FIELD PKWY DEER PARK IL 60010,60010
21660 W FIELD PKWY DEER PARK IL 60010,60010
21660 W FIELD PKWY DEER PARK IL 60010,60010
21660 W FIELD PKWY DEER PARK IL 60010,60010
21660 W FIELD PKWY DEER PARK IL 60010,60010
21660 W FIELD PKWY DEER PARK IL 60010,60010
21660 W FIELD PKWY DEER PARK IL 60010,60010
21660 W FIELD PKWY DEER PARK IL 60010,60010
21660 W FIELD PKWY DEER PARK IL 60010,60010
21660 W FIELD PKWY DEER PARK IL 60010,60010
21660 W FIELD PKWY DEER PARK IL 60010,60010
21660 W FIELD PKWY DEER PARK IL 60010,60010
21660 W FIELD PKWY DEER PARK IL 60010,60010
21660 W FIELD PKWY DEER PARK IL 60010,60010
21660 W FIELD PKWY DEER PARK IL 60010,60010
21660 W FIELD PKWY DEER PARK IL 60010,60010
21660 W FIELD PKWY DEER PARK IL 60010,60010
21660 W FIELD PKWY DEER PARK IL 60010,60010
21660 W FIELD PKWY DEER PARK IL 60010,60010
21660 W FIELD PKWY DEER PARK IL 60010,60010
21660 W FIELD PKWY DEER PARK IL 60010,60010
21660 W FIELD PKWY DEER PARK IL 60010,60010
21660 W FIELD PKWY DEER PARK IL 60010,60010
21660 W FIELD PKWY DEER PARK IL 60010,60010
21660 W FIELD PKWY DEER PARK IL 60010,60010
21660 W FIELD PKWY DEER PARK IL 60010,60010
21660 W FIELD PKWY DEER PARK IL 60010,60010
21660 W FIELD PKWY DEER PARK IL 60010,60010
21660 W FIELD PKWY DEER PARK IL 60010,60010
21660 W FIELD PKWY DEER PARK IL 60010,60010
21660 W FIELD PKWY DEER PARK IL 60010,60010
1031 RIDGEVIEW DR INVERNESS IL 60010,60010
21660 W FIELD PKWY DEER PARK IL 60010,60010
21660 W FIELD PKWY DEER PARK IL 60010,60010
21660 W FIELD PKWY DEER PARK IL 60010,60010
21660 W FIELD PKWY DEER PARK IL 60010,60010
4405 CAPSTAN DR HOFFMAN ESTS IL 60192,60192
4415 CAPSTAN DR HOFFMAN EST IL 60192,60192
4435 CAPSTAN DR HOFFMAN ESTS IL 60192,60192
4455 CAPSTAN DR HOFFMAN ESTS IL 60192,60192
4465 N CAPSTAN DR HOFFMAN EST IL 60192,60192
4475 CAPSTAN DR HOFFMAN ESTS IL 60192,60192
4479 CAPSTAN DR HOFFMAN ESTS IL 60192,60192
4483 CAPSTAN DR HOFFMAN ESTS IL 60192,60192
4487 CAPSTAN DR HOFFMAN ESTS IL 60192,60192
4493 CAPSTAN DR HOFFMAN ESTS IL 60192,60192
4515 CAPSTAN DR HOFFMAN ESTS IL 60192,60192
4525 CAPSTAN DR HOFFMAN ESTS IL 60192,60192
4520 SHOREWOOD DR N HOFFMAN ESTS IL 60192,60192
4510 SHOREWOOD DR HOFFMAN EST IL 60192,60192
4500 SHOREWOOD DR HOFFMAN EST IL 60192,60192
4490 SHOREWOOD DR HOFFMAN EST IL 60192,60192
4480 N SHOREWOOD DR HOFFMAN EST IL 60192,60192
4470 SHOREWOOD DR N HOFFMAN ESTS IL 60192,60192
4460 N SHOREWOOD DR HOFFMAN ESTS IL 60192,60192
4450 SHOREWOOD DR N HOFFMAN EST IL 60192,60192
23 CHIPPING CAMPDEN DR S BARRINGTON IL 60010,60010
21 CHIPPING CAMPDEN DR S BARRINGTON IL 60010,60010
19 CHIPPING CAMPDEN DR S BARRINGTON IL 60010,60010
17 CHIPPING CAMPDEN DR S BARRINGTON IL 60010,60010
15 CHIPPING CAMPDEN DR S BARRINGTON IL 60010,60010
13 CHIPPING CAMPDEN DR S BARRINGTON IL 60010,60010
3 TAYNTON LN S BARRINGTON IL 60010,60010
5 TAYNTON LN S BARRINGTON IL 60010,60010
6 TAYNTON LN S BARRINGTON IL 60010,60010
4 TAYNTON LN S BARRINGTON IL 60010,60010
2 TAYNTON LANE SO BARRINGTN IL 60010,60010
5 TEWKESBURY LN S BARRINGTON IL 60010,60010
6 TEWKESBURY LN S BARRINGTON IL 60010,60010
4 TEWKESBURY LN S BARRINGTON IL 60010,60010
2 TEWKESBURY LN S BARRINGTON IL 60010,60010
1 CHIPPING CAMPDEN DR S BARRINGTON IL 60010,60010
2 CHIPPING CAMDEN DR S BARRINGTON IL 60010,60010
36 WYCHWOOD LANE S BARRINGTON IL 60010,60010
38 WYCHWOOD LN S BARRINGTON IL 60010,60010
34 WYCHWOOD LANE BARRINGTON IL 60010,60010
32 WYCHWOOD LN S BARRINGTON IL 60010,60010
30 WYCHWOOD LN S BARRINGTON IL 60010,60010
26 WYCHWOOD LN BARRINGTON IL 60010,60010
20 CHIPPING CAMPDEN DR S BARRINGTON IL 60010,60010
16 CHIPPING CAMPDEN DR S BARRINGTON IL 60010,60010
14 CHIPPING CAMPDEN DR BARRINGTON IL 60010,60010
12 CHIPPING CAMPDEN DR S BARRINGTON IL 60010,60010
10 CHIPPING CAMPDEN DR S BARRINGTON IL 60010,60010
8 CHIPPING CAMPDEN DR S BARRINGTON IL 60010,60010
6 CHIPPING CAMPDEN DR S BARRINGTON IL 60010,60010
4 CHIPPING CAMPDEN DR S BARRINGTON IL 60010,60010
6 BRACKLEY S BARRINGTON IL 60010,60010
4 BRACKLEY LANE S BARRINGTON IL 60010,60010
3 BRACKLEY LN S BARRINGTON IL 60010,60010
5 BRACKLEY LN S BARRINGTON IL 60010,60010
35 WYCHWOOD LN S BARRINGTON IL 60010,60010
33 WYCHWOOD LANE S BARRINGTON IL 60010,60010
31 WYCHWOOD LANE S BARRINGTON IL 60010,60010
29 WYCHWOOD LN S BARRINGTON IL 60010,60010
27 WYCHWOOD LANE S BARRINGTON IL 60010,60010
25 CHIPPING CAMPDEN S BARRINGTON IL 60010,60010
1 TEWKESBURY S BARRINGTON IL 60010,60010
3 TEWKESBURY LN S BARRINGTON IL 60010,60010
4467 HARBOR CIRCLE HOFFMAN EST IL 60192,60192
4477 HARBOR CIR HOFFMAN ESTS IL 60192,60192
4481 HARBOR CT HOFFMAN ESTS IL 60192,60192
4485 HARBOR CIR HOFFMAN EST IL 60192,60192
4505 HARBOR CIR HOFFMAN EST IL 60192,60192
4490 COVE LN HOFFMAN ESTS IL 60192,60192
4480 COVE LN HOFFMAN ESTS IL 60192,60192
4470 COVE LANE HOFFMAN ESTS IL 60192,60192
4460 COVE LN HOFFMAN ESTS IL 60192,60192
4455 COVE LN HOFFMAN EST IL 60192,60192
4465 COVE LN HOFFMAN ESTS IL 60192,60192
4475 COVE LN HOFFMAN ESTS IL 60192,60192
4485 COVE LANE HOFFMAN ESTS IL 60192,60192
4495 COVE LANE HOFFMAN ESTS IL 60192,60192
4505 COVE LN HOFFMAN ESTS IL 60192,60192
4515 HARBOR CIR HOFFMAN ESTS IL 60192,60192
14855 CHINA CT HAYMARKET VA 20169,20169
4500 HUNTINGTON COMMS HOFFMAN ESTS IL 60195,60195
4490 HUNTINGTON BLVD HOFFMAN ESTS IL 60192,60192
4480 HUNTINGTON BLVD HOFFMAN ESTS IL 60192,60192
4441 HARBOR CIRCLE HOFFMAN EST IL 60192,60192
4445 HARBOR CR HOFFMAN ESTS IL 60192,60192
4425 N SHOREWOOD DR HOFFMAN ESTS IL 60192,60192
4435 SHOREWOOD DR HOFFMAN EST IL 60192,60192
4455 SHOREWOOD DR HOFFMAN EST IL 60192,60192
4465 N SHOREWOOD DR HOFFMAN ESTS IL 60192,60192
4475 N SHOREWOOD DR HOFFMAN EST IL 60192,60192
4481 SHOREWOOD DR N HOFFMAN ESTS IL 60192,60192
4485 N SHOREWOOD DR HOFFMAN EST IL 60192,60192
4487 SHOREWOOD DR N HOFFMAN ESTS IL 60192,60192
4495 N SHOREWOOD DR HOFFMAN ESTS IL 60192,60192
4505 SHOREWOOD DRIVE HOFFMAN ESTS IL 60192,60192
4515 SHOREWOOD DR N HOFFMAN ESTS IL 60192,60192
4525 SHOREWOOD DR#N HOFFMAN ESTS IL 60192,60192
4535 SHOREWOOD DR N HOFFMAN EST IL 60192,60192
4545 W SHOREWOOD DR HOFFMAN ESTS IL 60192,60192
425 SHORELINE RD LK BARRNGTN IL 60010,60010
1875 SHOREWOOD DR W HOFFMAN ESTS IL 60192,60192
1845 SHOREWOOD DR HOFFMAN EST IL 60192,60192
4530 SHOREWOOD CT HOFFMAN ESTS IL 60192,60192
4520 N SHOREWOOD CT HOFFMAN EST IL 60192,60192
4510 SHOREWOOD CT HOFFMAN EST IL 60192,60192
4500 SHOREWOOD COURT HOFFMAN EST IL 60192,60192
4490 SHOREWOOD CT HOFFMAN ESTS IL 60192,60192
4480 SHOREWOOD CT HOFFMAN ESTS IL 60192,60192
4470 SHOREWOOD CT HOFFMAN ESTS IL 60192,60192
4460 SHOREWOOD CT HOFFMAN EST IL 60192,60192
4455 S SHOREWOOD CT HOFFMAN EST IL 60192,60192
4465 SHOREWOOD CT HOFFMAN ESTS IL 60192,60192
4475 SHOREWOOD CT HOFFMAN ESTS IL 60192,60192
2021 MIDWEST RD#200 OAK BROOK IL 60523,60523
4495 SHOREWOOD COURT HOFFMAN ESTS IL 60192,60192
4505 SHOREWOOD CT HOFFMAN EST IL 60192,60192
4525 SHOREWOOD CT HOFFMAN ESTS IL 60192,60192
1805 SHOREWOOD DR W HOFFMAN ESTS IL 60192,60192
1795 SHOREWOOD DR W HOFFMAN ESTS IL 60192,60192
1785 W SHOREWOOD DR HOFFMAN EST IL 60192,60192
1775 SHOREWOOD DRIVE HOFFMAN ESTS IL 60192,60192
1765 W SHOREWOOD DR HOFFMAN EST IL 60192,60192
2610 W BALMORAL AVE303 CHICAGO IL 60625,60625
1745 W SHOREWOOD DR HOFFMAN ESTS IL 60192,60192
1735 W SHOREWOOD DR HOFFMAN EST IL 60192,60192
1725 W SHOREWOOD DR HOFFMAN ESTS IL 60192,60192
1715 W SHOREWOOD DR HOFFMAN ESTS IL 60192,60192
1705 SHOREWOOD DR W HOFFMAN ESTS IL 60192,60192
4514 N HARBOR CR HOFFMAN ESTS IL 60192,60192
4510 HARBOR CIR HOFFMAN ESTS IL 60192,60192
4506 HARBOR CIR HOFFMAN ESTS IL 60192,60192
4502 HARBOR CIR HOFFMAN ESTS IL 60192,60192
4498 HARBOR CIR HOFFMAN ESTS IL 60192,60192
4494 HARBOR CIRCLE HOFFMAN ESTS IL 60192,60192
4490 HARBOR CIR HOFFMAN ESTS IL 60192,60192
4486 HARBOR CIRCLE HOFFMAN EST IL 60192,60192
4482 HARBOR CR HOFFMAN ESTS IL 60192,60192
4480 HARBOR CIR HOFFMAN EST IL 60192,60192
4476 HARBOR CIRCLE HOFFMAN EST IL 60192,60192
4472 HARBOR CIRCLE HOFFMAN ESTS IL 60192,60192
4468 HARBOR CIRCLE HOFFMAN ESTA IL 60192,60192
4464 HARBOR CIR HOFFMAN ESTS IL 60192,60192
4460 HARBOR CIRCLE HOFFMAN ESTS IL 60192,60192
4456 HARBOR CR HOFFMAN ESTS IL 60192,60192
4452 HARBOR CIRCLE HOFFMAN EST IL 60192,60192
4448 HARBOR CIRCLE HOFFMAN EST IL 60192,60192
4444 HARBOR CIRCLE HOFFMAN ESTS IL 60192,60192
4440 HARBOR CIR HOFFMAN ESTS IL 60192,60192
4430 N HUNTINGTON HOFFMAN EST IL 60192,60192
5OAKBROOK CLUB DR N307 OAK BROOK IL 60523,60523
1104 HEAVENS GATE LK IN HILLS IL 60156,60156
1700 WESTBURY DR HOFFMAN ESTS IL 60192,60192
4405 BEACON CT HOFFMAN ESTS IL 60192,60192
4415 BEACON CT HOFFMAN ESTS IL 60192,60192
4425 BEACON CT HOFFMAN EST IL 60192,60192
4435 BEACON CRT HOFFMAN ESTS IL 60192,60192
4430 BEACON CT HOFFMAN ESTS IL 60192,60192
4420 BEACON CT HOFFMAN EST IL 60192,60192
4410 BEACON CT HOFFMAN EST IL 60192,60192
4400 BEACON CT HOFFMAN EST IL 60192,60192
1740 WESTBURY DR HOFFMAN ESTS IL 60192,60192
1750 WESTBURY DR HOFFMAN ESTS IL 60192,60192
1756 WESTBURY DR HOFFMAN ESTS IL 60192,60192
1762 WESTBURY DR HOFFMAN ESTS IL 60192,60192
1768 WESTBURY DR HOFFMAN ESTS IL 60192,60192
1774 WESTBURY DR HOFFMAN ESTS IL 60192,60192
1780 WESTBURY DRIVE HOFFMAN ESTS IL 60192,60192
1790 WESTBURY DR HOFFMAN EST IL 60192,60192
1800 WESTBURY DR HOFFMAN EST IL 60192,60192
1810 WESTBURY DR HOFFMAN EST IL 60192,60192
1820 WESTBURY DR HOFFMAN ESTS IL 60192,60192
4400 CAPSTAN DR HOFFMAN ESTS IL 60192,60192
4404 CAPSTAN DR HOFFMAN ESTS IL 60192,60192
4408 CAPSTAN DR HOFFMAN EST IL 60192,60192
4412 CAPSTAN DR HOFFMAN ESTS IL 60192,60192
4420 CAPSTAN DR HOFFMAN ESTS IL 60192,60192
4430 CAPSTAN DR HOFFMAN ESTS IL 60192,60192
4440 CAPSTAN DR HOFFMAN ESTS IL 60192,60192
4450 CAPSTAN DR HOFFMAN ESTS IL 60192,60192
4460 CAPSTAN DR HOFFMAN ESTS IL 60192,60192
4470 CAPSTAN DR HOFFMAN EST IL 60192,60192
4480 CAPSTAN DR HOFFMAN EST IL 60192,60192
650 KATHY LN SCHAUMBURG IL 60173,60173
PO BOX 614 ZIONSVILLE IN 46077,46077
4510 CAPSTAN DR HOFFMAN ESTS IL 60192,60192
4520 CAPSTAN DR HOFFMAN ESTS IL 60192,60192
4522 CAPSTAN DR HOFFMAN ESTS IL 60192,60192
