raw_address,source_zip
231 W MAIN ST BARRINGTON IL 60010,60010
223 W MAIN ST BARRINGTON IL 60010,60010
213 W MAIN ST BARRINGTON IL 60010,60010
209 W MAIN ST BARRINGTON IL 60010,60010
205 W MAIN ST BARRINGTON IL 60010,60010
201 S HOUGH ST BARRINGTON IL 60010,60010
149 W MAIN ST BARRINGTON IL 60010,60010
123 W MAIN ST BARRINGTON IL 60010,60010
115 DUNDEE AVE BARRINGTON IL 60010,60010
119 S DUNDEE AVE BARRINGTON IL 60010,60010
234 W STATION ST B12 BARRINGTON IL 60010,60010
228 W STATION ST BARRINGTON IL 60010,60010
214 W STATION ST BARRINGTON IL 60010,60010
206 S HOUGH ST BARRINGTON IL 60010,60010
202 W STATION ST BARRINGTON IL 60010,60010
217 W STATION ST BARRINGTON IL 60010,60010
207 W STATION ST BARRINGTON IL 60010,60010
205 W STATION ST BARRINGTON IL 60010,60010
201 W STATION ST BARRINGTON IL 60010,60010
145 W STATION ST BARRINGTON IL 60010,60010
137 W STATION ST BARRINGTON IL 60010,60010
135 W STATION ST BARRINGTON IL 60010,60010
250 W LAKE ST BARRINGTON IL 60010,60010
246 W LAKE ST BARRINGTON IL 60010,60010
236 W LAKE ST BARRINGTON IL 60010,60010
230 W LAKE ST BARRINGTON IL 60010,60010
216 W LAKE ST BARRINGTON IL 60010,60010
208 W LAKE ST BARRINGTON IL 60010,60010
208 W LAKE ST BARRINGTON IL 60010,60010
200 W LAKE ST BARRINGTON IL 60010,60010
130 W LAKE ST BARRINGTON IL 60010,60010
201 W MAIN ST BARRINGTON IL 60010,60010
208 W STATION ST BARRINGTON IL 60010,60010
200 W STATION ST BARRINGTON IL 60010,60010
148 W STATION ST BARRINGTON IL 60010,60010
209 DUNDEE AVE BARRINGTON IL 60010,60010
221 W STATION ST BARRINGTON IL 60010,60010
226 W LAKE ST BARRINGTON IL 60010,60010
237 W MAIN ST BARRINGTON IL 60010,60010
109 DUNDEE AVE BARRINGTON IL 60010,60010
214 S HOUGH ST BARRINGTON IL 60010,60010
142 W LAKE ST BARRINGTON IL 60010,60010
138 W LAKE ST BARRINGTON IL 60010,60010
142 W STATION ST BARRINGTON IL 60010,60010
126 W LAKE ST BARRINGTON IL 60010,60010
118 W LAKE ST BARRINGTON IL 60010,60010
114 W LAKE ST BARRINGTON IL 60010,60010
218 W STATION ST BARRINGTON IL 60010,60010
106 W LAKE ST BARRINGTON IL 60010,60010
131 W STATION ST BARRINGTON IL 60010,60010
200 S HOUGH ST BARRINGTON IL 60010,60010
200 S HOUGH ST BARRINGTON IL 60010,60010
200 S HOUGH ST BARRINGTON IL 60010,60010
200 S HOUGH ST BARRINGTON IL 60010,60010
240 W LAKE ST BARRINGTON IL 60010,60010
145 W MAIN ST BARRINGTON IL 60010,60010
120 W STATION ST BARRINGTON IL 60010,60010
132 W STATION ST BARRINGTON IL 60010,60010
117 W MAIN ST BARRINGTON IL 60010,60010
111 W MAIN ST BARRINGTON IL 60010,60010
111 W MAIN ST BARRINGTON IL 60010,60010
237 STATION ST BARRINGTON IL 60010,60010
203 DUNDEE AVE BARRINGTON 60010,60010
101 S HOUGH ST BARRINGTON IL 60010,60010
117 E MAIN ST BARRINGTON IL 60010,60010
1000 E MAIN ST BARRINGTON IL 60010,60010
125 E MAIN ST BARRINGTON IL 60010,60010
133 PARK AVE BARRINGTON IL 60010,60010
135 PARK AVE BARRINGTON IL 60010,60010
104 S COOK ST BARRINGTON IL 60010,60010
117 S HOUGH ST BARRINGTON IL 60010,60010
125 S HOUGH ST BARRINGTON IL 60010,60010
113 S HOUGH ST BARRINGTON IL 60010,60010
115 S HOUGH ST BARRINGTON IL 60010,60010
206 S HOUGH ST BARRINGTON IL 60010,60010
100 E STATION ST G52 BARRINGTON IL 60010,60010
100 E STATION ST G53 BARRINGTON IL 60010,60010
100 E STATION ST G54 BARRINGTON IL 60010,60010
100 E STATION ST G55 BARRINGTON IL 60010,60010
100 E STATION ST G56 BARRINGTON IL 60010,60010
100 E STATION ST G57 BARRINGTON IL 60010,60010
100 E STATION ST G58 BARRINGTON IL 60010,60010
100 E STATION ST G59 BARRINGTON IL 60010,60010
100 E STATION ST G60 BARRINGTON IL 60010,60010
100 E STATION ST G61 BARRINGTON IL 60010,60010
100 E STATION ST G62 BARRINGTON IL 60010,60010
100 E STATION ST G63 BARRINGTON IL 60010,60010
100 E STATION ST G64 BARRINGTON IL 60010,60010
100 E STATION ST G65 BARRINGTON IL 60010,60010
100 E STATION ST G66 BARRINGTON IL 60010,60010
100 E STATION ST G67 BARRINGTON IL 60010,60010
100 E STATION ST G68 BARRINGTON IL 60010,60010
100 E STATION ST G69 BARRINGTON IL 60010,60010
100 E STATION ST G70 BARRINGTON IL 60010,60010
100 E STATION ST G71 BARRINGTON IL 60010,60010
100 E STATION ST G72 BARRINGTON IL 60010,60010
100 E STATION ST G73 BARRINGTON IL 60010,60010
100 E STATION ST G74 BARRINGTON IL 60010,60010
100 E STATION ST G75 BARRINGTON IL 60010,60010
100 E STATION ST G76 BARRINGTON IL 60010,60010
100 E STATION ST G77 BARRINGTON IL 60010,60010
100 E STATION ST G78 BARRINGTON IL 60010,60010
100 E STATION ST G79 BARRINGTON IL 60010,60010
100 E STATION ST G80 BARRINGTON IL 60010,60010
100 E STATION ST G81 BARRINGTON IL 60010,60010
100 E STATION ST G82 BARRINGTON IL 60010,60010
100 E STATION ST G83 BARRINGTON IL 60010,60010
100 E STATION ST G84 BARRINGTON IL 60010,60010
100 E STATION ST G85 BARRINGTON IL 60010,60010
100 E STATION ST G86 BARRINGTON IL 60010,60010
100 E STATION ST G87 BARRINGTON IL 60010,60010
100 E STATION ST G88 BARRINGTON IL 60010,60010
100 E STATION ST G89 BARRINGTON IL 60010,60010
100 E STATION ST G90 BARRINGTON IL 60010,60010
100 E STATION ST G91 BARRINGTON IL 60010,60010
100 E STATION ST G92 BARRINGTON IL 60010,60010
100 E STATION ST G93 BARRINGTON IL 60010,60010
100 E STATION ST G94 BARRINGTON IL 60010,60010
100 E STATION ST G95 BARRINGTON IL 60010,60010
100 E STATION ST G96 BARRINGTON IL 60010,60010
100 E STATION ST G97 BARRINGTON IL 60010,60010
100 E STATION ST G98 BARRINGTON IL 60010,60010
100 E STATION ST G99 BARRINGTON IL 60010,60010
100 E STATION ST G100 BARRINGTON IL 60010,60010
100 E STATION ST G101 BARRINGTON IL 60010,60010
100 E STATION ST G102 BARRINGTON IL 60010,60010
100 E STATION ST G103 BARRINGTON IL 60010,60010
100 E STATION ST G104 BARRINGTON IL 60010,60010
100 E STATION ST G105 BARRINGTON IL 60010,60010
100 E STATION ST 105 BARRINGTON IL 60010,60010
100 E STATION ST 115 BARRINGTON IL 60010,60010
100 E STATION ST 125 BARRINGTON IL 60010,60010
100 E STATION ST 130 BARRINGTON IL 60010,60010
100 E STATION ST 135 BARRINGTON IL 60010,60010
100 E STATION ST 140 BARRINGTON IL 60010,60010
100 E STATION ST 150 BARRINGTON IL 60010,60010
100 E STATION ST 155 BARRINGTON IL 60010,60010
100 E STATION ST 160 BARRINGTON IL 60010,60010
100 E STATION ST 170 BARRINGTON IL 60010,60010
100 E STATION ST 204 BARRINGTON IL 60010,60010
100 E STATION ST 208 BARRINGTON IL 60010,60010
100 E STATION ST 212 BARRINGTON IL 60010,60010
100 E STATION ST 216 BARRINGTON IL 60010,60010
100 E STATION ST 220 BARRINGTON IL 60010,60010
100 E STATION ST 224 BARRINGTON IL 60010,60010
100 E STATION ST 228 BARRINGTON IL 60010,60010
100 E STATION ST 232 BARRINGTON IL 60010,60010
100 E STATION ST 236 BARRINGTON IL 60010,60010
100 E STATION ST 240 BARRINGTON IL 60010,60010
100 E STATION ST 304 BARRINGTON IL 60010,60010
100 E STATION ST 308 BARRINGTON IL 60010,60010
100 E STATION ST 312 BARRINGTON IL 60010,60010
100 E STATION ST 316 BARRINGTON IL 60010,60010
100 E STATION ST 320 BARRINGTON IL 60010,60010
100 E STATION ST 324 BARRINGTON IL 60010,60010
100 E STATION ST 328 BARRINGTON IL 60010,60010
100 E STATION ST 332 BARRINGTON IL 60010,60010
100 E STATION ST 334 BARRINGTON IL 60010,60010
100 E STATION ST 336 BARRINGTON IL 60010,60010
100 E STATION ST 340 BARRINGTON IL 60010,60010
105 S COOK ST BARRINGTON IL 60010,60010
113 S COOK ST BARRINGTON IL 60010,60010
117 S COOK ST BARRINGTON IL 60010,60010
119 S COOK ST BARRINGTON IL 60010,60010
207 PARK AVE BARRINGTON IL 60010,60010
209 PARK AVE BARRINGTON IL 60010,60010
213 PARK AVE BARRINGTON IL 60010,60010
219 PARK AVE BARRINGTON IL 60010,60010
237 E MAIN ST BARRINGTON IL 60010,60010
257 W MAIN ST BARRINGTON IL 60010,60010
301 W MAIN ST BARRINGTON IL 60010,60010
303 E MAIN ST BARRINGTON IL 60010,60010
311 E MAIN ST BARRINGTON IL 60010,60010
311 E MAIN ST BARRINGTON IL 60010,60010
126 W MAIN ST BARRINGTON IL 60010,60010
126 W MAIN ST BARRINGTON IL 60010,60010
200 S COOK ST BARRINGTON IL 60010,60010
200 S COOK ST BARRINGTON IL 60010,60010
208 S COOK ST BARRINGTON IL 60010,60010
210 S COOK ST BARRINGTON IL 60010,60010
220 S COOK ST BARRINGTON IL 60010,60010
222 S COOK ST BARRINGTON IL 60010,60010
201 S HOUGH ST BARRINGTON IL 60010,60010
201 S COOK ST BARRINGTON IL 60010,60010
205 S COOK ST BARRINGTON IL 60010,60010
207 S COOK ST BARRINGTON IL 60010,60010
207 S COOK ST BARRINGTON IL 60010,60010
209 W STATION ST BARRINGTON IL 60010,60010
210 W STATION ST BARRINGTON IL 60010,60010
209 W STATION ST BARRINGTON IL 60010,60010
213 W STATION ST BARRINGTON IL 60010,60010
213 S GROVE AVE BARRINGTON IL 60010,60010
215 S COOK ST BARRINGTON IL 60010,60010
202 E LAKE ST BARRINGTON IL 60010,60010
208 E LAKE ST BARRINGTON IL 60010,60010
205 S GROVE AVE BARRINGTON IL 60010,60010
219 S GROVE AVE BARRINGTON IL 60010,60010
104 S GROVE AVE BARRINGTON IL 60010,60010
205 S GROVE AVE BARRINGTON IL 60010,60010
201 S GROVE AVE BARRINGTON IL 60010,60010
104 S COOK ST BARRINGTON IL 60010,60010
249 LAKE ST BARRINGTON IL 60010,60010
245 W LAKE ST BARRINGTON IL 60010,60010
239 W LAKE ST BARRINGTON IL 60010,60010
233 W LAKE ST BARRINGTON IL 60010,60010
227 W LAKE ST BARRINGTON IL 60010,60010
217 W LAKE ST BARRINGTON IL 60010,60010
213 W LAKE ST BARRINGTON IL 60010,60010
209 W LAKE ST BARRINGTON IL 60010,60010
135 W LAKE ST BARRINGTON IL 60010,60010
125 W LAKE ST BARRINGTON IL 60010,60010
121 W LAKE ST BARRINGTON IL 60010,60010
248 W LINCOLN AVE BARRINGTON IL 60010,60010
244 W LINCOLN AVE BARRINGTON IL 60010,60010
238 W LINCOLN AVE BARRINGTON IL 60010,60010
234 W LINCOLN AVE BARRINGTON IL 60010,60010
228 W LINCOLN AVE BARRINGTON IL 60010,60010
222 W LINCOLN AVE BARRINGTON IL 60010,60010
212 W LINCOLN AVE BARRINGTON IL 60010,60010
204 W LINCOLN AVE BARRINGTON IL 60010,60010
200 W LINCOLN AVE BARRINGTON IL 60010,60010
310 S HOUGH ST BARRINGTON IL 60010,60010
140 W LINCOLN AVE BARRINGTON IL 60010,60010
138 W LINCOLN AVE BARRINGTON IL 60010,60010
132 W LINCOLN AVE BARRINGTON IL 60010,60010
201 W LAKE ST BARRINGTON IL 60010,60010
141 W LAKE ST BARRINGTON 60010,60010
141 W LAKE ST BARRINGTON 60010,60010
303 S HOUGH ST BARRINGTON IL 60010,60010
311 S HOUGH ST BARRINGTON IL 60010,60010
311 S HOUGH ST BARRINGTON IL 60010,60010
311 S HOUGH ST BARRINGTON IL 60010,60010
300 S COOK ST BARRINGTON IL 60010,60010
308 S COOK ST BARRINGTON IL 60010,60010
312 S COOK ST BARRINGTON IL 60010,60010
316 S COOK ST BARRINGTON IL 60010,60010
305 S COOK ST BARRINGTON IL 60010,60010
312 S GROVE AVE BARRINGTON IL 60010,60010
316 S GROVE AVE BARRINGTON IL 60010,60010
300 S GROVE AVE BARRINGTON IL 60010,60010
308 S GROVE AVE BARRINGTON IL 60010,60010
319 S COOK ST BARRINGTON IL 60010,60010
309 S COOK ST BARRINGTON IL 60010,60010
303 GROVE AVE BARRINGTON IL 60010,60010
309 GROVE AVE BARRINGTON IL 60010,60010
313 GROVE AVE BARRINGTON IL 60010,60010
319 GROVE AVE BARRINGTON IL 60010,60010
312 E LINCOLN AVE BARRINGTON IL 60010,60010
316 E LINCOLN AVE BARRINGTON IL 60010,60010
323 E LAKE ST BARRINGTON IL 60010,60010
317 E LAKE ST BARRINGTON IL 60010,60010
304 N SUMMIT AVE BARRINGTON IL 60010,60010
330 E LINCOLN AVE BARRINGTON IL 60010,60010
206 S HOUGH ST BARRINGTON IL 60010,60010
206 S HOUGH ST BARRINGTON IL 60010,60010
247 W LINCOLN AVE BARRINGTON IL 60010,60010
245 W LINCOLN AVE BARRINGTON IL 60010,60010
239 W LINCOLN AVE BARRINGTON IL 60010,60010
235 W LINCOLN AVE BARRINGTON IL 60010,60010
229 W LINCOLN AVE BARRINGTON IL 60010,60010
223 W LINCOLN AVE BARRINGTON IL 60010,60010
217 W LINCOLN AVE BARRINGTON IL 60010,60010
213 W LINCOLN AVE BARRINGTON IL 60010,60010
209 W LINCOLN AVE BARRINGTON IL 60010,60010
203 W LINCOLN AVE BARRINGTON IL 60010,60010
248 W RUSSELL ST BARRINGTON IL 60010,60010
244 W RUSSELL ST BARRINGTON IL 60010,60010
238 W RUSSELL ST BARRINGTON IL 60010,60010
234 W RUSSELL ST BARRINGTON IL 60010,60010
218 W RUSSELL ST BARRINGTON IL 60010,60010
212 W RUSSELL ST BARRINGTON IL 60010,60010
206 W RUSSELL ST BARRINGTON IL 60010,60010
200 W RUSSELL ST BARRINGTON IL 60010,60010
228 W RUSSELL ST BARRINGTON IL 60010,60010
141 W LINCOLN AVE BARRINGTON IL 60010,60010
137 W LINCOLN AVE BARRINGTON IL 60010,60010
140 W RUSSELL ST BARRINGTON IL 60010,60010
134 W RUSSELL ST BARRINGTON IL 60010,60010
414 S HOUGH ST BARRINGTON IL 60010,60010
418 S HOUGH ST BARRINGTON IL 60010,60010
406 S HOUGH ST BARRINGTON IL 60010,60010
408 S HOUGH ST BARRINGTON IL 60010,60010
133 W LINCOLN AVE BARRINGTON IL 60010,60010
130 W RUSSELL ST BARRINGTON IL 60010,60010
124 W RUSSELL ST BARRINGTON IL 60010,60010
115 W LINCOLN AVE BARRINGTON IL 60010,60010
127 W LINCOLN AVE BARRINGTON IL 60010,60010
403 S HOUGH ST BARRINGTON IL 60010,60010
115 E LINCOLN AVE BARRINGTON IL 60010,60010
400 S COOK ST BARRINGTON IL 60010,60010
407 S HOUGH ST BARRINGTON IL 60010,60010
406 S COOK ST BARRINGTON IL 60010,60010
413 S HOUGH ST BARRINGTON IL 60010,60010
412 S COOK ST BARRINGTON IL 60010,60010
417 S HOUGH ST BARRINGTON IL 60010,60010
106 E RUSSELL ST BARRINGTON IL 60010,60010
112 E RUSSELL ST BARRINGTON IL 60010,60010
418 S COOK ST BARRINGTON IL 60010,60010
401 S COOK ST BARRINGTON IL 60010,60010
400 S GROVE AVE BARRINGTON IL 60010,60010
407 S COOK ST BARRINGTON IL 60010,60010
400 S GROVE AVE BARRINGTON IL 60010,60010
413 S COOK ST BARRINGTON IL 60010,60010
417 S COOK ST BARRINGTON IL 60010,60010
416 GROVE AVE BARRINGTON IL 60010,60010
410 GROVE AVE BARRINGTON IL 60010,60010
215 E LINCOLN ST BARRINGTON 60010,60010
301 E LINCOLN AVE BARRINGTON IL 60010,60010
301 E LINCOLN AVE BARRINGTON IL 60010,60010
317 E LINCOLN AVE BARRINGTON 60010,60010
417 S GROVE AVE BARRINGTON IL 60010,60010
301 E LINCOLN AVE BARRINGTON IL 60010,60010
301 E LINCOLN AVE BARRINGTON IL 60010,60010
411 GROVE AVE BARRINGTON IL 60010,60010
325 E LINCOLN AVE BARRINGTON IL 60010,60010
331 E LINCOLN AVE BARRINGTON IL 60010,60010
339 E LINCOLN AVE BARRINGTON IL 60010,60010
409 S SPRING DR BARRINGTON IL 60010,60010
206 S HOUGH ST BARRINGTON IL 60010,60010
330 E RUSSELL ST BARRINGTON IL 60010,60010
336 E RUSSELL ST 1ST BARRINGTON IL 60010,60010
342 E RUSSELL ST BARRINGTON IL 60010,60010
416 S SUMMIT ST BARRINGTON IL 60010,60010
341 E LINCOLN AVE BARRINGTON IL 60010,60010
343 E LINCOLN AVE BARRINGTON IL 60010,60010
249 W RUSSELL ST BARRINGTON IL 60010,60010
245 W RUSSELL ST BARRINGTON IL 60010,60010
239 W RUSSELL ST BARRINGTON IL 60010,60010
233 W RUSSELL ST BARRINGTON IL 60010,60010
227 W RUSSELL ST BARRINGTON IL 60010,60010
223 W RUSSELL ST BARRINGTON IL 60010,60010
219 W RUSSELL ST BARRINGTON IL 60010,60010
213 W RUSSELL ST BARRINGTON IL 60010,60010
207 W RUSSELL ST BARRINGTON IL 60010,60010
201 W RUSSELL ST BARRINGTON IL 60010,60010
238 COOLIDGE AVE BARRINGTON IL 60010,60010
234 COOLIDGE AVE BARRINGTON IL 60010,60010
230 COOLIDGE AVE BARRINGTON IL 60010,60010
226 COOLIDGE AVE BARRINGTON IL 60010,60010
218 COOLIDGE AVE BARRINGTON IL 60010,60010
212 COOLIDGE AVE BARRINGTON IL 60010,60010
206 COOLIDGE AVE BARRINGTON IL 60010,60010
200 COOLIDGE AVE BARRINGTON IL 60010,60010
250 COOLIDGE AVE BARRINGTON IL 60010,60010
244 COOLIDGE AVE BARRINGTON IL 60010,60010
139 W RUSSELL ST BARRINGTON IL 60010,60010
135 W RUSSELL ST BARRINGTON IL 60010,60010
131 W RUSSELL ST BARRINGTON IL 60010,60010
125 W RUSSELL ST BARRINGTON IL 60010,60010
119 W RUSSELL ST BARRINGTON IL 60010,60010
111 W RUSSELL ST BARRINGTON IL 60010,60010
136 COOLIDGE AVE BARRINGTON IL 60010,60010
132 COOLIDGE AVE BARRINGTON IL 60010,60010
128 COOLIDGE AVE BARRINGTON IL 60010,60010
124 COOLIDGE AVE BARRINGTON IL 60010,60010
120 COOLIDGE AVE BARRINGTON IL 60010,60010
116 COOLIDGE AVE BARRINGTON IL 60010,60010
110 COOLIDGE AVE BARRINGTON IL 60010,60010
139 W RUSSELL ST BARRINGTON IL 60010,60010
506 S HOUGH ST BARRINGTON IL 60010,60010
512 S HOUGH ST 1 BARRINGTON IL 60010,60010
502 S HOUGH ST BARRINGTON IL 60010,60010
506 S HOUGH ST BARRINGTON IL 60010,60010
419 LILL ST BARRINGTON IL 60010,60010
136 COOLIDGE AVE BARRINGTON IL 60010,60010
239 COOLIDGE AVE BARRINGTON IL 60010,60010
235 COOLIDGE AVE BARRINGTON IL 60010,60010
231 COOLIDGE AVE BARRINGTON IL 60010,60010
227 COOLIDGE AVE BARRINGTON IL 60010,60010
225 COOLIDGE AVE BARRINGTON IL 60010,60010
221 COOLIDGE AVE BARRINGTON IL 60010,60010
215 COOLIDGE AVE BARRINGTON IL 60010,60010
209 COOLIDGE AVE BARRINGTON IL 60010,60010
201 COOLIDGE AVE BARRINGTON IL 60010,60010
250 MONUMENT AVE BARRINGTON IL 60010,60010
250 MONUMENT AVE BARRINGTON IL 60010,60010
222 MONUMENT AVE BARRINGTON IL 60010,60010
216 MONUMENT AVE BARRINGTON IL 60010,60010
204 MONUMENT AVE BARRINGTON IL 60010,60010
247 COOLIDGE AVE BARRINGTON IL 60010,60010
205 COOLIDGE AVE BARRINGTON IL 60010,60010
534 LILL ST BARRINGTON IL 60010,60010
242 MONUMENT AVE BARRINGTON IL 60010,60010
236 MONUMENT AVE BARRINGTON IL 60010,60010
228 MONUMENT AVE BARRINGTON IL 60010,60010
141 COOLIDGE AVE BARRINGTON IL 60010,60010
135 COOLIDGE AVE BARRINGTON IL 60010,60010
129 COOLIDGE AVE BARRINGTON IL 60010,60010
123 COOLIDGE AVE BARRINGTON IL 60010,60010
119 COOLIDGE AVE BARRINGTON IL 60010,60010
115 COOLIDGE AVE BARRINGTON IL 60010,60010
522 S HOUGH ST BARRINGTON IL 60010,60010
536 S HOUGH ST BARRINGTON IL 60010,60010
540 S HOUGH ST BARRINGTON IL 60010,60010
534 LILL ST BARRINGTON IL 60010,60010
540 LILL ST BARRINGTON IL 60010,60010
535 LILL ST BARRINGTON IL 60010,60010
539 LILL ST BARRINGTON IL 60010,60010
545 LILL ST BARRINGTON IL 60010,60010
540 LILL ST BARRINGTON IL 60010,60010
540 LILL ST BARRINGTON IL 60010,60010
140 MONUMENT AVE BARRINGTON IL 60010,60010
130 MONUMENT AVE BARRINGTON IL 60010,60010
120 MONUMENT AVE BARRINGTON IL 60010,60010
530 S HOUGH ST BARRINGTON IL 60010,60010
115 COOLIDGE AVE BARRINGTON IL 60010,60010
546 S HOUGH ST BARRINGTON IL 60010,60010
546 S HOUGH ST BARRINGTON IL 60010,60010
648 S HOUGH ST BARRINGTON IL 60010,60010
652 S HOUGH ST BARRINGTON IL 60010,60010
222 W HILLSIDE AVE BARRINGTON IL 60010,60010
602 S HOUGH ST BARRINGTON IL 60010,60010
245 STURTZ ST BARRINGTON IL 60010,60010
643 DUNDEE AVE BARRINGTON IL 60010,60010
243 W HILLSIDE AVE BARRINGTON IL 60010,60010
230 W HILLSIDE AVE BARRINGTON IL 60010,60010
218 W HILLSIDE AVE BARRINGTON IL 60010,60010
214 W HILLSIDE AVE BARRINGTON IL 60010,60010
208 W HILLSIDE AVE BARRINGTON IL 60010,60010
202 W HILLSIDE AVE BARRINGTON IL 60010,60010
140 W HILLSIDE AVE BARRINGTON IL 60010,60010
134 W HILLSIDE AVE BARRINGTON IL 60010,60010
128 W HILLSIDE AVE BARRINGTON IL 60010,60010
124 W HILLSIDE AVE BARRINGTON IL 60010,60010
120 W HILLSIDE AVE BARRINGTON IL 60010,60010
116 W HILLSIDE AVE BARRINGTON IL 60010,60010
102 W HILLSIDE AVE BARRINGTON IL 60010,60010
245 MONUMENT AVE BARRINGTON IL 60010,60010
609 DUNDEE AVE BARRINGTON IL 60010,60010
615 DUNDEE AVE BARRINGTON IL 60010,60010
621 DUNDEE AVE BARRINGTON IL 60010,60010
627 DUNDEE AVE BARRINGTON IL 60010,60010
239 MONUMENT AVE BARRINGTON IL 60010,60010
233 MONUMENT AVE BARRINGTON IL 60010,60010
227 MONUMENT AVE BARRINGTON IL 60010,60010
221 MONUMENT AVE BARRINGTON IL 60010,60010
215 MONUMENT AVE BARRINGTON IL 60010,60010
209 MONUMENT AVE BARRINGTON IL 60010,60010
604 LILL ST BARRINGTON IL 60010,60010
238 STURTZ ST BARRINGTON IL 60010,60010
232 STURTZ ST BARRINGTON IL 60010,60010
226 STURTZ ST BARRINGTON IL 60010,60010
220 STURTZ ST BARRINGTON IL 60010,60010
214 STURTZ ST BARRINGTON IL 60010,60010
208 STURTZ ST BARRINGTON IL 60010,60010
626 LILL ST BARRINGTON IL 60010,60010
605 LILL ST BARRINGTON IL 60010,60010
141 MONUMENT AVE BARRINGTON IL 60010,60010
135 MONUMENT AVE BARRINGTON IL 60010,60010
129 MONUMENT AVE BARRINGTON IL 60010,60010
123 MONUMENT AVE BARRINGTON IL 60010,60010
117 MONUMENT AVE BARRINGTON IL 60010,60010
625 LILL ST BARRINGTON IL 60010,60010
140 STURTZ ST BARRINGTON IL 60010,60010
134 STURTZ ST BARRINGTON IL 60010,60010
128 STURTZ ST BARRINGTON IL 60010,60010
122 STURTZ ST BARRINGTON IL 60010,60010
116 STURTZ ST BARRINGTON IL 60010,60010
239 STURTZ ST BARRINGTON IL 60010,60010
233 STURTZ ST BARRINGTON IL 60010,60010
227 STURTZ ST BARRINGTON IL 60010,60010
221 STURTZ ST BARRINGTON IL 60010,60010
215 STURTZ ST BARRINGTON IL 60010,60010
209 STURTZ ST BARRINGTON IL 60010,60010
636 LILL ST BARRINGTON IL 60010,60010
637 LILL ST BARRINGTON IL 60010,60010
141 STURTZ ST BARRINGTON IL 60010,60010
135 STURTZ ST BARRINGTON IL 60010,60010
129 STURTZ ST BARRINGTON IL 60010,60010
123 STURTZ ST BARRINGTON IL 60010,60010
117 STURTZ ST BARRINGTON IL 60010,60010
647 DUNDEE AVE BARRINGTON IL 60010,60010
236 W HILLSIDE AVE BARRINGTON IL 60010,60010
638 S HOUGH ST BARRINGTON IL 60010,60010
113 STURTZ ST BARRINGTON IL 60010,60010
620 S HOUGH ST A BARRINGTON IL 60010,60010
620 S HOUGH ST B BARRINGTON IL 60010,60010
620 S HOUGH ST C BARRINGTON IL 60010,60010
620 S HOUGH ST D BARRINGTON IL 60010,60010
620 S HOUGH ST E BARRINGTON IL 60010,60010
620 S HOUGH ST F BARRINGTON IL 60010,60010
620 S HOUGH ST G BARRINGTON IL 60010,60010
620 S HOUGH ST H BARRINGTON IL 60010,60010
620 S HOUGH ST I BARRINGTON IL 60010,60010
620 S HOUGH ST J BARRINGTON IL 60010,60010
620 S HOUGH ST K BARRINGTON IL 60010,60010
620 S HOUGH ST L BARRINGTON IL 60010,60010
640 S HOUGH ST 640 BARRINGTON IL 60010,60010
642 S HOUGH ST 642 BARRINGTON IL 60010,60010
507 S HOUGH ST BARRINGTON IL 60010,60010
507 S HOUGH ST BARRINGTON IL 60010,60010
515 S HOUGH ST BARRINGTON IL 60010,60010
541 S HOUGH ST BARRINGTON IL 60010,60010
547 S HOUGH ST BARRINGTON IL 60010,60010
615 S HOUGH ST BARRINGTON IL 60010,60010
619 S HOUGH ST BARRINGTON IL 60010,60010
500 S COOK ST BARRINGTON IL 60010,60010
508 S COOK ST BARRINGTON IL 60010,60010
516 S COOK ST BARRINGTON IL 60010,60010
528 S COOK ST BARRINGTON IL 60010,60010
540 S COOK ST BARRINGTON IL 60010,60010
546 S COOK ST BARRINGTON IL 60010,60010
610 S COOK ST HSE BARRINGTON IL 60010,60010
614 S COOK ST BARRINGTON IL 60010,60010
652 S COOK ST BARRINGTON IL 60010,60010
521 S HOUGH ST BARRINGTON IL 60010,60010
522 S COOK ST BARRINGTON IL 60010,60010
112 E HILLSIDE AVE BARRINGTON IL 60010,60010
118 E HILLSIDE AVE BARRINGTON IL 60010,60010
627 S HOUGH ST BARRINGTON IL 60010,60010
618 S COOK ST BARRINGTON IL 60010,60010
628 S COOK ST BARRINGTON IL 60010,60010
634 S COOK ST BARRINGTON IL 60010,60010
640 S COOK ST BARRINGTON IL 60010,60010
644 S COOK ST BARRINGTON IL 60010,60010
648 S COOK ST BARRINGTON IL 60010,60010
534 S COOK ST BARRINGTON IL 60010,60010
100 E HILLSIDE AVE BARRINGTON IL 60010,60010
108 E HILLSIDE AVE BARRINGTON IL 60010,60010
529 S HOUGH ST BARRINGTON IL 60010,60010
541 S HOUGH ST BARRINGTON IL 60010,60010
633 S HOUGH ST BARRINGTON IL 60010,60010
639 S HOUGH ST BARRINGTON IL 60010,60010
603 S HOUGH ST BARRINGTON IL 60010,60010
606 S COOK ST BARRINGTON IL 60010,60010
606 S COOK ST BARRINGTON IL 60010,60010
604 S COOK ST BARRINGTON IL 60010,60010
647 S HOUGH ST BARRINGTON IL 60010,60010
645 S HOUGH ST BARRINGTON IL 60010,60010
501 S COOK ST BARRINGTON IL 60010,60010
211 E RUSSELL ST BARRINGTON IL 60010,60010
502 S GROVE AVE BARRINGTON IL 60010,60010
505 S COOK ST BARRINGTON IL 60010,60010
515 S COOK ST BARRINGTON IL 60010,60010
517 S COOK ST BARRINGTON IL 60010,60010
523 S COOK ST BARRINGTON IL 60010,60010
529 S COOK ST BARRINGTON IL 60010,60010
535 S COOK ST BARRINGTON IL 60010,60010
539 S COOK ST BARRINGTON IL 60010,60010
545 S COOK ST BARRINGTON IL 60010,60010
549 S COOK ST BARRINGTON IL 60010,60010
603 S COOK ST BARRINGTON IL 60010,60010
615 S COOK ST BARRINGTON IL 60010,60010
619 S COOK ST BARRINGTON IL 60010,60010
631 S COOK ST BARRINGTON IL 60010,60010
635 S COOK ST BARRINGTON IL 60010,60010
506 S GROVE AVE BARRINGTON IL 60010,60010
512 S GROVE AVE BARRINGTON IL 60010,60010
516 S GROVE AVE BARRINGTON IL 60010,60010
528 S GROVE AVE BARRINGTON IL 60010,60010
532 S GROVE AVE BARRINGTON IL 60010,60010
536 S GROVE AVE BARRINGTON IL 60010,60010
542 S GROVE AVE BARRINGTON IL 60010,60010
548 S GROVE AVE BARRINGTON IL 60010,60010
602 S GROVE AVE BARRINGTON IL 60010,60010
608 S GROVE AVE BARRINGTON IL 60010,60010
614 S GROVE AVE BARRINGTON IL 60010,60010
616 S GROVE AVE BARRINGTON IL 60010,60010
622 S GROVE AVE BARRINGTON IL 60010,60010
628 S GROVE AVE BARRINGTON IL 60010,60010
634 S GROVE AVE BARRINGTON IL 60010,60010
212 E HILLSIDE AVE BARRINGTON IL 60010,60010
220 E HILLSIDE AVE BARRINGTON IL 60010,60010
520 S GROVE AVE BARRINGTON IL 60010,60010
526 S GROVE AVE BARRINGTON IL 60010,60010
603 S COOK ST BARRINGTON IL 60010,60010
609 S COOK ST BARRINGTON IL 60010,60010
202 E HILLSIDE AVE BARRINGTON IL 60010,60010
206 E HILLSIDE AVE BARRINGTON IL 60010,60010
643 S COOK ST BARRINGTON IL 60010,60010
647 S COOK ST BARRINGTON IL 60010,60010
640 S GROVE AVE BARRINGTON IL 60010,60010
644 S GROVE AVE BARRINGTON IL 60010,60010
650 S GROVE AVE BARRINGTON IL 60010,60010
625 S COOK ST BARRINGTON IL 60010,60010
503 S GROVE AVE BARRINGTON IL 60010,60010
503 S GROVE AVE BARRINGTON IL 60010,60010
507 S GROVE AVE BARRINGTON IL 60010,60010
539 S GROVE AVE BARRINGTON IL 60010,60010
545 S GROVE AVE BARRINGTON IL 60010,60010
601 S GROVE AVE BARRINGTON IL 60010,60010
637 S GROVE AVE BARRINGTON IL 60010,60010
643 S GROVE AVE BARRINGTON IL 60010,60010
655 GROVE AVE BARRINGTON IL 60010,60010
302 E HILLSIDE AVE BARRINGTON IL 60010,60010
331 E RUSSELL ST BARRINGTON IL 60010,60010
335 E RUSSELL ST BARRINGTON IL 60010,60010
339 E RUSSELL ST BARRINGTON IL 60010,60010
341 E RUSSELL ST BARRINGTON IL 60010,60010
345 E RUSSELL ST BARRINGTON IL 60010,60010
510 SUMMIT ST BARRINGTON IL 60010,60010
510 SUMMIT ST BARRINGTON IL 60010,60010
514 SUMMIT ST BARRINGTON IL 60010,60010
518 SUMMIT ST BARRINGTON IL 60010,60010
522 SUMMIT ST BARRINGTON IL 60010,60010
526 SUMMIT ST BARRINGTON IL 60010,60010
536 SUMMIT ST BARRINGTON IL 60010,60010
536 SUMMIT ST BARRINGTON IL 60010,60010
540 SUMMIT ST BARRINGTON IL 60010,60010
560 SUMMIT ST BARRINGTON IL 60010,60010
604 SUMMIT ST BARRINGTON IL 60010,60010
614 SUMMIT ST BARRINGTON IL 60010,60010
618 SUMMIT ST BARRINGTON IL 60010,60010
622 SUMMIT ST BARRINGTON IL 60010,60010
628 SUMMIT ST BARRINGTON IL 60010,60010
344 E HILLSIDE AVE BARRINGTON IL 60010,60010
631 S GROVE AVE BARRINGTON IL 60010,60010
540 SUMMIT ST BARRINGTON IL 60010,60010
609 GROVE AVE BARRINGTON IL 60010,60010
564 SUMMIT ST BARRINGTON IL 60010,60010
604 SUMMIT ST BARRINGTON IL 60010,60010
610 SUMMIT ST BARRINGTON IL 60010,60010
615 S GROVE AVE BARRINGTON IL 60010,60010
621 S GROVE AVE BARRINGTON IL 60010,60010
625 S GROVE AVE BARRINGTON IL 60010,60010
312 E HILLSIDE AVE BARRINGTON IL 60010,60010
318 E HILLSIDE AVE BARRINGTON IL 60010,60010
322 E HILLSIDE AVE BARRINGTON IL 60010,60010
517 GROVE AVE BARRINGTON IL 60010,60010
517 GROVE AVE BARRINGTON IL 60010,60010
328 E HILLSIDE AVE BARRINGTON IL 60010,60010
336 E HILLSIDE AVE BARRINGTON IL 60010,60010
344 E HILLSIDE AVE BARRINGTON IL 60010,60010
560 SUMMIT ST BARRINGTON IL 60010,60010
548 SUMMIT ST BARRINGTON IL 60010,60010
336 E HILLSIDE AVE BARRINGTON IL 60010,60010
344 E HILLSIDE AVE BARRINGTON IL 60010,60010
513 GROVE AVE BARRINGTON IL 60010,60010
513 GROVE AVE BARRINGTON IL 60010,60010
513 GROVE AVE BARRINGTON IL 60010,60010
525 GROVE ST BARRINGTON IL 60010,60010
533 GROVE ST BARRINGTON IL 60010,60010
649 GROVE ST BARRINGTON IL 60010,60010
600 SUMMIT ST BARRINGTON IL 60010,60010
325 E MAIN ST BARRINGTON IL 60010,60010
407 E MAIN ST BARRINGTON IL 60010,60010
327 E MAIN ST BARRINGTON IL 60010,60010
413 E MAIN ST BARRINGTON IL 60010,60010
112 WOOL ST BARRINGTON IL 60010,60010
206 S HOUGH ST BARRINGTON IL 60010,60010
206 S HOUGH ST BARRINGTON IL 60010,60010
206 S HOUGH ST BARRINGTON IL 60010,60010
126 W MAIN ST BARRINGTON IL 60010,60010
126 W MAIN ST BARRINGTON IL 60010,60010
422 E RUSSELL ST BARRINGTON IL 60010,60010
421 E MAIN ST BARRINGTON IL 60010,60010
206 S HOUGH ST BARRINGTON IL 60010,60010
206 S HOUGH ST BARRINGTON IL 60010,60010
126 W MAIN ST BARRINGTON IL 60010,60010
445 E MAIN ST BARRINGTON IL 60010,60010
108 S NORTHWEST HWY BARRINGTON IL 60010,60010
120 S NORTHWEST HWY BARRINGTON IL 60010,60010
134 S NORTHWEST HWY BARRINGTON IL 60010,60010
127 S NORTHWEST HWY BARRINGTON IL 60010,60010
132 S NORTHWEST HWY BARRINGTON IL 60010,60010
148 S NORTHWEST HWY BARRINGTON IL 60010,60010
148 S NORTHWEST HWY BARRINGTON IL 60010,60010
168 S NORTHWEST HWY BARRINGTON IL 60010,60010
168 S NORTHWEST HWY BARRINGTON IL 60010,60010
206 S NORTHWEST HWY BARRINGTON IL 60010,60010
502 E RUSSELL ST BARRINGTON IL 60010,60010
506 E RUSSELL ST BARRINGTON IL 60010,60010
126 W MAIN ST BARRINGTON IL 60010,60010
327 W STATION ST BARRINGTON IL 60010,60010
120 S NORTHWEST HWY BARRINGTON IL 60010,60010
412 E RUSSELL ST BARRINGTON IL 60010,60010
418 E RUSSELL ST BARRINGTON IL 60010,60010
327 W STATION ST BARRINGTON IL 60010,60010
415 S SUMMIT ST BARRINGTON IL 60010,60010
406 E RUSSELL ST BARRINGTON IL 60010,60010
126 W MAIN ST BARRINGTON IL 60010,60010
126 S NORTHWEST HWY BARRINGTON IL 60010,60010
130 S NORTHWEST HWY BARRINGTON IL 60010,60010
510 E RUSSELL ST BARRINGTON IL 60010,60010
512 E RUSSELL ST BARRINGTON IL 60010,60010
514 E RUSSELL ST BARRINGTON IL 60010,60010
516 E RUSSELL ST BARRINGTON IL 60010,60010
518 E RUSSELL ST BARRINGTON IL 60010,60010
445 E MAIN ST BARRINGTON IL 60010,60010
126 S NORTHWEST HWY BARRINGTON IL 60010,60010
126 S NORTHWEST HWY BARRINGTON IL 60010,60010
216 S NORTHWEST HWY BARRINGTON IL 60010,60010
222 S NORTHWEST HWY BARRINGTON IL 60010,60010
401 SUMMIT ST BARRINGTON IL 60010,60010
426 E RUSSELL ST BARRINGTON IL 60010,60010
118 WOOL ST BARRINGTON IL 60010,60010
421 E MAIN ST BARRINGTON IL 60010,60010
515 E MAIN ST BARRINGTON IL 60010,60010
519 E MAIN ST BARRINGTON IL 60010,60010
215 S NORTHWEST HWY BARRINGTON IL 60010,60010
215 S NORTHWEST HWY BARRINGTON IL 60010,60010
215 S NORTHWEST HWY BARRINGTON IL 60010,60010
215 S NORTHWEST HWY BARRINGTON IL 60010,60010
215 S NORTHWEST HWY BARRINGTON IL 60010,60010
215 S NORTHWEST HWY BARRINGTON IL 60010,60010
114 WALTON ST BARRINGTON IL 60010,60010
116 WALTON ST BARRINGTON IL 60010,60010
120 WALTON ST BARRINGTON IL 60010,60010
124 WALTON ST BARRINGTON IL 60010,60010
132 WALTON ST BARRINGTON IL 60010,60010
520 S NORTHWEST HWY BARRINGTON IL 60010,60010
152 WALTON ST BARRINGTON IL 60010,60010
204 WALTON ST BARRINGTON IL 60010,60010
134 WALTON ST BARRINGTON IL 60010,60010
136 WALTON ST BARRINGTON IL 60010,60010
181 S NORTHWEST HWY BARRINGTON IL 60010,60010
508 S NORTHWEST HWY BARRINGTON IL 60010,60010
234 WALTON ST BARRINGTON IL 60010,60010
230 WALTON ST BARRINGTON IL 60010,60010
121 S NORTHWEST HWY BARRINGTON IL 60010,60010
141 S NORTHWEST HWY BARRINGTON IL 60010,60010
103 WALTON ST BARRINGTON IL 60010,60010
609 E MAIN ST BARRINGTON IL 60010,60010
111 WALTON ST BARRINGTON IL 60010,60010
115 WALTON ST BARRINGTON IL 60010,60010
119 WALTON ST BARRINGTON IL 60010,60010
121 WALTON ST BARRINGTON IL 60010,60010
123 WALTON ST BARRINGTON IL 60010,60010
131 WALTON ST BARRINGTON IL 60010,60010
238 GEORGE ST BARRINGTON IL 60010,60010
520 S NORTHWEST HWY BARRINGTON IL 60010,60010
139 WALTON ST BARRINGTON IL 60010,60010
145 WALTON ST BARRINGTON IL 60010,60010
151 WALTON ST BARRINGTON IL 60010,60010
157 WALTON ST BARRINGTON IL 60010,60010
163 WALTON ST BARRINGTON IL 60010,60010
224 GEORGE ST BARRINGTON IL 60010,60010
226 GEORGE ST BARRINGTON IL 60010,60010
228 GEORGE ST BARRINGTON IL 60010,60010
230 GEORGE ST BARRINGTON IL 60010,60010
232 GEORGE ST BARRINGTON IL 60010,60010
234 GEORGE ST BARRINGTON IL 60010,60010
236 GEORGE ST BARRINGTON IL 60010,60010
236 GEORGE ST BARRINGTON IL 60010,60010
236 GEORGE ST BARRINGTON IL 60010,60010
236 GEORGE ST BARRINGTON IL 60010,60010
236 GEORGE ST BARRINGTON IL 60010,60010
200 GEORGE ST BARRINGTON IL 60010,60010
115 GEORGE ST HSE BARRINGTON IL 60010,60010
123 GEORGE ST BARRINGTON IL 60010,60010
125 GEORGE ST BARRINGTON IL 60010,60010
139 GEORGE ST BARRINGTON IL 60010,60010
143 GEORGE ST BARRINGTON IL 60010,60010
147 GEORGE ST BARRINGTON IL 60010,60010
600 WARWICK AVE BARRINGTON IL 60010,60010
114 KAINER AVE BARRINGTON IL 60010,60010
118 KAINER AVE BARRINGTON IL 60010,60010
120 KAINER AVE BARRINGTON IL 60010,60010
130 KAINER AVE BARRINGTON IL 60010,60010
134 KAINER AVE BARRINGTON IL 60010,60010
138 KAINER AVE BARRINGTON IL 60010,60010
142 KAINER AVE BARRINGTON IL 60010,60010
152 KAINER AVE HSE BARRINGTON IL 60010,60010
630 WARWICK AVE BARRINGTON IL 60010,60010
102 KAINER AVE BARRINGTON IL 60010,60010
627 E MAIN ST BARRINGTON IL 60010,60010
621 E MAIN ST BARRINGTON IL 60010,60010
110 KAINER AVE BARRINGTON IL 60010,60010
133 GEORGE BARRINGTON 60010,60010
129 GEORGE ST BARRINGTON 60010,60010
115 KAINER AVE BARRINGTON IL 60010,60010
711 E MAIN ST BARRINGTON IL 60010,60010
715 E MAIN ST BARRINGTON IL 60010,60010
120 S GLENDALE AVE BARRINGTON IL 60010,60010
123 KAINER AVE BARRINGTON IL 60010,60010
129 KAINER AVE BARRINGTON IL 60010,60010
133 KAINER AVE BARRINGTON IL 60010,60010
137 KAINER AVE BARRINGTON IL 60010,60010
141 KAINER AVE BARRINGTON IL 60010,60010
145 KAINER AVE BARRINGTON IL 60010,60010
157 KAINER AVE BARRINGTON IL 60010,60010
122 S GLENDALE AVE BARRINGTON IL 60010,60010
126 S GLENDALE AVE BARRINGTON IL 60010,60010
130 S GLENDALE AVE BARRINGTON IL 60010,60010
134 S GLENDALE AVE BARRINGTON IL 60010,60010
144 S GLENDALE AVE BARRINGTON IL 60010,60010
148 S GLENDALE AVE BARRINGTON IL 60010,60010
125 KAINER AVE BARRINGTON IL 60010,60010
730 WARWICK AVE BARRINGTON IL 60010,60010
720 WARWICK AVE BARRINGTON IL 60010,60010
129 S GLENDALE AVE BARRINGTON IL 60010,60010
808 HARRIET LN BARRINGTON IL 60010,60010
814 HARRIET LN BARRINGTON IL 60010,60010
820 HARRIET LN BARRINGTON IL 60010,60010
826 HARRIET LN BARRINGTON IL 60010,60010
832 HARRIET LN BARRINGTON IL 60010,60010
838 HARRIET LN BARRINGTON IL 60010,60010
803 E MAIN ST BARRINGTON IL 60010,60010
123 S GLENDALE AVE BARRINGTON IL 60010,60010
810 BARRINGTON POINT RD BARRINGTON IL 60010,60010
805 BARRINGTON POINT RD BARRINGTON IL 60010,60010
815 BARRINGTON POINT RD BARRINGTON IL 60010,60010
825 BARRINGTON POINT RD BARRINGTON IL 60010,60010
835 BARRINGTON POINT RD BARRINGTON IL 60010,60010
830 BARRINGTON POINT RD BARRINGTON IL 60010,60010
820 BARRINGTON POINT RD BARRINGTON IL 60010,60010
810 BARRINGTON POINT RD BARRINGTON IL 60010,60010
201 GEORGE ST BARRINGTON IL 60010,60010
207 GEORGE ST BARRINGTON IL 60010,60010
211 GEORGE ST BARRINGTON IL 60010,60010
217 GEORGE ST BARRINGTON IL 60010,60010
219 GEORGE ST BARRINGTON IL 60010,60010
225 GEORGE ST BARRINGTON IL 60010,60010
231 GEORGE ST BARRINGTON IL 60010,60010
233 GEORGE ST BARRINGTON IL 60010,60010
630 S NORTHWEST HWY BARRINGTON IL 60010,60010
642 S NORTHWEST HWY BARRINGTON IL 60010,60010
642 S NORTHWEST HWY BARRINGTON IL 60010,60010
660 S NORTHWEST HWY BARRINGTON IL 60010,60010
635 WARWICK RD BARRINGTON IL 60010,60010
206 KAINER AVE BARRINGTON IL 60010,60010
210 KAINER AVE BARRINGTON IL 60010,60010
224 KAINER AVE BARRINGTON IL 60010,60010
228 KAINER AVE BARRINGTON IL 60010,60010
232 KAINER AVE BARRINGTON IL 60010,60010
238 KAINER AVE BARRINGTON IL 60010,60010
230 KAINER AVE BARRINGTON IL 60010,60010
234 KAINER AVE BARRINGTON IL 60010,60010
703 WARWICK AVE BARRINGTON IL 60010,60010
207 KAINER AVE BARRINGTON IL 60010,60010
211 KAINER AVE BARRINGTON IL 60010,60010
215 KAINER AVE BARRINGTON IL 60010,60010
219 KAINER AVE BARRINGTON IL 60010,60010
223 KAINER AVE BARRINGTON IL 60010,60010
227 KAINER AVE BARRINGTON IL 60010,60010
231 KAINER AVE BARRINGTON IL 60010,60010
711 WARWICK AVE BARRINGTON IL 60010,60010
212 S GLENDALE AVE BARRINGTON IL 60010,60010
218 S GLENDALE AVE BARRINGTON IL 60010,60010
222 S GLENDALE AVE BARRINGTON IL 60010,60010
228 S GLENDALE AVE BARRINGTON IL 60010,60010
234 S GLENDALE AVE BARRINGTON IL 60010,60010
240 S GLENDALE AVE BARRINGTON IL 60010,60010
246 S GLENDALE AVE BARRINGTON IL 60010,60010
203 S GLENDALE AVE BARRINGTON IL 60010,60010
209 S GLENDALE AVE BARRINGTON IL 60010,60010
217 S GLENDALE AVE BARRINGTON IL 60010,60010
235 S GLENDALE AVE BARRINGTON IL 60010,60010
241 S GLENDALE AVE BARRINGTON IL 60010,60010
245 S GLENDALE AVE BARRINGTON IL 60010,60010
825 WARWICK AVE BARRINGTON IL 60010,60010
200 EASTERN AVE BARRINGTON IL 60010,60010
216 EASTERN AVE BARRINGTON IL 60010,60010
220 EASTERN AVE BARRINGTON IL 60010,60010
228 EASTERN AVE BARRINGTON IL 60010,60010
230 EASTERN AVE BARRINGTON IL 60010,60010
232 EASTERN AVE BARRINGTON IL 60010,60010
234 EASTERN AVE BARRINGTON IL 60010,60010
223 S GLENDALE AVE BARRINGTON IL 60010,60010
303 KAINER AVE BARRINGTON IL 60010,60010
716 S NORTHWEST HWY BARRINGTON IL 60010,60010
722 S NORTHWEST HWY BARRINGTON IL 60010,60010
724 S NORTHWEST HWY BARRINGTON IL 60010,60010
726 S NORTHWEST HWY BARRINGTON IL 60010,60010
728 S NORTHWEST HWY BARRINGTON IL 60010,60010
730 S NORTHWEST HWY BARRINGTON IL 60010,60010
715 BRAESIDE AVE BARRINGTON IL 60010,60010
310 S GLENDALE AVE BARRINGTON IL 60010,60010
312 S GLENDALE AVE 312 BARRINGTON IL 60010,60010
314 S GLENDALE AVE 314 BARRINGTON IL 60010,60010
316 S GLENDALE AVE 316 BARRINGTON IL 60010,60010
318 S GLENDALE AVE 318 BARRINGTON IL 60010,60010
303 S GLENDALE AVE BARRINGTON IL 60010,60010
307 S GLENDALE AVE BARRINGTON IL 60010,60010
311 S GLENDALE AVE BARRINGTON IL 60010,60010
315 S GLENDALE AVE BARRINGTON IL 60010,60010
319 S GLENDALE AVE BARRINGTON IL 60010,60010
800 S NORTHWEST HWY BARRINGTON IL 60010,60010
800 S NORTHWEST HWY BARRINGTON IL 60010,60010
800 S NORTHWEST HWY BARRINGTON IL 60010,60010
826 S NORTHWEST HWY BARRINGTON IL 60010,60010
830 S NORTHWEST HWY BARRINGTON IL 60010,60010
306 EASTERN AVE BARRINGTON IL 60010,60010
308 EASTERN AVE BARRINGTON IL 60010,60010
312 EASTERN AVE BARRINGTON IL 60010,60010
316 EASTERN AVE BARRINGTON IL 60010,60010
380 EASTERN AVE BARRINGTON IL 60010,60010
860 S NORTHWEST HWY BARRINGTON IL 60010,60010
820 S NORTHWEST HWY BARRINGTON IL 60010,60010
836 S NORTHWEST HWY BARRINGTON IL 60010,60010
320 EASTERN AVE BARRINGTON IL 60010,60010
322 EASTERN AVE BARRINGTON IL 60010,60010
324 EASTERN AVE BARRINGTON IL 60010,60010
326 EASTERN AVE BARRINGTON IL 60010,60010
328 EASTERN AVE BARRINGTON IL 60010,60010
330 EASTERN AVE BARRINGTON IL 60010,60010
332 EASTERN AVE BARRINGTON IL 60010,60010
334 EASTERN AVE BARRINGTON IL 60010,60010
358 EASTERN AVE BARRINGTON IL 60010,60010
356 EASTERN AVE BARRINGTON IL 60010,60010
354 EASTERN AVE BARRINGTON IL 60010,60010
352 EASTERN AVE BARRINGTON IL 60010,60010
350 EASTERN AVE BARRINGTON IL 60010,60010
348 EASTERN AVE BARRINGTON IL 60010,60010
346 EASTERN AVE BARRINGTON IL 60010,60010
344 EASTERN AVE BARRINGTON IL 60010,60010
342 EASTERN AVE BARRINGTON IL 60010,60010
340 EASTERN AVE BARRINGTON IL 60010,60010
338 EASTERN AVE BARRINGTON IL 60010,60010
336 EASTERN AVE BARRINGTON IL 60010,60010
860 S NORTHWEST HWY BARRINGTON IL 60010,60010
840 S NORTHWEST HWY BARRINGTON IL 60010,60010
403 E RUSSELL ST BARRINGTON IL 60010,60010
427 E RUSSELL ST BARRINGTON IL 60010,60010
508 DIVISION ST BARRINGTON IL 60010,60010
511 S SUMMIT ST BARRINGTON IL 60010,60010
515 S SUMMIT ST BARRINGTON IL 60010,60010
519 SUMMIT ST BARRINGTON IL 60010,60010
523 S SUMMIT ST BARRINGTON IL 60010,60010
529 SUMMIT ST BARRINGTON IL 60010,60010
533 SUMMIT ST BARRINGTON IL 60010,60010
539 S SUMMIT ST BARRINGTON IL 60010,60010
539 S SUMMIT ST BARRINGTON IL 60010,60010
543 S SUMMIT ST BARRINGTON IL 60010,60010
547 S SUMMIT ST BARRINGTON IL 60010,60010
512 DIVISION ST BARRINGTON IL 60010,60010
516 DIVISION ST BARRINGTON IL 60010,60010
520 S DIVISION ST BARRINGTON IL 60010,60010
524 DIVISION ST BARRINGTON IL 60010,60010
538 DIVISION ST BARRINGTON IL 60010,60010
544 S DIVISION ST BARRINGTON IL 60010,60010
548 DIVISION ST BARRINGTON IL 60010,60010
551 SUMMIT ST BARRINGTON IL 60010,60010
555 SUMMIT ST BARRINGTON IL 60010,60010
559 SUMMIT ST BARRINGTON IL 60010,60010
554 DIVISION ST BARRINGTON IL 60010,60010
560 DIVISION ST BARRINGTON IL 60010,60010
424 HILLCREST DR BARRINGTON IL 60010,60010
417 E RUSSELL ST BARRINGTON IL 60010,60010
403 E RUSSELL ST BARRINGTON IL 60010,60010
407 E RUSSELL ST BARRINGTON IL 60010,60010
413 E RUSSELL ST BARRINGTON IL 60010,60010
414 HILLCREST DR BARRINGTON IL 60010,60010
528 DIVISION ST BARRINGTON IL 60010,60010
532 DIVISION ST BARRINGTON IL 60010,60010
503 DIVISION ST BARRINGTON IL 60010,60010
515 DIVISION ST BARRINGTON IL 60010,60010
519 DIVISION ST BARRINGTON IL 60010,60010
525 DIVISION ST BARRINGTON IL 60010,60010
529 DIVISION ST BARRINGTON IL 60010,60010
535 DIVISION ST BARRINGTON IL 60010,60010
539 DIVISION ST BARRINGTON IL 60010,60010
543 DIVISION ST BARRINGTON IL 60010,60010
549 DIVISION ST BARRINGTON IL 60010,60010
502 PRAIRIE AVE BARRINGTON IL 60010,60010
506 PRAIRIE AVE BARRINGTON IL 60010,60010
510 PRAIRIE AVE BARRINGTON IL 60010,60010
514 PRAIRIE AVE BARRINGTON IL 60010,60010
518 PRAIRIE AVE BARRINGTON IL 60010,60010
522 PRAIRIE AVE BARRINGTON IL 60010,60010
526 PRAIRIE AVE BARRINGTON IL 60010,60010
532 PRAIRIE AVE BARRINGTON IL 60010,60010
536 PRAIRIE AVE BARRINGTON IL 60010,60010
540 PRAIRIE AVE BARRINGTON IL 60010,60010
544 PRAIRIE AVE BARRINGTON IL 60010,60010
507 DIVISION ST BARRINGTON IL 60010,60010
511 DIVISION ST BARRINGTON IL 60010,60010
603 SUMMIT ST BARRINGTON IL 60010,60010
607 SUMMIT ST BARRINGTON IL 60010,60010
611 SUMMIT ST BARRINGTON IL 60010,60010
621 SUMMIT ST BARRINGTON IL 60010,60010
627 SUMMIT ST BARRINGTON IL 60010,60010
602 DIVISION ST BARRINGTON IL 60010,60010
606 DIVISION ST BARRINGTON IL 60010,60010
610 DIVISION ST BARRINGTON IL 60010,60010
614 DIVISION ST BARRINGTON IL 60010,60010
624 DIVISION ST BARRINGTON IL 60010,60010
635 SUMMIT ST BARRINGTON IL 60010,60010
404 E HILLSIDE AVE BARRINGTON IL 60010,60010
408 E HILLSIDE AVE BARRINGTON IL 60010,60010
414 E HILLSIDE AVE BARRINGTON IL 60010,60010
424 E HILLSIDE AVE BARRINGTON IL 60010,60010
428 E HILLSIDE AVE BARRINGTON IL 60010,60010
418 E HILLSIDE AVE BARRINGTON IL 60010,60010
617 SUMMIT ST BARRINGTON IL 60010,60010
617 SUMMIT ST BARRINGTON IL 60010,60010
634 DIVISION ST BARRINGTON IL 60010,60010
636 DIVISION ST BARRINGTON IL 60010,60010
559 DIVISION ST BARRINGTON IL 60010,60010
563 DIVISION ST BARRINGTON IL 60010,60010
611 DIVISION ST BARRINGTON IL 60010,60010
615 DIVISION ST BARRINGTON IL 60010,60010
619 DIVISION ST BARRINGTON IL 60010,60010
625 DIVISION ST BARRINGTON IL 60010,60010
629 DIVISION ST BARRINGTON IL 60010,60010
635 S DIVISION ST BARRINGTON IL 60010,60010
602 PRAIRIE AVE BARRINGTON IL 60010,60010
602 PRAIRIE AVE BARRINGTON IL 60010,60010
620 PRAIRIE AVE BARRINGTON IL 60010,60010
624 PRAIRIE AVE BARRINGTON IL 60010,60010
626 PRAIRIE AVE BARRINGTON IL 60010,60010
632 PRAIRIE AVE BARRINGTON IL 60010,60010
639 DIVISION ST BARRINGTON IL 60010,60010
516 E HILLSIDE AVE BARRINGTON IL 60010,60010
640 PRAIRIE AVE BARRINGTON IL 60010,60010
508 E HILLSIDE AVE BARRINGTON IL 60010,60010
610 PRAIRIE AVE BARRINGTON IL 60010,60010
614 PRAIRIE AVE BARRINGTON IL 60010,60010
505 PRAIRIE AVE BARRINGTON IL 60010,60010
509 PRAIRIE AVE BARRINGTON IL 60010,60010
513 PRAIRIE AVE BARRINGTON IL 60010,60010
519 PRAIRIE AVE BARRINGTON IL 60010,60010
529 PRAIRIE AVE BARRINGTON IL 60010,60010
533 PRAIRIE AVE BARRINGTON IL 60010,60010
539 PRAIRIE AVE BARRINGTON IL 60010,60010
610 N HILL DR BARRINGTON IL 60010,60010
601 PRAIRIE AVE BARRINGTON IL 60010,60010
603 PRAIRIE AVE BARRINGTON IL 60010,60010
607 PRAIRIE AVE BARRINGTON IL 60010,60010
611 PRAIRIE AVE BARRINGTON IL 60010,60010
615 PRAIRIE AVE BARRINGTON IL 60010,60010
621 PRAIRIE AVE BARRINGTON IL 60010,60010
625 PRAIRIE AVE BARRINGTON IL 60010,60010
629 PRAIRIE AVE BARRINGTON IL 60010,60010
633 PRAIRIE AVE BARRINGTON IL 60010,60010
600 E HILLSIDE AVE BARRINGTON IL 60010,60010
616 E HILLSIDE AVE BARRINGTON IL 60010,60010
505 CONCORD LN BARRINGTON IL 60010,60010
510 CONCORD LN BARRINGTON IL 60010,60010
520 CONCORD LN BARRINGTON IL 60010,60010
530 CONCORD LN BARRINGTON IL 60010,60010
540 CONCORD LN BARRINGTON IL 60010,60010
618 N HILL DR BARRINGTON IL 60010,60010
612 CONCORD PL BARRINGTON IL 60010,60010
615 N HILL DR BARRINGTON IL 60010,60010
618 CONCORD PL BARRINGTON IL 60010,60010
624 CONCORD PL BARRINGTON IL 60010,60010
630 CONCORD PL BARRINGTON IL 60010,60010
636 CONCORD PL BARRINGTON IL 60010,60010
626 E HILLSIDE AVE BARRINGTON IL 60010,60010
636 E HILLSIDE AVE BARRINGTON IL 60010,60010
642 CONCORD PL BARRINGTON IL 60010,60010
705 CONCORD LN BARRINGTON IL 60010,60010
713 CONCORD LN BARRINGTON IL 60010,60010
729 CONCORD LN BARRINGTON IL 60010,60010
737 CONCORD LN BARRINGTON IL 60010,60010
745 CONCORD LN BARRINGTON IL 60010,60010
753 CONCORD LN BARRINGTON IL 60010,60010
761 CONCORD LN BARRINGTON IL 60010,60010
769 CONCORD LN BARRINGTON IL 60010,60010
634 BRISTOL LN BARRINGTON IL 60010,60010
644 BRISTOL LN BARRINGTON IL 60010,60010
770 E HILLSIDE AVE BARRINGTON IL 60010,60010
762 E HILLSIDE AVE BARRINGTON IL 60010,60010
754 E HILLSIDE AVE BARRINGTON IL 60010,60010
746 E HILLSIDE AVE BARRINGTON IL 60010,60010
625 CONCORD PL BARRINGTON IL 60010,60010
721 CONCORD LN BARRINGTON IL 60010,60010
521 PRAIRIE AVE BARRINGTON IL 60010,60010
525 PRAIRIE AVE BARRINGTON IL 60010,60010
646 E HILLSIDE AVE BARRINGTON IL 60010,60010
640 E HILLSIDE AVE BARRINGTON IL 60010,60010
650 E HILLSIDE AVE BARRINGTON IL 60010,60010
652 E HILLSIDE AVE BARRINGTON IL 60010,60010
654 E HILLSIDE AVE BARRINGTON IL 60010,60010
801 HARRIET LN BARRINGTON IL 60010,60010
807 HARRIET LN BARRINGTON IL 60010,60010
813 HARRIET LN BARRINGTON IL 60010,60010
819 HARRIET LN BARRINGTON IL 60010,60010
825 HARRIET LN BARRINGTON IL 60010,60010
831 HARRIET LN BARRINGTON IL 60010,60010
837 HARRIET LN BARRINGTON IL 60010,60010
147 S GLENDALE AVE BARRINGTON IL 60010,60010
808 WARWICK AVE BARRINGTON IL 60010,60010
814 WARWICK AVE BARRINGTON IL 60010,60010
820 WARWICK AVE BARRINGTON IL 60010,60010
826 WARWICK AVE BARRINGTON IL 60010,60010
830 WARWICK AVE BARRINGTON IL 60010,60010
838 WARWICK AVE BARRINGTON IL 60010,60010
822 BRISTOL DR BARRINGTON IL 60010,60010
710 CONCORD LN BARRINGTON IL 60010,60010
736 CONCORD LN BARRINGTON IL 60010,60010
752 CONCORD LN BARRINGTON IL 60010,60010
776 CONCORD LN BARRINGTON IL 60010,60010
788 CONCORD LN BARRINGTON IL 60010,60010
790 CONCORD LN BARRINGTON IL 60010,60010
802 BRISTOL LN BARRINGTON IL 60010,60010
800 E HILLSIDE AVE BARRINGTON IL 60010,60010
100 QUEENS COVE BARRINGTON IL 60010,60010
102 QUEENS COVE BARRINGTON IL 60010,60010
104 QUEENS COVE BARRINGTON IL 60010,60010
106 QUEENS COVE BARRINGTON IL 60010,60010
108 QUEENS COVE BARRINGTON IL 60010,60010
110 QUEENS COVE BARRINGTON IL 60010,60010
200 QUEENS COVE BARRINGTON IL 60010,60010
202 QUEENS COVE BARRINGTON IL 60010,60010
204 QUEENS COVE BARRINGTON IL 60010,60010
206 QUEENS COVE BARRINGTON IL 60010,60010
208 QUEENS COVE BARRINGTON IL 60010,60010
210 QUEENS COVE BARRINGTON IL 60010,60010
800 E HILLSIDE AVE BARRINGTON IL 60010,60010
802 E HILLSIDE AVE BARRINGTON IL 60010,60010
804 E HILLSIDE AVE BARRINGTON IL 60010,60010
806 E HILLSIDE AVE BARRINGTON IL 60010,60010
808 E HILLSIDE AVE BARRINGTON IL 60010,60010
810 E HILLSIDE AVE BARRINGTON IL 60010,60010
820 E HILLSIDE AVE BARRINGTON IL 60010,60010
822 E HILLSIDE AVE BARRINGTON IL 60010,60010
824 E HILLSIDE AVE BARRINGTON IL 60010,60010
826 E HILLSIDE AVE BARRINGTON IL 60010,60010
828 E HILLSIDE AVE BARRINGTON IL 60010,60010
830 E HILLSIDE AVE BARRINGTON IL 60010,60010
840 BRISTOL DR BARRINGTON IL 60010,60010
842 BRISTOL DR BARRINGTON IL 60010,60010
844 BRISTOL DR BARRINGTON IL 60010,60010
846 BRISTOL DR BARRINGTON IL 60010,60010
848 BRISTOL DR BARRINGTON IL 60010,60010
850 BRISTOL DR BARRINGTON IL 60010,60010
860 BRISTOL DR BARRINGTON IL 60010,60010
862 BRISTOL DR BARRINGTON IL 60010,60010
864 BRISTOL DR BARRINGTON IL 60010,60010
866 BRISTOL DR BARRINGTON IL 60010,60010
868 BRISTOL DR BARRINGTON IL 60010,60010
870 BRISTOL DR BARRINGTON IL 60010,60010
880 BRISTOL DR BARRINGTON IL 60010,60010
882 BRISTOL DR BARRINGTON IL 60010,60010
884 BRISTOL DR BARRINGTON IL 60010,60010
886 BRISTOL DR BARRINGTON IL 60010,60010
888 BRISTOL DR BARRINGTON IL 60010,60010
890 BRISTOL DR BARRINGTON IL 60010,60010
243 W HILLSIDE AVE BARRINGTON IL 60010,60010
243 W HILLSIDE AVE BARRINGTON IL 60010,60010
237 W HILLSIDE AVE BARRINGTON IL 60010,60010
233 W HILLSIDE AVE BARRINGTON IL 60010,60010
227 W HILLSIDE AVE BARRINGTON IL 60010,60010
221 W HILLSIDE AVE BARRINGTON IL 60010,60010
215 W HILLSIDE AVE BARRINGTON IL 60010,60010
211 W HILLSIDE AVE BARRINGTON IL 60010,60010
207 W HILLSIDE AVE BARRINGTON IL 60010,60010
201 W HILLSIDE AVE BARRINGTON IL 60010,60010
201 W HILLSIDE AVE BARRINGTON IL 60010,60010
139 W HILLSIDE AVE BARRINGTON IL 60010,60010
133 W HILLSIDE AVE BARRINGTON IL 60010,60010
129 W HILLSIDE AVE BARRINGTON IL 60010,60010
123 W HILLSIDE AVE BARRINGTON IL 60010,60010
119 W HILLSIDE AVE BARRINGTON IL 60010,60010
109 W HILLSIDE AVE BARRINGTON IL 60010,60010
119 W HILLSIDE AVE BARRINGTON IL 60010,60010
105 W HILLSIDE AVE BARRINGTON IL 60010,60010
206 S HOUGH ST BARRINGTON IL 60010,60010
715 S HOUGH ST BARRINGTON IL 60010,60010
715 S HOUGH ST BARRINGTON IL 60010,60010
716 S COOK ST BARRINGTON IL 60010,60010
726 S COOK ST BARRINGTON IL 60010,60010
726 S COOK ST BARRINGTON IL 60010,60010
738 S COOK ST BARRINGTON IL 60010,60010
744 S COOK ST BARRINGTON IL 60010,60010
124 WISCONSIN AVE BARRINGTON IL 60010,60010
733 S HOUGH ST BARRINGTON IL 60010,60010
102 WISCONSIN AVE BARRINGTON IL 60010,60010
108 WISCONSIN AVE BARRINGTON IL 60010,60010
114 WISCONSIN AVE BARRINGTON IL 60010,60010
119 E HILLSIDE AVE BARRINGTON IL 60010,60010
125 E HILLSIDE AVE BARRINGTON IL 60010,60010
721 S HOUGH ST BARRINGTON IL 60010,60010
105 E HILLSIDE AVE BARRINGTON IL 60010,60010
111 E HILLSIDE AVE BARRINGTON IL 60010,60010
211 E HILLSIDE AVE BARRINGTON IL 60010,60010
215 E HILLSIDE AVE BARRINGTON IL 60010,60010
217 E HILLSIDE AVE BARRINGTON IL 60010,60010
219 E HILLSIDE AVE BARRINGTON IL 60010,60010
721 S COOK ST BARRINGTON IL 60010,60010
727 S COOK ST BARRINGTON IL 60010,60010
733 S COOK ST BARRINGTON IL 60010,60010
739 S COOK ST BARRINGTON IL 60010,60010
745 S COOK ST BARRINGTON IL 60010,60010
751 S COOK ST BARRINGTON IL 60010,60010
722 S GROVE AVE BARRINGTON IL 60010,60010
726 S GROVE AVE BARRINGTON IL 60010,60010
730 S GROVE AVE BARRINGTON IL 60010,60010
742 S GROVE AVE BARRINGTON IL 60010,60010
746 S GROVE AVE BARRINGTON IL 60010,60010
734 S GROVE AVE BARRINGTON IL 60010,60010
738 S GROVE AVE BARRINGTON IL 60010,60010
701 S COOK ST BARRINGTON IL 60010,60010
207 E HILLSIDE AVE BARRINGTON IL 60010,60010
715 S COOK ST BARRINGTON IL 60010,60010
301 E HILLSIDE AVE BARRINGTON IL 60010,60010
307 E HILLSIDE AVE BARRINGTON IL 60010,60010
311 E HILLSIDE AVE BARRINGTON IL 60010,60010
315 E HILLSIDE AVE BARRINGTON IL 60010,60010
719 GROVE AVE BARRINGTON IL 60010,60010
723 GROVE AVE BARRINGTON IL 60010,60010
727 S GROVE AVE BARRINGTON IL 60010,60010
731 GROVE AVE BARRINGTON IL 60010,60010
735 GROVE AVE BARRINGTON IL 60010,60010
718 SUMMIT ST BARRINGTON IL 60010,60010
722 S SUMMIT ST BARRINGTON IL 60010,60010
728 S SUMMIT ST BARRINGTON IL 60010,60010
732 S SUMMIT ST BARRINGTON IL 60010,60010
736 SUMMIT ST BARRINGTON IL 60010,60010
740 SUMMIT ST BARRINGTON IL 60010,60010
344 WISCONSIN AVE BARRINGTON IL 60010,60010
739 GROVE AVE BARRINGTON IL 60010,60010
321 E HILLSIDE AVE BARRINGTON IL 60010,60010
702 S SUMMIT ST BARRINGTON IL 60010,60010
803 S HOUGH ST BARRINGTON IL 60010,60010
807 S HOUGH ST BARRINGTON IL 60010,60010
811 S HOUGH ST BARRINGTON IL 60010,60010
817 S HOUGH ST BARRINGTON IL 60010,60010
821 S HOUGH ST BARRINGTON IL 60010,60010
827 S HOUGH ST BARRINGTON IL 60010,60010
831 S HOUGH ST BARRINGTON IL 60010,60010
845 S HOUGH ST BARRINGTON IL 60010,60010
800 S COOK ST BARRINGTON IL 60010,60010
806 S COOK ST BARRINGTON IL 60010,60010
845 S HOUGH ST BARRINGTON IL 60010,60010
835 S HOUGH ST BARRINGTON IL 60010,60010
827 S HOUGH ST BARRINGTON 60010,60010
801 S COOK ST BARRINGTON IL 60010,60010
805 S COOK ST BARRINGTON IL 60010,60010
800 S GROVE AVE BARRINGTON IL 60010,60010
816 S GROVE AVE BARRINGTON IL 60010,60010
820 S GROVE AVE BARRINGTON IL 60010,60010
826 S GROVE AVE BARRINGTON IL 60010,60010
806 S GROVE AVE BARRINGTON IL 60010,60010
812 S GROVE AVE BARRINGTON IL 60010,60010
827 S HOUGH ST BARRINGTON 60010,60010
830 S GROVE AVE BARRINGTON 60010,60010
801 S GROVE AVE BARRINGTON IL 60010,60010
807 S GROVE AVE BARRINGTON IL 60010,60010
813 S GROVE AVE BARRINGTON IL 60010,60010
817 S GROVE AVE BARRINGTON IL 60010,60010
821 S GROVE AVE BARRINGTON IL 60010,60010
827 S GROVE AVE BARRINGTON IL 60010,60010
831 S GROVE AVE BARRINGTON IL 60010,60010
835 S GROVE AVE BARRINGTON IL 60010,60010
839 S GROVE AVE BARRINGTON IL 60010,60010
841 S GROVE AVE BARRINGTON IL 60010,60010
748 SUMMIT ST BARRINGTON IL 60010,60010
752 SUMMIT ST BARRINGTON IL 60010,60010
756 SUMMIT ST BARRINGTON IL 60010,60010
760 SUMMIT ST BARRINGTON IL 60010,60010
762 SUMMIT ST BARRINGTON IL 60010,60010
768 SUMMIT ST BARRINGTON IL 60010,60010
772 SUMMIT ST BARRINGTON IL 60010,60010
776 SUMMIT ST BARRINGTON IL 60010,60010
780 SUMMIT ST BARRINGTON IL 60010,60010
784 SUMMIT ST BARRINGTON IL 60010,60010
906 S HOUGH ST BARRINGTON IL 60010,60010
904 S HOUGH ST BARRINGTON HILLS IL 60010,60010
9 HAWTHORNE RD BARRINGTON HILLS IL 60010,60010
7 S HAWTHORNE RD BARRINGTON HILLS IL 60010,60010
11 S HAWTHORNE RD BARRINGTON HILLS IL 60010,60010
13 HAWTHORNE RD BARRINGTON HILLS IL 60010,60010
21 HAWTHORNE RD BARRINGTON HILLS IL 60010,60010
15 HAWTHORNE RD BARRINGTON HILLS IL 60010,60010
33 DUNDEE LN BARRINGTON HILLS IL 60010,60010
31 DUNDEE LN BARRINGTON HILLS IL 60010,60010
7 HAWTHORNE RD BARRINGTON HILLS IL 60010,60010
5 HAWTHORNE RD BARRINGTON HILLS IL 60010,60010
39 DUNDEE LN BARRINGTON HILLS IL 60010,60010
41 DUNDEE LN BARRINGTON HILLS IL 60010,60010
35 DUNDEE LN BARRINGTON IL 60010,60010
3 HUBBELL CT BARRINGTON IL 60010,60010
1 HUBBELL CT BARRINGTON HILLS IL 60010,60010
2 HUBBELL CT BARRINGTON HILLS IL 60010,60010
4 HUBBELL CT BARRINGTON HILLS IL 60010,60010
12 HUBBELL CT BARRINGTON HILLS IL 60010,60010
6 MARBURY LN REAR BARRINGTON IL 60010,60010
1018 S HOUGH ST BARRINGTON IL 60010,60010
901 S HOUGH ST BARRINGTON IL 60010,60010
905 S HOUGH ST BARRINGTON IL 60010,60010
915 S HOUGH ST BARRINGTON IL 60010,60010
9 YALE ST BARRINGTON IL 60010,60010
902 S COOK ST BARRINGTON IL 60010,60010
904 S COOK ST BARRINGTON IL 60010,60010
906 S COOK ST BARRINGTON IL 60010,60010
908 S COOK ST BARRINGTON IL 60010,60010
910 S COOK ST BARRINGTON IL 60010,60010
912 S COOK ST BARRINGTON IL 60010,60010
914 S COOK ST BARRINGTON IL 60010,60010
926 S COOK ST BARRINGTON IL 60010,60010
909 S HOUGH ST BARRINGTON IL 60010,60010
917 S HOUGH ST BARRINGTON IL 60010,60010
919 S HOUGH ST BARRINGTON IL 60010,60010
917 S COOK ST BARRINGTON IL 60010,60010
927 S COOK ST BARRINGTON IL 60010,60010
937 S COOK ST BARRINGTON IL 60010,60010
918 S GROVE AVE BARRINGTON IL 60010,60010
922 S GROVE AVE BARRINGTON IL 60010,60010
218 YALE ST BARRINGTON IL 60010,60010
901 S GROVE AVE BARRINGTON IL 60010,60010
905 S GROVE AVE BARRINGTON IL 60010,60010
907 S GROVE AVE BARRINGTON IL 60010,60010
909 S GROVE AVE BARRINGTON IL 60010,60010
911 S GROVE AVE BARRINGTON IL 60010,60010
917 S GROVE AVE BARRINGTON IL 60010,60010
923 S GROVE AVE BARRINGTON IL 60010,60010
927 S GROVE AVE BARRINGTON IL 60010,60010
900 SUMMIT ST BARRINGTON IL 60010,60010
904 S SUMMIT ST BARRINGTON IL 60010,60010
906 S SUMMIT ST BARRINGTON IL 60010,60010
908 S SUMMIT ST BARRINGTON IL 60010,60010
910 SUMMIT ST BARRINGTON IL 60010,60010
912 S SUMMIT ST BARRINGTON IL 60010,60010
914 S SUMMIT ST BARRINGTON IL 60010,60010
916 S SUMMIT ST BARRINGTON IL 60010,60010
36 E DUNDEE RD BARRINGTON IL 60010,60010
36 E DUNDEE RD BARRINGTON IL 60010,60010
1005 S HOUGH ST BARRINGTON IL 60010,60010
1015 S HOUGH ST BARRINGTON IL 60010,60010
1021 S HOUGH ST BARRINGTON IL 60010,60010
100 HARVARD AVE BARRINGTON IL 60010,60010
1012 S COOK ST BARRINGTON IL 60010,60010
1012 S COOK ST BARRINGTON IL 60010,60010
1016 S COOK ST BARRINGTON IL 60010,60010
1018 S COOK ST BARRINGTON IL 60010,60010
1020 S COOK ST BARRINGTON IL 60010,60010
1022 S COOK ST BARRINGTON IL 60010,60010
1003 S COOK ST BARRINGTON IL 60010,60010
1005 S COOK ST BARRINGTON IL 60010,60010
1007 S COOK ST BARRINGTON IL 60010,60010
1009 S COOK ST BARRINGTON IL 60010,60010
1011 S COOK ST BARRINGTON IL 60010,60010
275 YALE ST BARRINGTON IL 60010,60010
1004 S GROVE AVE BARRINGTON IL 60010,60010
1010 S GROVE AVE BARRINGTON IL 60010,60010
1020 S GROVE AVE BARRINGTON IL 60010,60010
1022 S GROVE AVE BARRINGTON IL 60010,60010
1024 S GROVE AVE BARRINGTON IL 60010,60010
1011 S COOK ST BARRINGTON IL 60010,60010
1005 S GROVE AVE BARRINGTON IL 60010,60010
1009 S GROVE AVE BARRINGTON IL 60010,60010
1011 S GROVE AVE BARRINGTON IL 60010,60010
1013 S GROVE AVE BARRINGTON IL 60010,60010
1015 S GROVE AVE BARRINGTON IL 60010,60010
1021 S GROVE AVE BARRINGTON IL 60010,60010
1000 SUMMIT ST BARRINGTON IL 60010,60010
1010 S SUMMIT ST BARRINGTON IL 60010,60010
1012 SUMMIT ST BARRINGTON IL 60010,60010
1016 SUMMIT ST BARRINGTON IL 60010,60010
717 DUNDEE AVE BARRINGTON IL 60010,60010
240 TOWER RD BARRINGTON IL 60010,60010
236 TOWER RD BARRINGTON IL 60010,60010
232 TOWER RD BARRINGTON IL 60010,60010
226 TOWER RD BARRINGTON IL 60010,60010
220 TOWER RD HSE BARRINGTON IL 60010,60010
214 TOWER RD BARRINGTON IL 60010,60010
210 TOWER RD BARRINGTON IL 60010,60010
206 TOWER RD BARRINGTON IL 60010,60010
136 TOWER RD BARRINGTON IL 60010,60010
132 TOWER RD BARRINGTON IL 60010,60010
128 TOWER RD BARRINGTON IL 60010,60010
122 TOWER RD BARRINGTON IL 60010,60010
118 W TOWER RD BARRINGTON IL 60010,60010
112 TOWER RD BARRINGTON IL 60010,60010
106 TOWER RD BARRINGTON IL 60010,60010
725 DUNDEE AVE BARRINGTON IL 60010,60010
731 DUNDEE AVE BARRINGTON IL 60010,60010
739 DUNDEE AVE BARRINGTON IL 60010,60010
743 DUNDEE AVE BARRINGTON IL 60010,60010
803 DUNDEE AVE BARRINGTON IL 60010,60010
809 DUNDEE AVE BARRINGTON IL 60010,60010
813 DUNDEE AVE BARRINGTON IL 60010,60010
817 DUNDEE AVE BARRINGTON IL 60010,60010
823 DUNDEE AVE BARRINGTON IL 60010,60010
829 DUNDEE AVE BARRINGTON IL 60010,60010
833 DUNDEE AVE BARRINGTON IL 60010,60010
839 DUNDEE AVE BARRINGTON IL 60010,60010
845 DUNDEE AVE BARRINGTON IL 60010,60010
849 DUNDEE AVE BARRINGTON IL 60010,60010
849 DUNDEE AVE BARRINGTON IL 60010,60010
225 TOWER RD BARRINGTON IL 60010,60010
743 MEADOW LN BARRINGTON IL 60010,60010
803 MEADOW LN BARRINGTON IL 60010,60010
809 MEADOW LN BARRINGTON IL 60010,60010
813 MEADOW LN BARRINGTON IL 60010,60010
819 MEADOW LN BARRINGTON IL 60010,60010
831 MEADOW LN BARRINGTON IL 60010,60010
837 MEADOW LN BARRINGTON IL 60010,60010
843 MEADOW LN BARRINGTON IL 60010,60010
220 SKYLINE DR BARRINGTON IL 60010,60010
724 LILL ST BARRINGTON IL 60010,60010
730 LILL ST BARRINGTON IL 60010,60010
736 LILL ST BARRINGTON IL 60010,60010
740 LILL ST BARRINGTON IL 60010,60010
802 LILL ST BARRINGTON IL 60010,60010
808 LILL ST BARRINGTON IL 60010,60010
812 LILL ST BARRINGTON IL 60010,60010
816 LILL ST BARRINGTON IL 60010,60010
820 LILL ST BARRINGTON IL 60010,60010
822 LILL ST BARRINGTON IL 60010,60010
834 LILL ST BARRINGTON IL 60010,60010
212 SKYLINE DR BARRINGTON IL 60010,60010
731 MEADOW LN BARRINGTON IL 60010,60010
739 MEADOW LN BARRINGTON IL 60010,60010
135 TOWER RD BARRINGTON IL 60010,60010
731 LILL ST BARRINGTON IL 60010,60010
739 LILL ST BARRINGTON IL 60010,60010
743 LILL ST BARRINGTON IL 60010,60010
803 LILL ST BARRINGTON IL 60010,60010
809 LILL ST BARRINGTON IL 60010,60010
819 LILL ST BARRINGTON IL 60010,60010
825 LILL ST BARRINGTON IL 60010,60010
724 SKYLINE DR BARRINGTON IL 60010,60010
730 SKYLINE DR BARRINGTON IL 60010,60010
736 SKYLINE DR BARRINGTON IL 60010,60010
740 SKYLINE DR BARRINGTON IL 60010,60010
802 SKYLINE DR BARRINGTON IL 60010,60010
808 SKYLINE DR BARRINGTON IL 60010,60010
814 SKYLINE DR BARRINGTON IL 60010,60010
824 SKYLINE DR BARRINGTON IL 60010,60010
721 SKYLINE DR BARRINGTON IL 60010,60010
727 SKYLINE DR BARRINGTON IL 60010,60010
743 SKYLINE DR BARRINGTON IL 60010,60010
803 SKYLINE DR BARRINGTON IL 60010,60010
807 SKYLINE DR BARRINGTON IL 60010,60010
811 SKYLINE DR BARRINGTON IL 60010,60010
815 SKYLINE DR BARRINGTON IL 60010,60010
819 SKYLINE DR BARRINGTON IL 60010,60010
823 SKYLINE DR BARRINGTON IL 60010,60010
827 SKYLINE DR BARRINGTON IL 60010,60010
831 SKYLINE DR BARRINGTON IL 60010,60010
835 SKYLINE DR BARRINGTON IL 60010,60010
211 SKYLINE DR BARRINGTON IL 60010,60010
215 SKYLINE DR BARRINGTON IL 60010,60010
235 SKYLINE DR BARRINGTON IL 60010,60010
241 SKYLINE DR BARRINGTON IL 60010,60010
909 S DUNDEE AVE BARRINGTON IL 60010,60010
207 SKYLINE DR BARRINGTON IL 60010,60010
843 SKYLINE DR BARRINGTON IL 60010,60010
839 SKYLINE DR BARRINGTON IL 60010,60010
839 SKYLINE DR BARRINGTON IL 60010,60010
843 SKYLINE DR BARRINGTON IL 60010,60010
207 SKYLINE DR BARRINGTON IL 60010,60010
733 SKYLINE DR BARRINGTON IL 60010,60010
739 SKYLINE DR BARRINGTON IL 60010,60010
203 SKYLINE DR BARRINGTON IL 60010,60010
235 SKYLINE DR BARRINGTON IL 60010,60010
225 SKYLINE DR BARRINGTON IL 60010,60010
215 SKYLINE DR BARRINGTON IL 60010,60010
411 E HILLSIDE AVE BARRINGTON IL 60010,60010
415 E HILLSIDE AVE BARRINGTON IL 60010,60010
419 E HILLSIDE AVE BARRINGTON IL 60010,60010
713 S SUMMIT ST BARRINGTON IL 60010,60010
717 S SUMMIT ST BARRINGTON IL 60010,60010
725 S SUMMIT ST BARRINGTON IL 60010,60010
725 S SUMMIT ST BARRINGTON IL 60010,60010
749 S SUMMIT ST BARRINGTON IL 60010,60010
753 S SUMMIT ST BARRINGTON IL 60010,60010
757 S SUMMIT ST BARRINGTON IL 60010,60010
763 S SUMMIT ST BARRINGTON IL 60010,60010
767 S SUMMIT ST BARRINGTON IL 60010,60010
714 DIVISION ST BARRINGTON IL 60010,60010
718 DIVISION ST BARRINGTON IL 60010,60010
722 DIVISION ST BARRINGTON IL 60010,60010
728 DIVISION ST BARRINGTON IL 60010,60010
732 DIVISION ST BARRINGTON IL 60010,60010
748 DIVISION ST BARRINGTON IL 60010,60010
752 DIVISION ST BARRINGTON IL 60010,60010
768 DIVISION ST BARRINGTON IL 60010,60010
411 E HILLSIDE AVE BARRINGTON IL 60010,60010
701 SUMMIT ST BARRINGTON IL 60010,60010
729 SUMMIT ST BARRINGTON IL 60010,60010
737 S SUMMIT ST BARRINGTON IL 60010,60010
768 DIVISION ST BARRINGTON IL 60010,60010
745 S SUMMIT ST BARRINGTON IL 60010,60010
758 DIVISION ST BARRINGTON IL 60010,60010
762 S DIVISION ST BARRINGTON IL 60010,60010
744 DIVISION ST BARRINGTON IL 60010,60010
707 DIVISION ST BARRINGTON IL 60010,60010
505 E HILLSIDE AVE BARRINGTON IL 60010,60010
509 E HILLSIDE AVE BARRINGTON IL 60010,60010
513 E HILLSIDE AVE BARRINGTON IL 60010,60010
517 E HILLSIDE AVE BARRINGTON IL 60010,60010
723 DIVISION ST BARRINGTON IL 60010,60010
731 DIVISION ST BARRINGTON IL 60010,60010
747 DIVISION ST BARRINGTON IL 60010,60010
753 DIVISION ST BARRINGTON IL 60010,60010
755 DIVISION ST BARRINGTON IL 60010,60010
759 DIVISION ST BARRINGTON IL 60010,60010
763 DIVISION ST BARRINGTON IL 60010,60010
767 DIVISION ST BARRINGTON IL 60010,60010
722 PRAIRIE AVE BARRINGTON IL 60010,60010
728 PRAIRIE AVE BARRINGTON IL 60010,60010
732 PRAIRIE AVE BARRINGTON IL 60010,60010
736 PRAIRIE AVE BARRINGTON IL 60010,60010
740 PRAIRIE AVE BARRINGTON IL 60010,60010
744 PRAIRIE AVE BARRINGTON IL 60010,60010
748 PRAIRIE AVE BARRINGTON IL 60010,60010
752 PRAIRIE AVE BARRINGTON IL 60010,60010
756 PRAIRIE AVE BARRINGTON IL 60010,60010
709 DIVISION ST BARRINGTON 60010,60010
715 DIVISION ST BARRINGTON IL 60010,60010
719 DIVISION ST BARRINGTON IL 60010,60010
712 PRAIRIE AVE BARRINGTON IL 60010,60010
716 PRAIRIE AVE BARRINGTON IL 60010,60010
760 PRAIRIE AVE BARRINGTON IL 60010,60010
768 PRAIRIE AVE BARRINGTON IL 60010,60010
735 DIVISION ST BARRINGTON IL 60010,60010
743 DIVISION ST BARRINGTON IL 60010,60010
607 E HILLSIDE AVE BARRINGTON IL 60010,60010
609 E HILLSIDE AVE BARRINGTON IL 60010,60010
611 E HILLSIDE AVE BARRINGTON IL 60010,60010
613 E HILLSIDE AVE BARRINGTON IL 60010,60010
613 E HILLSIDE AVE BARRINGTON IL 60010,60010
725 PRAIRIE AVE BARRINGTON IL 60010,60010
729 PRAIRIE AVE BARRINGTON IL 60010,60010
733 PRAIRIE AVE BARRINGTON IL 60010,60010
735 PRAIRIE AVE BARRINGTON IL 60010,60010
751 PRAIRIE AVE BARRINGTON IL 60010,60010
757 PRAIRIE AVE BARRINGTON IL 60010,60010
759 PRAIRIE AVE BARRINGTON IL 60010,60010
763 PRAIRIE AVE BARRINGTON IL 60010,60010
767 PRAIRIE AVE BARRINGTON IL 60010,60010
712 HIGHLAND AVE BARRINGTON IL 60010,60010
716 HIGHLAND AVE BARRINGTON IL 60010,60010
720 HIGHLAND AVE BARRINGTON IL 60010,60010
722 HIGHLAND AVE BARRINGTON IL 60010,60010
726 HIGHLAND AVE BARRINGTON IL 60010,60010
730 HIGHLAND AVE BARRINGTON IL 60010,60010
736 HIGHLAND AVE BARRINGTON IL 60010,60010
740 HIGHLAND AVE BARRINGTON IL 60010,60010
744 HIGHLAND AVE BARRINGTON IL 60010,60010
748 HIGHLAND AVE BARRINGTON IL 60010,60010
752 HIGHLAND AVE BARRINGTON IL 60010,60010
756 HIGHLAND AVE BARRINGTON IL 60010,60010
760 HIGHLAND AVE BARRINGTON IL 60010,60010
764 HIGHLAND AVE BARRINGTON IL 60010,60010
616 SOUTH ST BARRINGTON IL 60010,60010
721 PRAIRIE AVE BARRINGTON IL 60010,60010
739 PRAIRIE AVE BARRINGTON IL 60010,60010
747 PRAIRIE AVE BARRINGTON IL 60010,60010
711 PRAIRIE AVE BARRINGTON IL 60010,60010
411 SOUTH ST BARRINGTON IL 60010,60010
415 SOUTH ST BARRINGTON IL 60010,60010
417 SOUTH ST BARRINGTON IL 60010,60010
501 SOUTH ST BARRINGTON IL 60010,60010
519 SOUTH ST BARRINGTON IL 60010,60010
541 SOUTH ST BARRINGTON IL 60010,60010
541 SOUTH ST BARRINGTON IL 60010,60010
555 SOUTH ST BARRINGTON IL 60010,60010
601 SOUTH ST BARRINGTON IL 60010,60010
605 SOUTH ST BARRINGTON IL 60010,60010
621 SOUTH ST BARRINGTON IL 60010,60010
621 SOUTH ST BARRINGTON IL 60010,60010
715 SOUTH ST BARRINGTON IL 60010,60010
715 SOUTH ST BARRINGTON IL 60010,60010
715 SOUTH ST BARRINGTON IL 60010,60010
615 SOUTH ST BARRINGTON IL 60010,60010
401 SOUTH ST BARRINGTON IL 60010,60010
785 SUMMIT ST BARRINGTON IL 60010,60010
409 SOUTH ST BARRINGTON IL 60010,60010
777 S SUMMIT ST BARRINGTON IL 60010,60010
785 SUMMIT ST BARRINGTON IL 60010,60010
605 SOUTH ST BARRINGTON IL 60010,60010
615 SOUTH ST BARRINGTON IL 60010,60010
715 SOUTH ST BARRINGTON IL 60010,60010
723 SOUTH ST BARRINGTON IL 60010,60010
507 SOUTH ST BARRINGTON IL 60010,60010
851 SUMMIT ST BARRINGTON IL 60010,60010
507 SOUTH ST BARRINGTON IL 60010,60010
761 S HIGHLAND AVE BARRINGTON IL 60010,60010
720 SOUTH ST BARRINGTON IL 60010,60010
720 SOUTH ST BARRINGTON IL 60010,60010
901 S SUMMIT ST BARRINGTON IL 60010,60010
903 S SUMMIT ST BARRINGTON IL 60010,60010
905 S SUMMIT ST BARRINGTON IL 60010,60010
909 S SUMMIT ST BARRINGTON IL 60010,60010
911 S SUMMIT ST BARRINGTON IL 60010,60010
915 S SUMMIT ST BARRINGTON IL 60010,60010
917 SUMMIT ST BARRINGTON IL 60010,60010
917 SUMMIT ST BARRINGTON IL 60010,60010
804 DIVISION ST BARRINGTON IL 60010,60010
804 DIVISION ST BARRINGTON IL 60010,60010
804 DIVISION ST BARRINGTON IL 60010,60010
910 DIVISION ST BARRINGTON IL 60010,60010
908 DIVISION ST BARRINGTON IL 60010,60010
912 DIVISION ST BARRINGTON IL 60010,60010
906 DIVISION ST BARRINGTON IL 60010,60010
900 DIVISION ST BARRINGTON IL 60010,60010
911 DIVISION ST BARRINGTON IL 60010,60010
915 DIVISION ST BARRINGTON IL 60010,60010
905 DIVISION ST BARRINGTON IL 60010,60010
919 DIVISION ST BARRINGTON IL 60010,60010
907 DIVISION ST BARRINGTON IL 60010,60010
911 DIVISION ST BARRINGTON IL 60010,60010
919 DIVISION ST BARRINGTON IL 60010,60010
903 DIVISION ST BARRINGTON IL 60010,60010
907 DIVISION ST BARRINGTON IL 60010,60010
715 SOUTH ST BARRINGTON IL 60010,60010
715 SOUTH ST BARRINGTON IL 60010,60010
715 SOUTH ST BARRINGTON IL 60010,60010
715 SOUTH ST BARRINGTON IL 60010,60010
715 SOUTH ST BARRINGTON IL 60010,60010
715 SOUTH ST BARRINGTON IL 60010,60010
1005 S SUMMIT ST BARRINGTON IL 60010,60010
1009 S SUMMIT ST BARRINGTON IL 60010,60010
1013 S SUMMIT ST BARRINGTON IL 60010,60010
1017 S SUMMIT ST BARRINGTON IL 60010,60010
1019 S SUMMIT ST BARRINGTON IL 60010,60010
1025 S SUMMIT ST BARRINGTON IL 60010,60010
1002 DIVISION ST BARRINGTON IL 60010,60010
1010 DIVISION ST BARRINGTON IL 60010,60010
1014 DIVISION ST BARRINGTON IL 60010,60010
1016 DIVISION ST BARRINGTON IL 60010,60010
1020 DIVISION ST BARRINGTON IL 60010,60010
454 HARVARD AVE BARRINGTON IL 60010,60010
1005 DIVISION ST BARRINGTON IL 60010,60010
1015 DIVISION ST BARRINGTON IL 60010,60010
1017 S DIVISION ST BARRINGTON IL 60010,60010
1019 DIVISION ST BARRINGTON IL 60010,60010
1021 DIVISION ST BARRINGTON IL 60010,60010
541 YALE ST BARRINGTON IL 60010,60010
1006 PRAIRIE AVE BARRINGTON IL 60010,60010
1010 PRAIRIE AVE BARRINGTON IL 60010,60010
1014 PRAIRIE AVE BARRINGTON IL 60010,60010
1016 PRAIRIE AVE BARRINGTON IL 60010,60010
540 HARVARD AVE BARRINGTON IL 60010,60010
1001 DIVISION ST BARRINGTON IL 60010,60010
1005 PRAIRIE AVE BARRINGTON IL 60010,60010
1009 PRAIRIE AVE BARRINGTON IL 60010,60010
1013 PRAIRIE AVE BARRINGTON IL 60010,60010
1013 PRAIRIE AVE BARRINGTON IL 60010,60010
1017 PRAIRIE AVE BARRINGTON IL 60010,60010
1017 PRAIRIE AVE BARRINGTON IL 60010,60010
1000 GEORGE ST BARRINGTON IL 60010,60010
1010 GEORGE ST BARRINGTON IL 60010,60010
1012 GEORGE ST BARRINGTON IL 60010,60010
1014 GEORGE ST BARRINGTON IL 60010,60010
1016 GEORGE ST BARRINGTON IL 60010,60010
654 HARVARD AVE BARRINGTON IL 60010,60010
514 PRAIRIE AVE BARRINGTON IL 60010,60010
424 W COUNTY LINE RD BARRINGTON HILLS IL 60010,60010
200 OAKDENE DR BARRINGTON HILLS IL 60010,60010
427 W COUNTY LINE RD BARRINGTON HILLS IL 60010,60010
14 HART HILLS RD BARRINGTON HILLS IL 60010,60010
16 HART HILLS RD BARRINGTON HILLS IL 60010,60010
20 HART HILLS RD BARRINGTON HILLS IL 60010,60010
22 HART HILLS RD BARRINGTON HILLS IL 60010,60010
204 OAKDENE DR BARRINGTON HILLS IL 60010,60010
200 HART HILLS RD BARRINGTON HILLS IL 60010,60010
24 OAKDENE DR BARRINGTON HILLS IL 60010,60010
9 OAKDENE DR BARRINGTON HILLS IL 60010,60010
21 OAKDENE RD BARRINGTON HILLS IL 60010,60010
23 OAKDENE DR BARRINGTON HILLS IL 60010,60010
7 MARMON LN BARRINGTON HILLS IL 60010,60010
17 OAKDENE DR BARRINGTON HILLS IL 60010,60010
19 OAKDENE DR BARRINGTON HILLS IL 60010,60010
12 OAKDENE DR BARRINGTON HILLS IL 60010,60010
1 MARMON LN BARRINGTON HILLS IL 60010,60010
5 MARMON LN BARRINGTON HILLS IL 60010,60010
1 OAKDENE RD BARRINGTON HILLS IL 60010,60010
438 W COUNTY LINE RD BARRINGTON HILLS IL 60010,60010
25 OAKDENE DR BARRINGTON HILLS IL 60010,60010
6 OAKDENE RD BARRINGTON HILLS IL 60010,60010
10 OAKDENE RD BARRINGTON HILLS IL 60010,60010
515 W MAIN ST BARRINGTON IL 60010,60010
617 W MAIN ST BARRINGTON IL 60010,60010
515 W MAIN ST BARRINGTON IL 60010,60010
200 S HAGER AVE BARRINGTON IL 60010,60010
515 W MAIN ST BARRINGTON IL 60010,60010
515 W MAIN ST BARRINGTON IL 60010,60010
515 W MAIN ST BARRINGTON IL 60010,60010
515 W MAIN ST BARRINGTON IL 60010,60010
124 S HAGER AVE BARRINGTON IL 60010,60010
200 S HAGER AVE BARRINGTON IL 60010,60010
304 S HAGER AVE BARRINGTON IL 60010,60010
312 S HAGER AVE BARRINGTON IL 60010,60010
312 S HAGER AVE BARRINGTON IL 60010,60010
312 S HAGER AVE BARRINGTON IL 60010,60010
324 HAGER ST BARRINGTON IL 60010,60010
410 HAGER ST BARRINGTON IL 60010,60010
410 HAGER ST BARRINGTON IL 60010,60010
509 W MAIN ST BARRINGTON IL 60010,60010
102 S HAGER AVE BARRINGTON IL 60010,60010
226 S HAGER AVE BARRINGTON IL 60010,60010
304 S HAGER AVE BARRINGTON IL 60010,60010
214 S HAGER AVE BARRINGTON IL 60010,60010
304 S HAGER AVE BARRINGTON IL 60010,60010
860 COUNTRY DR BARRINGTON IL 60010,60010
419 W MAIN ST BARRINGTON IL 60010,60010
100 LAGESCHULTE ST BARRINGTON IL 60010,60010
100 LAGESCHULTE ST BARRINGTON IL 60010,60010
100 LAGESCHULTE ST BARRINGTON IL 60010,60010
113 S HAGER AVE BARRINGTON IL 60010,60010
211 S HAGER AVE BARRINGTON IL 60010,60010
219 S HAGER AVE BARRINGTON IL 60010,60010
211 S HAGER AVE BARRINGTON IL 60010,60010
311 S HAGER AVE BARRINGTON IL 60010,60010
315 S HAGER AVE BARRINGTON IL 60010,60010
400 LAGESCHULTE ST BARRINGTON IL 60010,60010
439 W MAIN ST BARRINGTON IL 60010,60010
433 W MAIN ST BARRINGTON IL 60010,60010
429 W MAIN ST BARRINGTON IL 60010,60010
120 LAGESCHULTE ST BARRINGTON IL 60010,60010
123 S HAGER AVE HSE BARRINGTON IL 60010,60010
419 W MAIN ST BARRINGTON IL 60010,60010
119 S HAGER AVE BARRINGTON IL 60010,60010
300 LAGESCHULTE ST BARRINGTON IL 60010,60010
340 LAGESCHULTE ST BARRINGTON IL 60010,60010
210 LAGESCHULTE ST BARRINGTON IL 60010,60010
440 LAGESCHULTE ST BARRINGTON IL 60010,60010
446 LAGESCHULTE ST BARRINGTON IL 60010,60010
442 LAGESCHULTE ST BARRINGTON IL 60010,60010
444 LAGESCHULTE ST BARRINGTON IL 60010,60010
452 W RUSSELL ST BARRINGTON IL 60010,60010
454 W RUSSELL ST 2-454 BARRINGTON IL 60010,60010
456 LAGESCHULTE ST BARRINGTON IL 60010,60010
458 W RUSSELL ST BARRINGTON IL 60010,60010
406 LAGESCHULTE ST BARRINGTON IL 60010,60010
410 LAGESCHULTE ST BARRINGTON IL 60010,60010
432 LAGESCHULTE ST 1 BARRINGTON IL 60010,60010
432 LAGESCHULTE ST 2 BARRINGTON IL 60010,60010
432 LAGESCHULTE ST 3 BARRINGTON IL 60010,60010
434 LAGESCHULTE ST 1 BARRINGTON IL 60010,60010
434 LAGESCHULTE ST 2 BARRINGTON IL 60010,60010
434 LAGESCHULTE ST 3 BARRINGTON IL 60010,60010
436 LAGESCHULTE ST 1 BARRINGTON IL 60010,60010
436 LAGESCHULTE ST 2 BARRINGTON IL 60010,60010
436 LAGESCHULTE LN 3 BARRINGTON IL 60010,60010
438 LAGESCHULTE ST 1 BARRINGTON IL 60010,60010
438 LAGESCHULTE ST 2 BARRINGTON IL 60010,60010
438 LAGESCHULTE ST 3 BARRINGTON IL 60010,60010
420 W RUSSELL ST 2 BARRINGTON IL 60010,60010
420 W RUSSELL ST 3 BARRINGTON IL 60010,60010
422 W RUSSELL ST 2 BARRINGTON IL 60010,60010
422 W RUSSELL ST 3 BARRINGTON IL 60010,60010
422 W RUSSELL ST 1 BARRINGTON IL 60010,60010
424 W RUSSELL ST 2 BARRINGTON IL 60010,60010
424 W RUSSELL ST 3 BARRINGTON IL 60010,60010
426 W RUSSELL ST 2 BARRINGTON IL 60010,60010
426 W RUSSELL ST 3 BARRINGTON IL 60010,60010
426 W RUSSELL ST 1 BARRINGTON IL 60010,60010
428 W RUSSELL ST BARRINGTON IL 60010,60010
430 W RUSSELL ST BARRINGTON IL 60010,60010
432 W RUSSELL ST BARRINGTON IL 60010,60010
434 W RUSSELL ST BARRINGTON IL 60010,60010
436 W RUSSELL ST BARRINGTON IL 60010,60010
438 W RUSSELL ST BARRINGTON IL 60010,60010
440 W RUSSELL ST BARRINGTON IL 60010,60010
442 W RUSSELL ST BARRINGTON IL 60010,60010
444 W RUSSELL ST BARRINGTON IL 60010,60010
446 W RUSSELL ST BARRINGTON IL 60010,60010
448 W RUSSELL ST BARRINGTON IL 60010,60010
450 W RUSSELL ST BARRINGTON IL 60010,60010
452 W RUSSELL ST BARRINGTON IL 60010,60010
454 W RUSSELL ST BARRINGTON IL 60010,60010
456 W RUSSELL ST BARRINGTON IL 60010,60010
458 W RUSSELL ST BARRINGTON IL 60010,60010
460 W RUSSELL ST BARRINGTON IL 60010,60010
462 W RUSSELL ST BARRINGTON IL 60010,60010
464 W RUSSELL ST BARRINGTON IL 60010,60010
466 W RUSSELL ST BARRINGTON IL 60010,60010
468 W RUSSELL ST BARRINGTON IL 60010,60010
470 W RUSSELL ST BARRINGTON IL 60010,60010
472 W RUSSELL ST BARRINGTON IL 60010,60010
474 W RUSSELL ST BARRINGTON IL 60010,60010
560 W RUSSELL ST BARRINGTON IL 60010,60010
562 W RUSSELL ST BARRINGTON IL 60010,60010
564 W RUSSELL ST BARRINGTON IL 60010,60010
566 W RUSSELL ST BARRINGTON IL 60010,60010
568 W RUSSELL ST BARRINGTON IL 60010,60010
570 W RUSSELL ST BARRINGTON IL 60010,60010
582 W RUSSELL ST BARRINGTON IL 60010,60010
588 W RUSSELL ST BARRINGTON IL 60010,60010
584 W RUSSELL ST BARRINGTON IL 60010,60010
586 W RUSSELL ST BARRINGTON IL 60010,60010
600 W RUSSELL ST 1A BARRINGTON IL 60010,60010
600 W RUSSELL ST 101 BARRINGTON IL 60010,60010
600 W RUSSELL ST 102 BARRINGTON IL 60010,60010
600 W RUSSELL ST 103 BARRINGTON IL 60010,60010
600 W RUSSELL ST 104 BARRINGTON IL 60010,60010
600 W RUSSELL ST 105 BARRINGTON IL 60010,60010
600 W RUSSELL ST 106 BARRINGTON IL 60010,60010
600 W RUSSELL ST 107 BARRINGTON IL 60010,60010
600 W RUSSELL ST 108 BARRINGTON IL 60010,60010
600 W RUSSELL ST 109 BARRINGTON IL 60010,60010
600 W RUSSELL ST 110 BARRINGTON IL 60010,60010
600 W RUSSELL ST 111 BARRINGTON IL 60010,60010
600 W RUSSELL ST 112 BARRINGTON IL 60010,60010
600 W RUSSELL ST 2A BARRINGTON IL 60010,60010
600 W RUSSELL ST 201 BARRINGTON IL 60010,60010
600 W RUSSELL ST 202 BARRINGTON IL 60010,60010
600 W RUSSELL ST 203 BARRINGTON IL 60010,60010
600 W RUSSELL ST 204 BARRINGTON IL 60010,60010
600 W RUSSELL ST 205 BARRINGTON IL 60010,60010
600 W RUSSELL ST 206 BARRINGTON IL 60010,60010
600 W RUSSELL ST 207 BARRINGTON IL 60010,60010
600 W RUSSELL ST 208 BARRINGTON IL 60010,60010
600 W RUSSELL ST 209 BARRINGTON IL 60010,60010
600 W RUSSELL ST 210 BARRINGTON IL 60010,60010
600 W RUSSELL ST 211 BARRINGTON IL 60010,60010
600 W RUSSELL ST 212 BARRINGTON IL 60010,60010
600 W RUSSELL ST 3A BARRINGTON IL 60010,60010
600 W RUSSELL ST 301 BARRINGTON IL 60010,60010
600 W RUSSELL ST 302 BARRINGTON IL 60010,60010
600 W RUSSELL ST 303 BARRINGTON IL 60010,60010
600 W RUSSELL ST 304 BARRINGTON IL 60010,60010
600 W RUSSELL ST 305 BARRINGTON IL 60010,60010
600 W RUSSELL ST 306 BARRINGTON IL 60010,60010
600 W RUSSELL ST 307 BARRINGTON IL 60010,60010
600 W RUSSELL ST 308 BARRINGTON IL 60010,60010
600 W RUSSELL ST 309 BARRINGTON IL 60010,60010
600 W RUSSELL ST 310 BARRINGTON IL 60010,60010
600 W RUSSELL ST 311 BARRINGTON IL 60010,60010
600 W RUSSELL ST 312 BARRINGTON IL 60010,60010
463 W RUSSELL ST A BARRINGTON IL 60010,60010
463 W RUSSELL ST B BARRINGTON IL 60010,60010
463 W RUSSELL ST C BARRINGTON IL 60010,60010
463 W RUSSELL ST D BARRINGTON IL 60010,60010
463 W RUSSELL ST E BARRINGTON IL 60010,60010
180 LAGESCHULTE ST BARRINGTON IL 60010,60010
200 LAGESCHULTE ST BARRINGTON IL 60010,60010
345 W MAIN ST BARRINGTON IL 60010,60010
343 W MAIN ST BARRINGTON IL 60010,60010
335 W MAIN ST BARRINGTON IL 60010,60010
333 W MAIN ST BARRINGTON IL 60010,60010
329 W MAIN ST BARRINGTON IL 60010,60010
323 W MAIN ST BARRINGTON IL 60010,60010
317 W MAIN ST BARRINGTON IL 60010,60010
301 W MAIN ST BARRINGTON IL 60010,60010
328 W STATION ST BARRINGTON IL 60010,60010
320 W STATION ST BARRINGTON IL 60010,60010
316 W STATION ST BARRINGTON IL 60010,60010
312 W STATION ST BARRINGTON IL 60010,60010
114 DUNDEE AVE BARRINGTON IL 60010,60010
118 DUNDEE AVE BARRINGTON IL 60010,60010
111 LAGESCHULTE ST BARRINGTON IL 60010,60010
332 W STATION ST BARRINGTON IL 60010,60010
201 LAGESCHULTE ST BARRINGTON IL 60010,60010
333 W STATION ST BARRINGTON IL 60010,60010
327 W STATION ST BARRINGTON IL 60010,60010
321 W STATION ST BARRINGTON IL 60010,60010
317 W STATION ST BARRINGTON IL 60010,60010
311 W STATION ST BARRINGTON IL 60010,60010
200 DUNDEE AVE BARRINGTON IL 60010,60010
208 DUNDEE AVE BARRINGTON IL 60010,60010
338 W LAKE ST BARRINGTON IL 60010,60010
336 W LAKE ST BARRINGTON IL 60010,60010
326 W LAKE ST BARRINGTON IL 60010,60010
322 W LAKE ST BARRINGTON IL 60010,60010
318 W LAKE ST BARRINGTON IL 60010,60010
316 W LAKE ST BARRINGTON IL 60010,60010
212 DUNDEE AVE BARRINGTON IL 60010,60010
216 DUNDEE AVE BARRINGTON IL 60010,60010
341 W LAKE ST BARRINGTON IL 60010,60010
337 W LAKE ST BARRINGTON IL 60010,60010
327 W LAKE ST BARRINGTON IL 60010,60010
321 W LAKE ST BARRINGTON IL 60010,60010
319 W LAKE ST BARRINGTON IL 60010,60010
342 W LINCOLN AVE BARRINGTON IL 60010,60010
334 W LINCOLN AVE BARRINGTON IL 60010,60010
328 W LINCOLN AVE BARRINGTON IL 60010,60010
322 W LINCOLN AVE BARRINGTON IL 60010,60010
318 W LINCOLN AVE BARRINGTON IL 60010,60010
314 W LINCOLN AVE BARRINGTON IL 60010,60010
308 DUNDEE AVE BARRINGTON IL 60010,60010
316 DUNDEE AVE BARRINGTON IL 60010,60010
300 LAGESCHULTE ST BARRINGTON IL 60010,60010
340 LAGESCHULTE ST BARRINGTON IL 60010,60010
317 W LAKE ST BARRINGTON IL 60010,60010
306 W DUNDEE AVE BARRINGTON IL 60010,60010
303 W LAKE ST BARRINGTON IL 60010,60010
341 W LINCOLN AVE BARRINGTON IL 60010,60010
337 W LINCOLN AVE BARRINGTON IL 60010,60010
333 W LINCOLN AVE BARRINGTON IL 60010,60010
329 W LINCOLN AVE BARRINGTON IL 60010,60010
323 W LINCOLN AVE BARRINGTON IL 60010,60010
319 W LINCOLN AVE BARRINGTON IL 60010,60010
315 W LINCOLN AVE BARRINGTON IL 60010,60010
309 W LINCOLN AVE BARRINGTON IL 60010,60010
330 W RUSSELL ST BARRINGTON IL 60010,60010
424 S DUNDEE AVE BARRINGTON IL 60010,60010
412 DUNDEE AVE BARRINGTON IL 60010,60010
414 DUNDEE AVE BARRINGTON IL 60010,60010
419 LAGESCHULTE ST BARRINGTON IL 60010,60010
336 W RUSSELL ST BARRINGTON IL 60010,60010
320 W RUSSELL ST BARRINGTON IL 60010,60010
314 W RUSSELL ST BARRINGTON IL 60010,60010
400 DUNDEE AVE BARRINGTON IL 60010,60010
406 DUNDEE AVE BARRINGTON IL 60010,60010
413 LAGESCHULTE ST BARRINGTON IL 60010,60010
415 LAGESCHULTE ST BARRINGTON IL 60010,60010
610 DUNDEE AVE BARRINGTON IL 60010,60010
600 DUNDEE AVE BARRINGTON IL 60010,60010
600 DUNDEE AVE BARRINGTON IL 60010,60010
323 W RUSSELL ST BARRINGTON IL 60010,60010
317 W RUSSELL ST BARRINGTON IL 60010,60010
500 DUNDEE AVE BARRINGTON IL 60010,60010
512 DUNDEE AVE BARRINGTON IL 60010,60010
520 DUNDEE AVE BARRINGTON IL 60010,60010
329 W RUSSELL ST BARRINGTON IL 60010,60010
341 W RUSSELL ST BARRINGTON IL 60010,60010
335 W RUSSELL ST BARRINGTON IL 60010,60010
504 LAGESCHULTE ST BARRINGTON IL 60010,60010
510 LAGESCHULTE ST BARRINGTON IL 60010,60010
516 LAGESCHULTE ST BARRINGTON IL 60010,60010
522 LAGESCHULTE ST BARRINGTON IL 60010,60010
523 LAGESCHULTE ST BARRINGTON IL 60010,60010
517 LAGESCHULTE ST BARRINGTON IL 60010,60010
355 WESTWOOD DR BARRINGTON IL 60010,60010
365 WESTWOOD DR BARRINGTON IL 60010,60010
375 WESTWOOD DR BARRINGTON IL 60010,60010
400 WESTWOOD DR BARRINGTON IL 60010,60010
410 WESTWOOD DR BARRINGTON IL 60010,60010
420 WESTWOOD DR BARRINGTON IL 60010,60010
430 WESTWOOD DR BARRINGTON IL 60010,60010
440 WESTWOOD DR BARRINGTON IL 60010,60010
450 WESTWOOD DR BARRINGTON IL 60010,60010
460 WESTWOOD DR BARRINGTON IL 60010,60010
470 WESTWOOD DR BARRINGTON IL 60010,60010
480 WESTWOOD DR BARRINGTON IL 60010,60010
500 WESTWOOD DR BARRINGTON IL 60010,60010
510 WESTWOOD DR BARRINGTON IL 60010,60010
520 WESTWOOD DR BARRINGTON IL 60010,60010
530 WESTWOOD DR BARRINGTON IL 60010,60010
540 WESTWOOD DR BARRINGTON IL 60010,60010
550 WESTWOOD DR BARRINGTON IL 60010,60010
385 WESTWOOD  DR BARRINGTON 60010,60010
395 WESTWOOD DR BARRINGTON 60010,60010
460 W HILLSIDE AVE BARRINGTON IL 60010,60010
450 W HILLSIDE AVE BARRINGTON IL 60010,60010
440 W HILLSIDE AVE BARRINGTON IL 60010,60010
430 W HILLSIDE AVE BARRINGTON IL 60010,60010
420 W HILLSIDE AVE BARRINGTON IL 60010,60010
410 W HILLSIDE AVE BARRINGTON IL 60010,60010
350 WESTWOOD DR BARRINGTON IL 60010,60010
405 WESTWOOD DR BARRINGTON IL 60010,60010
415 WESTWOOD DR BARRINGTON IL 60010,60010
425 WESTWOOD DR BARRINGTON IL 60010,60010
435 WESTWOOD DR BARRINGTON IL 60010,60010
445 WESTWOOD DR BARRINGTON IL 60010,60010
455 WESTWOOD DR BARRINGTON IL 60010,60010
465 WESTWOOD DR BARRINGTON IL 60010,60010
475 WESTWOOD DR BARRINGTON IL 60010,60010
485 WESTWOOD DR BARRINGTON IL 60010,60010
470 W HILLSIDE AVE BARRINGTON IL 60010,60010
480 W HILLSIDE AVE BARRINGTON IL 60010,60010
46 OTIS RD BARRINGTON HILLS IL 60010,60010
56 OTIS RD BARRINGTON HILLS IL 60010,60010
52 OTIS RD BARRINGTON HILLS IL 60010,60010
48 OTIS RD BARRINGTON HILLS IL 60010,60010
221 OAKDENE DR BARRINGTON HILLS IL 60010,60010
201 OAKDENE DR BARRINGTON HILLS IL 60010,60010
230 OAKDENE DR BARRINGTON HILLS IL 60010,60010
216 OAKDENE DR BARRINGTON HILLS IL 60010,60010
206 OAKDENE DR BARRINGTON HILLS IL 60010,60010
43 SANDLEWOOD LN BARRINGTON HILLS IL 60010,60010
45 SANDLEWOOD LN BARRINGTON HILLS IL 60010,60010
43 OAKDENE DR BARRINGTON HILLS IL 60010,60010
47 OAKDENE DR BARRINGTON HILLS IL 60010,60010
217 OAKDENE DR BARRINGTON HILLS IL 60010,60010
209 OAKDENE DR BARRINGTON HILLS IL 60010,60010
205 OAKDENE DR BARRINGTON HILLS IL 60010,60010
29 OAKDENE DR BARRINGTON HILLS IL 60010,60010
33 OAKDENE RD BARRINGTON HILLS IL 60010,60010
36 SANDLEWOOD LN BARRINGTON HILLS IL 60010,60010
36 SANDLEWOOD LN BARRINGTON HILLS IL 60010,60010
41 SANDLEWOOD LN BARRINGTON HILLS IL 60010,60010
37 OAKDENE DR BARRINGTON HILLS IL 60010,60010
63 WINDRUSH LN BARRINGTON HILLS IL 60010,60010
61 WINDRUSH LN BARRINGTON HILLS IL 60010,60010
65 WINDRUSH LN BARRINGTON HILLS IL 60010,60010
67 WINDRUSH LN BARRINGTON HILLS IL 60010,60010
71 WINDRUSH LN BARRINGTON HILLS IL 60010,60010
66 WINDRUSH LN BARRINGTON HILLS IL 60010,60010
62 WINDRUSH LN BARRINGTON HILLS IL 60010,60010
221 OAKDENE DR BARRINGTON HILLS IL 60010,60010
46 OAKDENE DR BARRINGTON HILLS IL 60010,60010
220 OAKDENE RD BARRINGTON HILLS IL 60010,60010
201 S GROVE AVE BARRINGTON HILLS IL 60010,60010
50 OAKDENE DR BARRINGTON HILLS IL 60010,60010
46 OAKDENE DR BARRINGTON HILLS IL 60010,60010
74 WINDRUSH LN BARRINGTON IL 60010,60010
70 WINDRUSH LN BARRINGTON IL 60010,60010
38 OTIS RD BARRINGTON HILLS IL 60010,60010
516 W SHADY LN BARRINGTON IL 60010,60010
730 FOREST DR BARRINGTON IL 60010,60010
734 FOREST DR BARRINGTON IL 60010,60010
738 FOREST DR BARRINGTON IL 60010,60010
748 FOREST DR BARRINGTON IL 60010,60010
510 SHADY LN BARRINGTON IL 60010,60010
514 SHADY LN BARRINGTON IL 60010,60010
516 SHADY LN BARRINGTON IL 60010,60010
810 FOREST DR BARRINGTON IL 60010,60010
820 FOREST DR BARRINGTON IL 60010,60010
489 W HILLSIDE AVE BARRINGTON IL 60010,60010
550 WESTWOOD DR BARRINGTON IL 60010,60010
512 SHADY LN BARRINGTON IL 60010,60010
491 W HILLSIDE AVE BARRINGTON IL 60010,60010
489 W HILLSIDE AVE BARRINGTON IL 60010,60010
487 W HILLSIDE AVE BARRINGTON IL 60010,60010
485 W HILLSIDE AVE BARRINGTON IL 60010,60010
515 SHADY LN BARRINGTON IL 60010,60010
820 FOREST DR BARRINGTON IL 60010,60010
720 S DUNDEE AVE BARRINGTON IL 60010,60010
720 S DUNDEE AVE BARRINGTON IL 60010,60010
46 OTIS RD BARRINGTON HILLS IL 60010,60010
36 OTIS RD BARRINGTON HILLS IL 60010,60010
32 OTIS RD BARRINGTON HILLS IL 60010,60010
38 OTIS RD BARRINGTON HILLS IL 60010,60010
40 OTIS RD BARRINGTON HILLS IL 60010,60010
48 OTIS RD BARRINGTON HILLS IL 60010,60010
42 OTIS RD BARRINGTON HILLS IL 60010,60010
40 OTIS RD BARRINGTON HILLS IL 60010,60010
36 OTIS RD BARRINGTON HILLS IL 60010,60010
32 OTIS RD BARRINGTON HILLS IL 60010,60010
31 OTIS RD BARRINGTON HILLS IL 60010,60010
31 OTIS RD BARRINGTON HILLS IL 60010,60010
42 OTIS RD BARRINGTON HILLS IL 60010,60010
40 OTIS RD BARRINGTON HILLS IL 60010,60010
840 FOREST DR BARRINGTON IL 60010,60010
46 OTIS RD BARRINGTON HILLS IL 60010,60010
25 OTIS RD BARRINGTON HILLS IL 60010,60010
21 OTIS RD BARRINGTON HILLS IL 60010,60010
44 HAWTHORNE RD BARRINGTON HILLS IL 60010,60010
47 HAWTHORNE RD BARRINGTON HILLS IL 60010,60010
30 DUNDEE LN BARRINGTON HILLS IL 60010,60010
31 OTIS RD BARRINGTON IL 60010,60010
50 S HAWTHORNE RD BARRINGTON HILLS IL 60010,60010
460 TOWER RD BARRINGTON IL 60010,60010
450 TOWER RD BARRINGTON IL 60010,60010
475 W HILLSIDE AVE BARRINGTON IL 60010,60010
206 S HOUGH ST BARRINGTON IL 60010,60010
455 W HILLSIDE AVE BARRINGTON IL 60010,60010
465 W HILLSIDE AVE BARRINGTON IL 60010,60010
445 W HILLSIDE AVE BARRINGTON IL 60010,60010
425 W HILLSIDE AVE BARRINGTON IL 60010,60010
415 W HILLSIDE AVE BARRINGTON IL 60010,60010
405 W HILLSIDE AVE BARRINGTON IL 60010,60010
440 TOWER RD BARRINGTON IL 60010,60010
465 TOWER RD BARRINGTON IL 60010,60010
455 TOWER RD BARRINGTON IL 60010,60010
445 TOWER RD BARRINGTON IL 60010,60010
460 SHADY LN BARRINGTON IL 60010,60010
450 SHADY LN BARRINGTON IL 60010,60010
440 SHADY LN BARRINGTON IL 60010,60010
435 TOWER RD BARRINGTON IL 60010,60010
740 ORCHARD DR BARRINGTON IL 60010,60010
744 ORCHARD DR BARRINGTON IL 60010,60010
465 SHADY LN BARRINGTON IL 60010,60010
455 SHADY LN BARRINGTON IL 60010,60010
445 W SHADY LN BARRINGTON IL 60010,60010
456 W SUNSET RD BARRINGTON IL 60010,60010
450 W SUNSET RD BARRINGTON IL 60010,60010
444 W SUNSET RD BARRINGTON IL 60010,60010
748 ORCHARD DR BARRINGTON IL 60010,60010
752 ORCHARD DR BARRINGTON IL 60010,60010
430 SUNSET RD BARRINGTON IL 60010,60010
465 SUNSET RD BARRINGTON IL 60010,60010
455 W SUNSET RD BARRINGTON IL 60010,60010
445 W SUNSET RD BARRINGTON IL 60010,60010
435 W SUNSET RD BARRINGTON IL 60010,60010
425 SUNSET RD BARRINGTON IL 60010,60010
415 W SUNSET RD BARRINGTON IL 60010,60010
464 OTIS RD BARRINGTON IL 60010,60010
454 OTIS RD BARRINGTON IL 60010,60010
444 OTIS RD BARRINGTON IL 60010,60010
434 OTIS RD BARRINGTON IL 60010,60010
424 OTIS RD BARRINGTON IL 60010,60010
414 OTIS RD BARRINGTON IL 60010,60010
850 COUNTRY DR BARRINGTON IL 60010,60010
860 COUNTRY DR BARRINGTON IL 60010,60010
820 COUNTRY DR BARRINGTON IL 60010,60010
838 COUNTRY DR BARRINGTON IL 60010,60010
729 ORCHARD DR BARRINGTON IL 60010,60010
739 ORCHARD DR BARRINGTON IL 60010,60010
743 ORCHARD DR BARRINGTON IL 60010,60010
749 ORCHARD DR BARRINGTON IL 60010,60010
821 ORCHARD DR BARRINGTON IL 60010,60010
730 COUNTRY DR BARRINGTON IL 60010,60010
740 COUNTRY DR BARRINGTON IL 60010,60010
744 COUNTRY DR BARRINGTON IL 60010,60010
750 COUNTRY DR BARRINGTON IL 60010,60010
729 COUNTRY DR BARRINGTON IL 60010,60010
730 DUNDEE AVE BARRINGTON IL 60010,60010
739 COUNTRY DR BARRINGTON IL 60010,60010
743 COUNTRY DR BARRINGTON IL 60010,60010
749 COUNTRY DR BARRINGTON IL 60010,60010
750 DUNDEE AVE BARRINGTON IL 60010,60010
744 DUNDEE AVE BARRINGTON IL 60010,60010
740 DUNDEE AVE BARRINGTON IL 60010,60010
821 COUNTRY DR BARRINGTON IL 60010,60010
831 COUNTRY DR BARRINGTON IL 60010,60010
841 COUNTRY DR BARRINGTON IL 60010,60010
851 COUNTRY DR BARRINGTON IL 60010,60010
861 COUNTRY DR BARRINGTON IL 60010,60010
314 OTIS RD BARRINGTON IL 60010,60010
304 OTIS RD BARRINGTON IL 60010,60010
822 DUNDEE AVE BARRINGTON IL 60010,60010
826 DUNDEE AVE BARRINGTON IL 60010,60010
832 DUNDEE AVE BARRINGTON IL 60010,60010
838 DUNDEE AVE BARRINGTON IL 60010,60010
844 DUNDEE AVE BARRINGTON IL 60010,60010
848 DUNDEE AVE BARRINGTON IL 60010,60010
229 W COUNTY LINE RD BARRINGTON HILLS IL 60010,60010
6 BRINKER RD BARRINGTON HILLS IL 60010,60010
205 W COUNTY LINE RD BARRINGTON HILLS IL 60010,60010
215 W COUNTY LINE RD BARRINGTON HILLS IL 60010,60010
6 BRINKER RD BARRINGTON HILLS IL 60010,60010
10 BRINKER RD BARRINGTON HILLS IL 60010,60010
6 BRINKER RD BARRINGTON HILLS IL 60010,60010
200 BUTTERNUT RD BARRINGTON HILLS IL 60010,60010
26 BRINKER RD BARRINGTON HILLS IL 60010,60010
20 BRINKER RD BARRINGTON HILLS IL 60010,60010
22 BRINKER RD BARRINGTON HILLS IL 60010,60010
22 BRINKER RD BARRINGTON HILLS IL 60010,60010
18 BRINKER RD BARRINGTON HILLS IL 60010,60010
18 BRINKER RD BARRINGTON HILLS IL 60010,60010
231 BUTTERNUT RD BARRINGTON HILLS IL 60010,60010
231 BUTTERNUT RD BARRINGTON HILLS IL 60010,60010
22 BRINKER RD BARRINGTON HILLS IL 60010,60010
22 BRINKER RD BARRINGTON HILLS IL 60010,60010
26 BRINKER RD BARRINGTON HILLS IL 60010,60010
20 BRINKER RD BARRINGTON HILLS IL 60010,60010
231 W COUNTY LINE RD BARRINGTON HILLS IL 60010,60010
227 W COUNTY LINE RD BARRINGTON HILLS IL 60010,60010
13 BRINKER RD BARRINGTON HILLS IL 60010,60010
23 BRINKER RD BARRINGTON HILLS IL 60010,60010
23 BRINKER RD BARRINGTON HILLS IL 60010,60010
409 W COUNTY LINE RD BARRINGTON HILLS IL 60010,60010
13 BRINKER RD BARRINGTON HILLS IL 60010,60010
5 BRINKER RD BARRINGTON HILLS IL 60010,60010
416 W COUNTY LINE RD BARRINGTON HILLS IL 60010,60010
5 THREE LAKES RD BARRINGTON HILLS 60010,60010
9 BRINKER RD BARRINGTON HILLS IL 60010,60010
7 BRINKER RD BARRINGTON HILLS IL 60010,60010
3 BRINKER RD BARRINGTON HILLS IL 60010,60010
223 OAKDENE DR BARRINGTON HILLS IL 60010,60010
404 CAESAR DR BARRINGTON HILLS IL 60010,60010
425 CAESAR DR BARRINGTON HILLS IL 60010,60010
8 THREE LAKES RD BARRINGTON HILLS IL 60010,60010
404 CAESAR DR BARRINGTON HILLS IL 60010,60010
422 CAESAR DR BARRINGTON HILLS IL 60010,60010
408 CAESAR DR BARRINGTON HILLS IL 60010,60010
414 CAESAR DR BARRINGTON HILLS IL 60010,60010
415 CAESAR DR BARRINGTON HILLS IL 60010,60010
417 DANA LN BARRINGTON HILLS IL 60010,60010
415 DANA LN BARRINGTON HILLS IL 60010,60010
418 DANA LN BARRINGTON HILLS IL 60010,60010
420 DANA LN BARRINGTON HILLS IL 60010,60010
411 CAESAR DR BARRINGTON HILLS IL 60010,60010
412 CAESAR DR BARRINGTON HILLS IL 60010,60010
414 DANA LN BARRINGTON HILLS IL 60010,60010
414 DANA LN BARRINGTON HILLS IL 60010,60010
4 THREE LAKES RD BARRINGTON HILLS IL 60010,60010
418 W COUNTY LINE RD B BARRINGTON HILLS IL 60010,60010
413 CAESAR DR BARRINGTON HILLS IL 60010,60010
7 THREE LAKES RD BARRINGTON HILLS IL 60010,60010
413 DANA LN BARRINGTON HILLS IL 60010,60010
9 THREE LAKES RD BARRINGTON HILLS IL 60010,60010
5 THREE LAKES RD BARRINGTON HILLS IL 60010,60010
21 BRINKER RD BARRINGTON HILLS IL 60010,60010
418 CAESAR DR BARRINGTON HILLS IL 60010,60010
417 CAESAR DR BARRINGTON HILLS IL 60010,60010
30 BRINKER RD BARRINGTON HILLS IL 60010,60010
40 BRINKER RD BARRINGTON HILLS IL 60010,60010
206 OTIS RD BARRINGTON HILLS IL 60010,60010
38 BRINKER RD BARRINGTON HILLS IL 60010,60010
43 BRINKER RD BARRINGTON HILLS IL 60010,60010
54 BRINKER RD BARRINGTON HILLS IL 60010,60010
50 BRINKER RD BARRINGTON HILLS IL 60010,60010
36 BRINKER RD BARRINGTON HILLS IL 60010,60010
32 BRINKER RD BARRINGTON HILLS IL 60010,60010
58 BRINKER RD BARRINGTON HILLS IL 60010,60010
56 BRINKER RD BARRINGTON HILLS IL 60010,60010
52 BRINKER RD BARRINGTON HILLS IL 60010,60010
31 BRINKER RD BARRINGTON HILLS IL 60010,60010
106 OTIS RD BARRINGTON HILLS IL 60010,60010
35 BRINKER RD BARRINGTON HILLS IL 60010,60010
110 OTIS RD BARRINGTON HILLS IL 60010,60010
27 BRINKER RD BARRINGTON HILLS IL 60010,60010
27 BRINKER RD BARRINGTON HILLS IL 60010,60010
25 BRINKER RD BARRINGTON HILLS IL 60010,60010
25 BRINKER RD BARRINGTON HILLS IL 60010,60010
53 BRINKER RD BARRINGTON HILLS IL 60010,60010
53 BRINKER RD BARRINGTON HILLS IL 60010,60010
37 BRINKER RD BARRINGTON HILLS IL 60010,60010
37 BRINKER RD BARRINGTON HILLS IL 60010,60010
29 BRINKER RD BARRINGTON HILLS IL 60010,60010
19 BRINKER RD BARRINGTON HILLS IL 60010,60010
45 BRINKER RD BARRINGTON HILLS IL 60010,60010
39 BRINKER RD BARRINGTON HILLS IL 60010,60010
51 BRINKER RD BARRINGTON HILLS IL 60010,60010
47 BRINKER RD BARRINGTON HILLS IL 60010,60010
49 BRINKER RD BARRINGTON HILLS IL 60010,60010
49 BRINKER RD BARRINGTON HILLS IL 60010,60010
47 BRINKER RD BARRINGTON HILLS IL 60010,60010
88 OTIS RD BARRINGTON HILLS IL 60010,60010
94 OTIS RD BARRINGTON HILLS IL 60010,60010
96 OTIS RD BARRINGTON HILLS IL 60010,60010
428 CAESAR DR BARRINGTON HILLS IL 60010,60010
429 CAESAR DR BARRINGTON HILLS IL 60010,60010
431 CAESAR DR BARRINGTON HILLS IL 60010,60010
84 OTIS RD BARRINGTON HILLS IL 60010,60010
419 CAESAR DR BARRINGTON HILLS IL 60010,60010
420 CAESAR DR BARRINGTON HILLS IL 60010,60010
102 OTIS RD BARRINGTON HILLS IL 60010,60010
102 OTIS RD BARRINGTON HILLS IL 60010,60010
55 BRINKER RD BARRINGTON HILLS IL 60010,60010
84 OTIS RD BARRINGTON HILLS IL 60010,60010
70 OTIS RD BARRINGTON HILLS IL 60010,60010
82 OTIS RD BARRINGTON HILLS IL 60010,60010
78 OTIS RD BARRINGTON HILLS IL 60010,60010
74 OTIS RD BARRINGTON HILLS IL 60010,60010
72 OTIS RD BARRINGTON HILLS IL 60010,60010
41 BRINKER RD BARRINGTON HILLS IL 60010,60010
418 CAESAR DR BARRINGTON HILLS IL 60010,60010
55 BRINKER RD BARRINGTON HILLS IL 60010,60010
220 OAKDENE RD BARRINGTON HILLS IL 60010,60010
201 S GROVE AVE BARRINGTON HILLS IL 60010,60010
278 DONLEA RD BARRINGTON HILLS IL 60010,60010
375 W COUNTY LINE RD BARRINGTON HILLS IL 60010,60010
276 DONLEA RD BARRINGTON HILLS IL 60010,60010
272 DONLEA RD BARRINGTON HILLS IL 60010,60010
274 DONLEA RD BARRINGTON HILLS IL 60010,60010
300 DONLEA RD BARRINGTON HILLS IL 60010,60010
280 DONLEA RD BARRINGTON HILLS IL 60010,60010
376 W COUNTY LINE RD BARRINGTON HILLS IL 60010,60010
376 W COUNTY LINE RD BARRINGTON HILLS IL 60010,60010
282 DONLEA RD BARRINGTON HILLS IL 60010,60010
284 DONLEA RD BARRINGTON HILLS IL 60010,60010
284 DONLEA RD BARRINGTON HILLS IL 60010,60010
378 W COUNTY LINE RD BARRINGTON HILLS IL 60010,60010
380 W COUNTY LINE RD BARRINGTON HILLS IL 60010,60010
12 BARRINGTON HILLS RD BARRINGTON HILLS IL 60010,60010
18 BARRINGTON HILLS RD BARRINGTON HILLS IL 60010,60010
16 BARRINGTON HILLS RD BARRINGTON HILLS IL 60010,60010
14 BARRINGTON HILLS RD BARRINGTON HILLS IL 60010,60010
266 DONLEA RD BARRINGTON HILLS IL 60010,60010
262 DONLEA RD BARRINGTON HILLS IL 60010,60010
20 BARRINGTON HILLS RD BARRINGTON HILLS IL 60010,60010
264 DONLEA RD BARRINGTON HILLS IL 60010,60010
8 BARRINGTON HILLS RD BARRINGTON HILLS IL 60010,60010
15 BARRINGTON HILLS RD BARRINGTON HILLS IL 60010,60010
265 DONLEA RD BARRINGTON HILLS IL 60010,60010
274 LEEDS DR BARRINGTON HILLS IL 60010,60010
270 LEEDS DR BARRINGTON HILLS IL 60010,60010
264 LEEDS DR BARRINGTON HILLS IL 60010,60010
260 LEEDS DR BARRINGTON HILLS IL 60010,60010
265 DONLEA RD BARRINGTON HILLS IL 60010,60010
210 DONLEA RD BARRINGTON HILLS IL 60010,60010
239 BUTTERNUT RD BARRINGTON HILLS IL 60010,60010
235 BUTTERNUT RD BARRINGTON HILLS IL 60010,60010
229 DONLEA RD BARRINGTON HILLS IL 60010,60010
243 DONLEA RD BARRINGTON HILLS IL 60010,60010
235 DONLEA RD BARRINGTON HILLS IL 60010,60010
215 DONLEA RD BARRINGTON HILLS IL 60010,60010
201 DONLEA RD BARRINGTON HILLS IL 60010,60010
215 W COUNTY LINE RD BARRINGTON HILLS IL 60010,60010
230 BUTTERNUT RD BARRINGTON HILLS IL 60010,60010
235 DONLEA RD BARRINGTON HILLS IL 60010,60010
237 DONLEA RD BARRINGTON HILLS IL 60010,60010
231 BUTTERNUT RD BARRINGTON HILLS IL 60010,60010
200 BUTTERNUT RD BARRINGTON HILLS IL 60010,60010
231 W COUNTY LINE RD BARRINGTON HILLS IL 60010,60010
227 W COUNTY LINE RD BARRINGTON HILLS IL 60010,60010
239 DONLEA RD BARRINGTON HILLS IL 60010,60010
251 DONLEA RD BARRINGTON HILLS IL 60010,60010
257 DONLEA RD BARRINGTON HILLS IL 60010,60010
33 CRABAPPLE LN BARRINGTON HILLS IL 60010,60010
249 BUTTERNUT RD BARRINGTON HILLS IL 60010,60010
37 CRABAPPLE LN BARRINGTON HILLS IL 60010,60010
37 CRABAPPLE LN BARRINGTON HILLS IL 60010,60010
243 BUTTERNUT RD BARRINGTON HILLS IL 60010,60010
379 W COUNTY LINE RD BARRINGTON HILLS IL 60010,60010
383 W COUNTY LINE RD BARRINGTON HILLS IL 60010,60010
381 W COUNTY LINE RD BARRINGTON HILLS IL 60010,60010
17 BARRINGTON HILLS RD BARRINGTON HILLS IL 60010,60010
11 BARRINGTON HILLS RD BARRINGTON HILLS IL 60010,60010
2 BARRINGTON HILLS RD BARRINGTON HILLS IL 60010,60010
232 DONLEA RD BARRINGTON HILLS IL 60010,60010
240 DONLEA RD BARRINGTON HILLS IL 60010,60010
230 DONLEA RD BARRINGTON HILLS IL 60010,60010
254 DONLEA RD BARRINGTON HILLS IL 60010,60010
250 DONLEA RD BARRINGTON HILLS IL 60010,60010
287 DONLEA RD BARRINGTON HILLS IL 60010,60010
291 DONLEA RD BARRINGTON HILLS IL 60010,60010
265 LEEDS DR BARRINGTON HILLS IL 60010,60010
269 LEEDS DR BARRINGTON HILLS IL 60010,60010
273 LEEDS DR BARRINGTON HILLS IL 60010,60010
351 SUTTON RD BARRINGTON HILLS IL 60010,60010
352 SUTTON RD BARRINGTON HILLS IL 60010,60010
349 SUTTON RD BARRINGTON HILLS IL 60010,60010
349 SUTTON RD BARRINGTON HILLS IL 60010,60010
271 DONLEA RD BARRINGTON HILLS IL 60010,60010
283 DONLEA RD BARRINGTON HILLS IL 60010,60010
273 DONLEA RD BARRINGTON HILLS IL 60010,60010
281 DONLEA RD BARRINGTON HILLS IL 60010,60010
275 DONLEA RD BARRINGTON HILLS IL 60010,60010
40 VALLEY DR BARRINGTON HILLS IL 60010,60010
42 VALLEY DR BARRINGTON HILLS IL 60010,60010
44 VALLEY DR BARRINGTON HILLS IL 60010,60010
46 VALLEY DR BARRINGTON HILLS IL 60010,60010
348 SUTTON RD BARRINGTON HILLS IL 60010,60010
350 SUTTON RD BARRINGTON HILLS IL 60010,60010
272 OTIS RD BARRINGTON HILLS IL 60010,60010
298 OTIS RD BARRINGTON HILLS IL 60010,60010
300 OTIS RD BARRINGTON HILLS IL 60010,60010
300 OTIS RD BARRINGTON HILLS IL 60010,60010
280 OTIS RD BARRINGTON HILLS IL 60010,60010
41 CRABAPPLE LN BARRINGTON HILLS IL 60010,60010
251 ABERDEEN DR BARRINGTON HILLS IL 60102,60102
46 BRINKER RD BARRINGTON HILLS IL 60010,60010
45 CRABAPPLE LN BARRINGTON HILLS IL 60010,60010
38 BRINKER RD BARRINGTON HILLS IL 60010,60010
40 BRINKER RD BARRINGTON HILLS IL 60010,60010
24 BRINKER RD BARRINGTON HILLS IL 60010,60010
46 BRINKER RD BARRINGTON HILLS IL 60010,60010
24 BRINKER RD BARRINGTON HILLS IL 60010,60010
28 BRINKER RD BARRINGTON HILLS IL 60010,60010
42 BRINKER RD BARRINGTON HILLS IL 60010,60010
48 BRINKER RD BARRINGTON HILLS IL 60010,60010
44 BRINKER RD BARRINGTON IL 60010,60010
252 OTIS RD BARRINGTON HILLS IL 60010,60010
250 OTIS RD BARRINGTON HILLS IL 60010,60010
230 OTIS RD BARRINGTON HILLS IL 60010,60010
230 OTIS RD BARRINGTON HILLS IL 60010,60010
222 OTIS RD BARRINGTON HILLS IL 60010,60010
260 OTIS RD BARRINGTON HILLS IL 60010,60010
254 OTIS RD BARRINGTON HILLS IL 60010,60010
40 BRINKER RD BARRINGTON HILLS IL 60010,60010
220 OTIS RD BARRINGTON HILLS IL 60010,60010
210 OTIS RD BARRINGTON HILLS IL 60010,60010
34 BRINKER RD BARRINGTON HILLS IL 60010,60010
33 BRINKER RD BARRINGTON HILLS IL 60010,60010
373 BATEMAN RD BARRINGTON HILLS IL 60010,60010
384 SUTTON RD BARRINGTON HILLS IL 60010,60010
356 SUTTON RD BARRINGTON HILLS IL 60010,60010
385 SUTTON RD BARRINGTON HILLS IL 60010,60010
386 SUTTON RD BARRINGTON HILLS IL 60010,60010
373 W COUNTY LINE RD BARRINGTON HILLS IL 60010,60010
360 SUTTON RD BARRINGTON HILLS IL 60010,60010
384 SUTTON RD BARRINGTON HILLS IL 60010,60010
380 SUTTON RD BARRINGTON HILLS IL 60010,60010
387 SUTTON RD RR5 BARRINGTON HILLS IL 60010,60010
390 SUTTON RD BARRINGTON HILLS IL 60010,60010
362 OLD SUTTON RD BARRINGTON HILLS IL 60010,60010
359 SUTTON RD BARRINGTON IL 60010,60010
373 W COUNTY LINE RD BARRINGTON HILLS IL 60010,60010
373 W COUNTY LINE RD BARRINGTON HILLS IL 60010,60010
356 SUTTON RD BARRINGTON HILLS IL 60010,60010
356 SUTTON RD BARRINGTON HILLS IL 60010,60010
356 SUTTON RD BARRINGTON HILLS IL 60010,60010
358 SUTTON RD BARRINGTON HILLS IL 60010,60010
356 SUTTON RD BARRINGTON HILLS IL 60010,60010
356 SUTTON RD BARRINGTON HILLS IL 60010,60010
360 DONLEA RD BARRINGTON HILLS IL 60010,60010
360 DONLEA RD BARRINGTON HILLS IL 60010,60010
350 DONLEA RD BARRINGTON HILLS IL 60010,60010
340 DONLEA RD BARRINGTON HILLS IL 60010,60010
328 DONLEA RD BARRINGTON HILLS IL 60010,60010
310 DONLEA RD BARRINGTON HILLS IL 60010,60010
330 DONLEA RD BARRINGTON HILLS IL 60010,60010
328 DONLEA RD BARRINGTON HILLS IL 60010,60010
358 SUTTON RD BARRINGTON HILLS IL 60010,60010
296 DONLEA RD BARRINGTON HILLS IL 60010,60010
355 SUTTON RD BARRINGTON HILLS IL 60010,60010
291 DONLEA RD BARRINGTON HILLS IL 60010,60010
352 SUTTON RD BARRINGTON HILLS IL 60010,60010
353 SUTTON RD BARRINGTON HILLS IL 60010,60010
354 SUTTON RD BARRINGTON HILLS IL 60010,60010
353 OLD SUTTON RD BARRINGTON HILLS IL 60010,60010
354 SUTTON RD BARRINGTON HILLS IL 60010,60010
350 SUTTON RD BARRINGTON HILLS IL 60010,60010
106 W COUNTY LINE RD BARRINGTON HILLS IL 60010,60010
107 W COUNTY LINE RD BARRINGTON HILLS IL 60010,60010
101 W COUNTY LINE RD BARRINGTON HILLS IL 60010,60010
99 W COUNTY LINE RD BARRINGTON HILLS IL 60010,60010
104 W COUNTY LINE RD BARRINGTON HILLS IL 60010,60010
104 COUNTY LINE RD BARRINGTON IL 60010,60010
10 CRAWLING STONE RD BARRINGTON HILLS IL 60010,60010
8 CRAWLING STONE RD BARRINGTON HILLS IL 60010,60010
12 CRAWLING STONE RD BARRINGTON HILLS IL 60010,60010
6 CRAWLING STONE RD BARRINGTON HILLS IL 60010,60010
2 CRAWLING STONE RD BARRINGTON HILLS IL 60010,60010
5 MIDDLEBURY RD BARRINGTON HILLS IL 60010,60010
103 W COUNTY LINE RD BARRINGTON HILLS IL 60010,60010
7 MIDDLEBURY RD BARRINGTON HILLS IL 60010,60010
3 MIDDLEBURY RD BARRINGTON HILLS IL 60010,60010
1 MIDDLEBURY RD BARRINGTON HILLS IL 60010,60010
2 MIDDLEBURY RD BARRINGTON HILLS IL 60010,60010
7 CRAWLING STONE RD BARRINGTON HILLS IL 60010,60010
4 MIDDLEBURY RD BARRINGTON IL 60010,60010
98 W COUNTY LINE RD BARRINGTON HILLS IL 60010,60010
98 MIDDLEBURY RD BARRINGTON HILLS IL 60010,60010
99 W COUNTY LINE RD BARRINGTON HILLS IL 60010,60010
98 W MIDDLEBURY RD BARRINGTON IL 60010,60010
103 W COUNTY LINE RD BARRINGTON IL 60010,60010
103 W COUNTY LINE RD BARRINGTON IL 60010,60010
95 W COUNTY LINE RD BARRINGTON IL 60010,60010
95 W COUNTY LINE RD BARRINGTON HILLS IL 60010,60010
373 BATEMAN CIR BARRINGTON HILLS IL 60010,60010
93 BATEMAN RD BARRINGTON HILLS IL 60010,60010
195 BATEMAN RD BARRINGTON IL 60010,60010
93 BATEMAN CIR BARRINGTON HILLS IL 60010,60010
154 ALGONQUIN RD BARRINGTON HILLS IL 60010,60010
365 BATEMAN CIR BARRINGTON HILLS IL 60010,60010
360 BATEMAN CIR BARRINGTON HILLS IL 60010,60010
362 BATEMAN CIR BARRINGTON HILLS IL 60010,60010
364 BATEMAN CIR BARRINGTON HILLS IL 60010,60010
390 DEEPWOOD RD BARRINGTON HILLS IL 60010,60010
351 DEEPWOOD RD BARRINGTON HILLS IL 60010,60010
13 DEEPWOOD RD BARRINGTON HILLS IL 60010,60010
2 WOOD ROCK RD BARRINGTON IL 60010,60010
4 FAR HILLS RD BARRINGTON HILLS IL 60010,60010
1 WOOD ROCK RD BARRINGTON HILLS IL 60010,60010
362 DEEPWOOD RD BARRINGTON HILLS IL 60010,60010
3 FAR HILLS RD BARRINGTON HILLS IL 60010,60010
2 FAR HILLS RD BARRINGTON HILLS IL 60010,60010
1 FAR HILLS RD BARRINGTON HILLS IL 60010,60010
5 FAR HILLS RD BARRINGTON HILLS IL 60010,60010
366 OVERLOOK RD BARRINGTON HILLS IL 60010,60010
367 OVERLOOK RD BARRINGTON HILLS IL 60010,60010
361 OVERLOOK RD BARRINGTON HILLS IL 60010,60010
361 S BATEMAN CIR BARRINGTON HILLS IL 60010,60010
10 DEEPWOOD RD BARRINGTON HILLS IL 60010,60010
11 DEEPWOOD RD BARRINGTON HILLS IL 60010,60010
12 DEEPWOOD RD BARRINGTON HILLS IL 60010,60010
123 DEEPWOOD CT BARRINGTON HILLS IL 60010,60010
223 DEEPWOOD CT BARRINGTON HILLS IL 60010,60010
127 DEEPWOOD RD BARRINGTON HILLS IL 60010,60010
363 BATEMAN CIR BARRINGTON HILLS IL 60010,60010
362 BATEMAN CIR BARRINGTON HILLS IL 60010,60010
359 BATEMAN CIR C BARRINGTON HILLS IL 60010,60010
201 BATEMAN RD 0 BARRINGTON HILLS IL 60010,60010
375 BATEMAN CIR BARRINGTON HILLS IL 60010,60010
363 BATEMAN CIRCLE SOUTH G BARRINGTON IL 60010,60010
366 BATEMAN CIRCLE SOUTH BARRINGTON HILLS IL 60010,60010
363 BATEMAN CIR BARRINGTON HILLS IL 60010,60010
365 BATEMAN RD BARRINGTON HILLS IL 60010,60010
358 BATEMAN CIRCLE SOUTH BARRINGTON HILLS IL 60010,60010
350 BATEMAN RD BARRINGTON IL 60010,60010
7 DEEPWOOD CT BARRINGTON HILLS IL 60010,60010
5 DEEPWOOD CT BARRINGTON HILLS IL 60010,60010
368 BATEMAN RD BARRINGTON HILLS IL 60010,60010
361 BATEMAN RD BARRINGTON HILLS IL 60010,60010
363 BATEMAN RD B BARRINGTON HILLS IL 60010,60010
363 BATEMAN RD BARRINGTON HILLS IL 60010,60010
152 ALGONQUIN RD BARRINGTON HILLS IL 60010,60010
350 BATEMAN RD BARRINGTON HILLS IL 60010,60010
153 ALGONQUIN RD BARRINGTON HILLS IL 60010,60010
155 ALGONQUIN RD BARRINGTON HILLS IL 60102,60102
153 ALGONQUIN RD BARRINGTON HILLS IL 60010,60010
155 HELM RD BARRINGTON HILLS IL 60010,60010
158 ALGONQUIN RD BARRINGTON HILLS IL 60010,60010
158 HELM RD BARRINGTON HILLS IL 60010,60010
350 BATEMAN RD BARRINGTON HILLS IL 60010,60010
350 BATEMAN RD BARRINGTON HILLS IL 60010,60010
364 BATEMAN RD BARRINGTON HILLS IL 60010,60010
159 HELM RD BARRINGTON HILLS IL 60010,60010
1 ROUNDSTONE LN BARRINGTON HILLS IL 60010,60010
2 ROUNDSTONE LN BARRINGTON HILLS IL 60010,60010
3 ROUNDSTONE LN BARRINGTON HILLS IL 60010,60010
4 ROUNDSTONE LN BARRINGTON HILLS IL 60010,60010
5 ROUNDSTONE LN BARRINGTON HILLS IL 60010,60010
6 ROUNDSTONE LN BARRINGTON HILLS IL 60010,60010
7 ROUNDSTONE LN BARRINGTON HILLS IL 60010,60010
8 ROUNDSTONE LN BARRINGTON HILLS IL 60010,60010
9 ROUNDSTONE LN BARRINGTON HILLS IL 60010,60010
689 HELM RD H BARRINGTON HILLS IL 60010,60010
103 HELM RD BARRINGTON HILLS IL 60010,60010
101 HELM RD BARRINGTON HILLS IL 60010,60010
222 WESTFIELD WAY BARRINGTON HILLS IL 60010,60010
224 WESTFIELD WAY BARRINGTON HILLS IL 60010,60010
226 WESTFIELD WAY BARRINGTON HILLS IL 60010,60010
228 WESTFIELD WAY BARRINGTON HILLS IL 60010,60010
230 WESTFIELD WAY BARRINGTON HILLS IL 60010,60010
229 WESTFIELD WAY BARRINGTON HILLS IL 60010,60010
227 WESTFIELD WAY BARRINGTON HILLS IL 60010,60010
225 WESTFIELD WAY BARRINGTON HILLS IL 60010,60010
350 BATEMAN RD BARRINGTON IL 60010,60010
160 BATEMAN RD BARRINGTON IL 60010,60010
158 ALGONQUIN RD B BARRINGTON HILLS IL 60010,60010
96 ALGONQUIN RD BARRINGTON HILLS IL 60010,60010
98 ALGONQUIN RD BARRINGTON HILLS IL 60010,60010
102 REMINGTON DR BARRINGTON HILLS IL 60010,60010
102 REMINGTON DR BARRINGTON HILLS IL 60010,60010
104 REMINGTON DR BARRINGTON HILLS IL 60010,60010
220 WESTFIELD WAY BARRINGTON HILLS IL 60010,60010
223 WESTFIELD WAY BARRINGTON HILLS IL 60010,60010
221 WESTFIELD WAY BARRINGTON HILLS IL 60010,60010
108 REMINGTON DR BARRINGTON HILLS IL 60010,60010
109 REMINGTON DR BARRINGTON HILLS IL 60010,60010
109 REMINGTON DR BARRINGTON HILLS IL 60010,60010
107 REMINGTON DR BARRINGTON HILLS IL 60010,60010
107 REMINGTON DR BARRINGTON HILLS IL 60010,60010
101 REMINGTON DR BARRINGTON HILLS IL 60010,60010
17 N VALLEY CT BARRINGTON IL 60010,60010
105 REMINGTON DR BARRINGTON HILLS IL 60010,60010
158 ALGONQUIN RD BARRINGTON HILLS IL 60010,60010
157 ALGONQUIN RD BARRINGTON HILLS IL 60010,60010
158 ALGONQUIN RD BARRINGTON HILLS IL 60010,60010
158 ALGONQUIN RD BARRINGTON HILLS IL 60010,60010
158 ALGONQUIN RD BARRINGTON HILLS IL 60010,60010
90 ALGONQUIN RD BARRINGTON HILLS IL 60010,60010
88 ALGONQUIN RD BARRINGTON HILLS IL 60010,60010
88 ALGONQUIN RD BARRINGTON HILLS IL 60010,60010
88 ALGONQUIN RD BARRINGTON HILLS IL 60010,60010
92 ALGONQUIN RD BARRINGTON HILLS IL 60010,60010
94 ALGONQUIN RD BARRINGTON HILLS IL 60010,60010
120 ALGONQUIN RD BARRINGTON HILLS IL 60010,60010
122 ALGONQUIN RD BARRINGTON HILLS IL 60010,60010
86 ALGONQUIN RD BARRINGTON HILLS IL 60010,60010
84 ALGONQUIN RD BARRINGTON HILLS IL 60010,60010
85 ALGONQUIN RD BARRINGTON HILLS IL 60010,60010
122 ALGONQUIN RD BARRINGTON HILLS IL 60010,60010
124 ALGONQUIN RD BARRINGTON HILLS IL 60010,60010
124 ALGONQUIN RD BARRINGTON HILLS IL 60010,60010
346 SUTTON RD BARRINGTON HILLS IL 60010,60010
346 SUTTON RD BARRINGTON HILLS IL 60010,60010
346 SUTTON RD BARRINGTON HILLS IL 60010,60010
347 SUTTON RD BARRINGTON HILLS IL 60010,60010
346 SUTTON RD BARRINGTON HILLS IL 60010,60010
342 SUTTON RD BARRINGTON HILLS IL 60010,60010
295 OTIS RD BARRINGTON HILLS IL 60010,60010
291 OTIS RD BARRINGTON HILLS IL 60010,60010
345 OLD SUTTON RD BARRINGTON HILLS IL 60010,60010
343 OLD SUTTON RD BARRINGTON HILLS IL 60010,60010
337 OLD SUTTON RD BARRINGTON HILLS IL 60010,60010
335 OLD SUTTON RD BARRINGTON HILLS IL 60010,60010
335 OLD SUTTON RD BARRINGTON HILLS IL 60010,60010
333 SUTTON RD A BARRINGTON HILLS IL 60010,60010
336 SUTTON RD BARRINGTON HILLS IL 60010,60010
342 SUTTON RD BARRINGTON HILLS IL 60010,60010
339 SUTTON RD BARRINGTON HILLS IL 60010,60010
338 SUTTON RD BARRINGTON HILLS IL 60010,60010
340 SUTTON RD BARRINGTON HILLS IL 60010,60010
339 SUTTON RD BARRINGTON HILLS IL 60010,60010
275 OTIS RD BARRINGTON HILLS IL 60010,60010
271 OTIS RD BARRINGTON HILLS IL 60010,60010
273 OTIS RD BARRINGTON HILLS IL 60010,60010
277 OTIS RD BARRINGTON HILLS IL 60010,60010
1 GOOSE LAKE DR BARRINGTON HILLS IL 60010,60010
2 GOOSE LAKE DR BARRINGTON HILLS IL 60010,60010
3 GOOSE LAKE DR BARRINGTON HILLS IL 60010,60010
9 GOOSE LAKE DR BARRINGTON HILLS IL 60010,60010
10 GOOSE LAKE DR BARRINGTON HILLS IL 60010,60010
211 OTIS RD BARRINGTON HILLS IL 60010,60010
215 OTIS RD BARRINGTON HILLS IL 60010,60010
345 SUTTON RD BARRINGTON HILLS IL 60010,60010
273 OTIS RD BARRINGTON HILLS IL 60010,60010
11 GOOSE LAKE DR BARRINGTON HILLS IL 60010,60010
12 GOOSE LAKE DR BARRINGTON HILLS IL 60010,60010
344 OLD SUTTON RD BARRINGTON HILLS IL 60010,60010
332 SUTTON RD BARRINGTON HILLS IL 60010,60010
332 SUTTON RD BARRINGTON HILLS IL 60010,60010
219 OTIS RD BARRINGTON HILLS IL 60010,60010
227 OTIS RD BARRINGTON HILLS IL 60010,60010
332 SUTTON RD BARRINGTON HILLS IL 60010,60010
332 SUTTON RD BARRINGTON HILLS IL 60010,60010
332 SUTTON RD BARRINGTON HILLS IL 60010,60010
334 SUTTON RD BARRINGTON HILLS IL 60010,60010
332 SUTTON RD BARRINGTON HILLS IL 60010,60010
334 SUTTON RD BARRINGTON HILLS IL 60010,60010
331 SUTTON RD BARRINGTON HILLS IL 60010,60010
326 SUTTON RD BARRINGTON HILLS IL 60010,60010
330 SUTTON RD BARRINGTON HILLS IL 60010,60010
328 SUTTON RD BARRINGTON HILLS IL 60010,60010
77 BRINKER RD BARRINGTON HILLS IL 60010,60010
311 ALGONQUIN RD BARRINGTON HILLS IL 60010,60010
311 ALGONQUIN RD BARRINGTON HILLS IL 60010,60010
311 ALGONQUIN RD BARRINGTON HILLS IL 60010,60010
311 ALGONQUIN RD BARRINGTON HILLS IL 60010,60010
70 BRINKER RD BARRINGTON HILLS IL 60010,60010
74 BRINKER RD BARRINGTON HILLS IL 60010,60010
78 BRINKER RD BARRINGTON HILLS IL 60010,60010
80 BRINKER RD BARRINGTON HILLS IL 60010,60010
72 BRINKER RD BARRINGTON HILLS IL 60010,60010
72 BRINKER RD BARRINGTON HILLS IL 60010,60010
75 BRINKER RD BARRINGTON HILLS IL 60010,60010
65 BRINKER RD BARRINGTON HILLS IL 60010,60010
105 OTIS RD BARRINGTON IL 60010,60010
97 OTIS RD BARRINGTON HILLS IL 60010,60010
68 BRINKER RD BARRINGTON HILLS IL 60010,60010
67 BRINKER RD BARRINGTON HILLS IL 60010,60010
63 BRINKER RD BARRINGTON HILLS IL 60010,60010
71 BRINKER RD BARRINGTON HILLS IL 60010,60010
109 OTIS RD BARRINGTON HILLS IL 60010,60010
109 OTIS RD BARRINGTON HILLS IL 60010,60010
13 GOOSE LAKE DR BARRINGTON HILLS IL 60010,60010
13 GOOSE LAKE DR BARRINGTON HILLS IL 60010,60010
66 BRINKER RD BARRINGTON HILLS IL 60010,60010
19 HERON LN BARRINGTON HILLS IL 60010,60010
17 HERON LN BARRINGTON HILLS IL 60010,60010
18 HERON LN BARRINGTON HILLS IL 60010,60010
20 HERON LN BARRINGTON HILLS IL 60010,60010
95 OTIS RD BARRINGTON HILLS IL 60010,60010
91 OTIS RD BARRINGTON HILLS IL 60010,60010
87 OTIS RD BARRINGTON HILLS IL 60010,60010
61 HILLS AND DALES RD BARRINGTON HILLS IL 60010,60010
65 HILLS AND DALES RD BARRINGTON HILLS IL 60010,60010
69 BRINKER RD BARRINGTON HILLS IL 60010,60010
73 BRINKER RD BARRINGTON HILLS IL 60010,60010
71 HILLS AND DALES RD BARRINGTON HILLS IL 60010,60010
76 HAWLEY WOODS RD BARRINGTON HILLS IL 60010,60010
77 HAWLEY WOODS RD BARRINGTON HILLS IL 60010,60010
73 OTIS RD BARRINGTON HILLS IL 60010,60010
69 OTIS RD BARRINGTON IL 60010,60010
69 HILLS AND DALES RD BARRINGTON IL 60010,60010
69 HILLS AND DALES RD BARRINGTON IL 60010,60010
75 OTIS RD BARRINGTON IL 60010,60010
63 HILLS AND DALES RD BARRINGTON IL 60010,60010
64 HILLS AND DALES RD BARRINGTON IL 60010,60010
67 HILLS AND DALES RD BARRINGTON IL 60010,60010
73 OTIS RD BARRINGTON IL 60010,60010
75 OTIS RD BARRINGTON IL 60010,60010
63 HILLS AND DALES RD BARRINGTON IL 60010,60010
64 HILLS AND DALES RD BARRINGTON IL 60010,60010
67 HILLS AND DALES RD BARRINGTON IL 60010,60010
70 ROUND BARN RD BARRINGTON IL 60010,60010
68 ROUND BARN RD BARRINGTON IL 60010,60010
67 ROUND BARN RD BARRINGTON IL 60010,60010
69 ROUND BARN RD BARRINGTON IL 60010,60010
79 BRINKER RD BARRINGTON IL 60010,60010
61 HAWLEY WOODS RD BARRINGTON IL 60010,60010
73 HAWLEY WOODS RD BARRINGTON IL 60010,60010
77 BRINKER RD BARRINGTON IL 60010,60010
89 HILLS AND DALES RD BARRINGTON IL 60010,60010
88 BRINKER RD BARRINGTON HILLS IL 60010,60010
88 BRINKER RD BARRINGTON HILLS IL 60010,60010
89 BRINKER RD BARRINGTON HILLS IL 60010,60010
89 BRINKER RD BARRINGTON HILLS IL 60010,60010
83 BRINKER RD BARRINGTON HILLS IL 60010,60010
83 BRINKER RD BARRINGTON HILLS IL 60010,60010
93 BRINKER RD BARRINGTON HILLS IL 60010,60010
97 BRINKER RD BARRINGTON HILLS IL 60010,60010
87 BRINKER RD BARRINGTON HILLS IL 60010,60010
85 BRINKER RD BARRINGTON HILLS IL 60010,60010
91 BRINKER RD BARRINGTON HILLS IL 60010,60010
90 BRINKER RD BARRINGTON HILLS IL 60010,60010
100 BRINKER RD BARRINGTON HILLS IL 60010,60010
92 BRINKER RD BARRINGTON HILLS IL 60010,60010
95 BRINKER RD BARRINGTON HILLS IL 60010,60010
99 BRINKER RD BARRINGTON HILLS IL 60010,60010
105 BRINKER RD BARRINGTON HILLS IL 60010,60010
81 BRINKER RD BARRINGTON HILLS IL 60010,60010
78 HAWLEY WOODS RD BARRINGTON IL 60010,60010
88 HAWLEY WOODS RD BARRINGTON IL 60010,60010
80 HAWLEY WOODS RD BARRINGTON IL 60010,60010
77 HAWLEY WOODS RD BARRINGTON HILLS IL 60010,60010
112 OLD DUNDEE RD BARRINGTON HILLS IL 60010,60010
90 HAWLEY WOODS RD BARRINGTON HILLS IL 60010,60010
116 OLD DUNDEE RD BARRINGTON HILLS IL 60010,60010
88 HAWLEY WOODS RD BARRINGTON IL 60010,60010
81 HAWLEY WOODS RD BARRINGTON HILLS IL 60010,60010
99 BRINKER RD BARRINGTON HILLS IL 60010,60010
120 OLD DUNDEE RD BARRINGTON HILLS IL 60010,60010
1 JENNIFER CT BARRINGTON HILLS IL 60010,60010
2 JENNIFER CT BARRINGTON HILLS IL 60010,60010
3 JENNIFER CT BARRINGTON HILLS IL 60010,60010
4 JENNIFER CT BARRINGTON HILLS IL 60010,60010
5 JENNIFER CT BARRINGTON HILLS IL 60010,60010
6 JENNIFER CT BARRINGTON HILLS IL 60010,60010
7 JENNIFER CT BARRINGTON HILLS IL 60010,60010
8 JENNIFER CT BARRINGTON HILLS IL 60010,60010
9 JENNIFER CT BARRINGTON HILLS IL 60010,60010
111 OLD DUNDEE RD BARRINGTON HILLS IL 60010,60010
101 OLD DUNDEE RD BARRINGTON HILLS IL 60010,60010
105 OLD DUNDEE RD BARRINGTON HILLS IL 60010,60010
103 DUNDEE RD BARRINGTON HILLS IL 60010,60010
79 HAWTHORNE RD BARRINGTON HILLS IL 60010,60010
79 HAWTHORNE RD BARRINGTON HILLS IL 60010,60010
65 OTIS RD BARRINGTON HILLS IL 60010,60010
50 HAWTHORNE LN BARRINGTON HILLS IL 60010,60010
48 HAWTHORNE LN BARRINGTON HILLS IL 60010,60010
44 HAWTHORNE LN BARRINGTON HILLS IL 60010,60010
40 HAWTHORNE LN BARRINGTON HILLS IL 60010,60010
53 HAWTHORNE LN BARRINGTON HILLS IL 60010,60010
49 HAWTHORNE LN BARRINGTON HILLS IL 60010,60010
50 HAWTHORNE LN BARRINGTON HILLS IL 60010,60010
50 HAWTHORNE LN BARRINGTON HILLS IL 60010,60010
48 HAWTHORNE LN BARRINGTON HILLS IL 60010,60010
44 HAWTHORNE LN BARRINGTON HILLS IL 60010,60010
40 HAWTHORNE LN BARRINGTON HILLS IL 60010,60010
77 HAWLEY WOODS RD BARRINGTON HILLS IL 60010,60010
82 HAWLEY WOODS RD BARRINGTON HILLS IL 60010,60010
85 HAWLEY WOODS RD BARRINGTON HILLS IL 60010,60010
78 HAWTHORNE RD BARRINGTON HILLS IL 60010,60010
85 HAWLEY WOODS RD BARRINGTON HILLS IL 60010,60010
78 HAWTHORNE RD BARRINGTON HILLS IL 60010,60010
92 HAWTHORNE RD BARRINGTON HILLS IL 60010,60010
92 HAWTHORNE RD BARRINGTON HILLS IL 60010,60010
90 HAWTHORNE RD BARRINGTON HILLS IL 60010,60010
90 HAWTHORNE RD BARRINGTON HILLS IL 60010,60010
68 ROUND BARN RD BARRINGTON HILLS IL 60010,60010
66 ROUND BARN RD BARRINGTON HILLS IL 60010,60010
66 ROUND BARN RD BARRINGTON HILLS IL 60010,60010
65 ROUND BARN RD BARRINGTON HILLS IL 60010,60010
65 ROUND BARN RD BARRINGTON HILLS IL 60010,60010
67 ROUND BARN RD BARRINGTON HILLS IL 60010,60010
55 OTIS RD BARRINGTON HILLS IL 60010,60010
61 HAWLEY WOODS RD BARRINGTON HILLS IL 60010,60010
55 HAWLEY WOODS RD BARRINGTON HILLS IL 60010,60010
82 HAWLEY WOODS RD BARRINGTON HILLS IL 60010,60010
81 HAWLEY WOODS RD BARRINGTON HILLS IL 60010,60010
61 OTIS RD BARRINGTON HILLS IL 60010,60010
61 OTIS RD BARRINGTON HILLS IL 60010,60010
53 HAWTHORNE LN BARRINGTON HILLS IL 60010,60010
49 HAWTHORNE LN BARRINGTON HILLS IL 60010,60010
50 S HAWTHORNE RD BARRINGTON HILLS IL 60010,60010
31 OTIS RD BARRINGTON HILLS IL 60010,60010
50 S HAWTHORNE RD BARRINGTON HILLS IL 60010,60010
41 HAWTHORNE LN BARRINGTON HILLS 60010,60010
59 HAWTHORNE RD BARRINGTON HILLS IL 60010,60010
71 HAWTHORNE RD BARRINGTON HILLS IL 60010,60010
41 LAKEVIEW LN BARRINGTON HILLS IL 60010,60010
43 LAKEVIEW LN BARRINGTON HILLS IL 60010,60010
44 LAKEVIEW LN BARRINGTON HILLS IL 60010,60010
47 LAKEVIEW LN BARRINGTON HILLS IL 60010,60010
50 LAKEVIEW LN BARRINGTON HILLS IL 60010,60010
55 LAKEVIEW LN BARRINGTON HILLS IL 60010,60010
75 HAWTHORNE RD HSE BARRINGTON HILLS IL 60010,60010
75 HAWTHORNE RD BARRINGTON HILLS IL 60010,60010
45 LAKEVIEW LN BARRINGTON HILLS IL 60010,60010
51 HAWTHORNE RD BARRINGTON HILLS IL 60010,60010
53 HAWTHORNE RD BARRINGTON HILLS IL 60010,60010
73 HAWTHORNE RD BARRINGTON HILLS IL 60010,60010
73 HAWTHORNE RD BARRINGTON HILLS IL 60010,60010
49 HAWTHORNE RD BARRINGTON HILLS IL 60010,60010
66 DUNDEE LN BARRINGTON HILLS IL 60010,60010
70 DUNDEE LN BARRINGTON HILLS IL 60010,60010
74 DUNDEE LN BARRINGTON HILLS IL 60010,60010
80 DUNDEE LN BARRINGTON HILLS IL 60010,60010
84 DUNDEE LN BARRINGTON HILLS IL 60010,60010
88 DUNDEE LN BARRINGTON HILLS IL 60010,60010
92 DUNDEE LN BARRINGTON HILLS IL 60010,60010
91 DUNDEE LN BARRINGTON HILLS IL 60010,60010
47 HAWTHORNE RD BARRINGTON HILLS IL 60010,60010
72 DUNDEE LN BARRINGTON HILLS IL 60010,60010
76 DUNDEE LN BARRINGTON HILLS IL 60010,60010
78 DUNDEE LN BARRINGTON HILLS IL 60010,60010
78 DUNDEE LN BARRINGTON HILLS IL 60010,60010
30 DUNDEE LN BARRINGTON HILLS IL 60010,60010
45 HAWTHORNE RD BARRINGTON HILLS IL 60010,60010
45 HAWTHORNE RD BARRINGTON HILLS IL 60010,60010
64 DUNDEE LN BARRINGTON HILLS IL 60010,60010
50 DUNDEE LN BARRINGTON HILLS IL 60010,60010
62 DUNDEE LN BARRINGTON HILLS IL 60010,60010
64 DUNDEE LN BARRINGTON HILLS IL 60010,60010
66 DUNDEE RD BARRINGTON HILLS IL 60010,60010
85 HAWLEY WOODS RD BARRINGTON HILLS IL 60010,60010
87 HAWLEY WOODS RD BARRINGTON HILLS IL 60010,60010
89 HAWLEY WOODS RD BARRINGTON HILLS IL 60010,60010
93 HAWLEY WOODS RD BARRINGTON HILLS IL 60010,60010
98 HAWTHORNE RD BARRINGTON HILLS IL 60010,60010
92 HAWTHORNE RD BARRINGTON HILLS IL 60010,60010
90 HAWTHORNE RD BARRINGTON HILLS IL 60010,60010
95 HAWLEY WOODS RD BARRINGTON HILLS IL 60010,60010
102 OLD DUNDEE RD BARRINGTON HILLS IL 60010,60010
82 HAWLEY WOODS RD BARRINGTON HILLS IL 60010,60010
94 HAWTHORNE RD BARRINGTON IL 60010,60010
103 OLD DUNDEE RD BARRINGTON HILLS IL 60010,60010
85 DUNDEE RD BARRINGTON HILLS IL 60010,60010
31 LAKEVIEW LN BARRINGTON HILLS IL 60010,60010
60 DUNDEE RD BARRINGTON HILLS IL 60010,60010
36 LAKEVIEW LN BARRINGTON HILLS IL 60010,60010
85 HAWTHORNE RD BARRINGTON HILLS IL 60010,60010
93 HAWTHORNE RD BARRINGTON HILLS IL 60010,60010
86 DUNDEE RD BARRINGTON HILLS IL 60010,60010
79 DUNDEE RD BARRINGTON HILLS IL 60010,60010
70 DUNDEE RD BARRINGTON IL 60010,60010
31 LAKEVIEW LN BARRINGTON IL 60010,60010
91 DUNDEE RD BARRINGTON HILLS IL 60010,60010
91 DUNDEE RD BARRINGTON HILLS IL 60010,60010
55 DUNDEE LN BARRINGTON HILLS IL 60010,60010
51 DUNDEE LN BARRINGTON HILLS IL 60010,60010
61 DUNDEE LN BARRINGTON HILLS IL 60010,60010
1 SARA LN BARRINGTON HILLS IL 60010,60010
2 SARA LN BARRINGTON HILLS IL 60010,60010
3 SARA LN BARRINGTON HILLS IL 60010,60010
4 SARA LN BARRINGTON HILLS IL 60010,60010
5 SARA LN BARRINGTON HILLS IL 60010,60010
6 SARA LN BARRINGTON HILLS IL 60010,60010
7 SARA LN BARRINGTON HILLS IL 60010,60010
107 HARVARD AVE BARRINGTON IL 60010,60010
1107 S HOUGH ST BARRINGTON IL 60010,60010
1113 S HOUGH ST BARRINGTON IL 60010,60010
1117 S HOUGH ST BARRINGTON IL 60010,60010
125 HARVARD AVE BARRINGTON IL 60010,60010
1160 S COOK ST BARRINGTON IL 60010,60010
1174 S COOK ST BARRINGTON IL 60010,60010
1188 S COOK ST BARRINGTON IL 60010,60010
1188 S COOK ST BARRINGTON IL 60010,60010
124 PRINCETON AVE BARRINGTON IL 60010,60010
1105 S HOUGH ST BARRINGTON IL 60010,60010
1107 S HOUGH ST BARRINGTON IL 60010,60010
200 PRINCETON AVE BARRINGTON IL 60010,60010
212 PRINCETON AVE BARRINGTON IL 60010,60010
312 GROVE AVE BARRINGTON IL 60010,60010
314 GROVE AVE BARRINGTON IL 60010,60010
316 GROVE AVE BARRINGTON IL 60010,60010
318 GROVE AVE BARRINGTON IL 60010,60010
300 PRINCETON AVE BARRINGTON IL 60010,60010
304 SUMMIT ST BARRINGTON IL 60010,60010
306 SUMMIT ST BARRINGTON IL 60010,60010
308 SUMMIT ST BARRINGTON IL 60010,60010
310 SUMMIT ST BARRINGTON IL 60010,60010
312 PRINCETON AVE BARRINGTON IL 60010,60010
1201 S HOUGH ST BARRINGTON IL 60010,60010
1205 S HOUGH ST BARRINGTON IL 60010,60010
1199 S BARRINGTON RD BARRINGTON IL 60010,60010
125 PRINCETON AVE BARRINGTON IL 60010,60010
1208 S COOK ST BARRINGTON IL 60010,60010
1212 S COOK ST BARRINGTON IL 60010,60010
1216 S COOK ST BARRINGTON IL 60010,60010
1210 S COOK ST BARRINGTON IL 60010,60010
1211 S COOK ST BARRINGTON IL 60010,60010
1215 S COOK ST BARRINGTON IL 60010,60010
1219 S COOK ST BARRINGTON IL 60010,60010
1217 S COOK ST BARRINGTON IL 60010,60010
1200 S GROVE AVE BARRINGTON IL 60010,60010
1200 S GROVE AVE BARRINGTON IL 60010,60010
1208 S GROVE AVE BARRINGTON IL 60010,60010
1214 S GROVE AVE BARRINGTON IL 60010,60010
1216 S GROVE AVE BARRINGTON IL 60010,60010
1220 S GROVE AVE BARRINGTON IL 60010,60010
201 PRINCETON AVE BARRINGTON IL 60010,60010
305 PRINCETON AVE BARRINGTON IL 60010,60010
1205 S GROVE AVE BARRINGTON IL 60010,60010
1211 S GROVE AVE BARRINGTON IL 60010,60010
1211 S GROVE AVE BARRINGTON IL 60010,60010
1211 S GROVE AVE BARRINGTON IL 60010,60010
1221 S GROVE AVE BARRINGTON IL 60010,60010
1221 S GROVE AVE BARRINGTON IL 60010,60010
1200 S SUMMIT ST BARRINGTON IL 60010,60010
1206 SUMMIT ST BARRINGTON IL 60010,60010
1206 S SUMMIT ST BARRINGTON IL 60010,60010
1216 SUMMIT AVE BARRINGTON IL 60010,60010
1220 S SUMMIT ST BARRINGTON IL 60010,60010
1212 SUMMIT ST BARRINGTON IL 60010,60010
69 DUNDEE LN BARRINGTON HILLS IL 60010,60010
71 DUNDEE LN BARRINGTON HILLS IL 60010,60010
73 DUNDEE LN BARRINGTON HILLS IL 60010,60010
75 DUNDEE LN BARRINGTON HILLS IL 60010,60010
1412 S BARRINGTON RD BARRINGTON IL 60010,60010
1412 S BARRINGTON RD BARRINGTON IL 60010,60010
1418 S BARRINGTON RD BARRINGTON IL 60010,60010
1410 S BARRINGTON RD 110 BARRINGTON IL 60010,60010
1410 S BARRINGTON RD BARRINGTON IL 60010,60010
1410 S BARRINGTON RD BARRINGTON IL 60010,60010
1410 S BARRINGTON RD BARRINGTON IL 60010,60010
1421 S BARRINGTON RD BARRINGTON IL 60010,60010
1301 GROVE AVE BARRINGTON IL 60010,60010
1300 GROVE AVE BARRINGTON IL 60010,60010
1250 GROVE AVE BARRINGTON IL 60010,60010
1415 S BARRINGTON RD BARRINGTON IL 60010,60010
3 MARBURY LN BARRINGTON IL 60010,60010
6 HUBBELL CT BARRINGTON HILLS IL 60010,60010
8 HUBBELL CT BARRINGTON HILLS IL 60010,60010
10 HUBBELL CT BARRINGTON HILLS IL 60010,60010
9 HUBBELL CT BARRINGTON HILLS IL 60010,60010
7 HUBBELL CT BARRINGTON HILLS IL 60010,60010
5 HUBBELL CT BARRINGTON HILLS IL 60010,60010
3 HUBBELL CT BARRINGTON HILLS IL 60010,60010
12 HUBBELL CT BARRINGTON HILLS IL 60010,60010
6 MARBURY LN BARRINGTON IL 60010,60010
4 MARBURY LN BARRINGTON IL 60010,60010
2 MARBURY LN BARRINGTON IL 60010,60010
84 DUNDEE RD BARRINGTON HILLS IL 60010,60010
1401 SOMERSET PL BARRINGTON IL 60010,60010
1403 SOMERSET PL BARRINGTON IL 60010,60010
1405 SOMERSET PL BARRINGTON IL 60010,60010
1407 SOMERSET PL BARRINGTON IL 60010,60010
1409 SOMERSET PL BARRINGTON IL 60010,60010
1402 SOMERSET PL BARRINGTON IL 60010,60010
1452 SOMERSET PL BARRINGTON IL 60010,60010
1454 SOMERSET PL BARRINGTON IL 60010,60010
1456 SOMERSET PL BARRINGTON IL 60010,60010
1429 SOMERSET PL BARRINGTON IL 60010,60010
1431 SOMERSET PL BARRINGTON IL 60010,60010
1426 SOMERSET PL BARRINGTON IL 60010,60010
1458 SOMERSET PL BARRINGTON IL 60010,60010
1460 SOMERSET PL BARRINGTON IL 60010,60010
1410 SOMERSET PL BARRINGTON IL 60010,60010
1412 SOMERSET PL BARRINGTON IL 60010,60010
1413 SOMERSET PL BARRINGTON IL 60010,60010
1415 SOMERSET PL BARRINGTON IL 60010,60010
1417 SOMERSET PL BARRINGTON IL 60010,60010
1419 SOMERSET PL BARRINGTON IL 60010,60010
1421 SOMERSET PL BARRINGTON IL 60010,60010
1423 SOMERSET PL BARRINGTON IL 60010,60010
1425 SOMERSET PL BARRINGTON IL 60010,60010
1427 SOMERSET PL BARRINGTON IL 60010,60010
1428 SOMERSET PL BARRINGTON IL 60010,60010
1430 SOMERSET PL BARRINGTON IL 60010,60010
1432 SOMERSET PL BARRINGTON IL 60010,60010
1434 SOMERSET PL BARRINGTON IL 60010,60010
1436 SOMERSET PL BARRINGTON IL 60010,60010
1438 SOMERSET PL BARRINGTON IL 60010,60010
1440 SOMERSET PL BARRINGTON IL 60010,60010
1442 SOMERSET PL BARRINGTON IL 60010,60010
1444 SOMERSET PL BARRINGTON IL 60010,60010
1446 SOMERSET PL BARRINGTON IL 60010,60010
1448 SOMERSET PL BARRINGTON IL 60010,60010
1450 SOMERSET PL BARRINGTON IL 60010,60010
1451 SOMERSET PL BARRINGTON IL 60010,60010
1453 SOMERSET PL BARRINGTON IL 60010,60010
1455 SOMERSET PL BARRINGTON IL 60010,60010
1457 SOMERSET PL BARRINGTON IL 60010,60010
1459 SOMERSET PL BARRINGTON IL 60010,60010
1461 SOMERSET PL BARRINGTON IL 60010,60010
1463 SOMERSET PL BARRINGTON IL 60010,60010
1408 SOMERSET PL BARRINGTON IL 60010,60010
1464 SOMERSET PL BARRINGTON IL 60010,60010
1471 SOMERSET PL BARRINGTON IL 60010,60010
1469 SOMERSET PL BARRINGTON IL 60010,60010
1467 SOMERSET PL BARRINGTON IL 60010,60010
1465 SOMERSET PL BARRINGTON IL 60010,60010
1466 SOMERSET PL BARRINGTON IL 60010,60010
1117 DIVISION ST BARRINGTON IL 60010,60010
1161 S BARRINGTON RD BARRINGTON IL 60010,60010
1163 S BARRINGTON RD BARRINGTON IL 60010,60010
1165 S SUMMIT ST BARRINGTON IL 60010,60010
1173 S SUMMIT ST BARRINGTON IL 60010,60010
1175 SUMMIT ST BARRINGTON IL 60010,60010
1100 DIVISION ST BARRINGTON IL 60010,60010
1100 DIVISION ST BARRINGTON IL 60010,60010
1130 DIVISION ST BARRINGTON IL 60010,60010
1160 DIVISION ST BARRINGTON IL 60010,60010
450 PRINCETON AV BARRINGTON IL 60010,60010
1117 DIVISION ST BARRINGTON IL 60010,60010
1131 DIVISION ST BARRINGTON IL 60010,60010
1145 DIVISION ST BARRINGTON IL 60010,60010
1159 DIVISION ST BARRINGTON IL 60010,60010
1175 S DIVISION ST BARRINGTON IL 60010,60010
543 HARVARD AVE BARRINGTON IL 60010,60010
1110 PRAIRIE AVE BARRINGTON IL 60010,60010
1118 PRAIRIE AVE BARRINGTON IL 60010,60010
1150 PRAIRIE AVE BARRINGTON IL 60010,60010
1174 PRAIRIE AVE BARRINGTON IL 60010,60010
651 HARVARD AVE BARRINGTON IL 60010,60010
1100 PRAIRIE AVE BARRINGTON IL 60010,60010
1104 PRAIRIE AVE BARRINGTON IL 60010,60010
1108 PRAIRIE AVE BARRINGTON IL 60010,60010
640 PRINCETON AVE BARRINGTON IL 60010,60010
655 HARVARD AVE BARRINGTON IL 60010,60010
1122 GEORGE ST BARRINGTON IL 60010,60010
650 PRINCETON AVE BARRINGTON IL 60010,60010
650 PRINCETON AVE BARRINGTON IL 60010,60010
1207 S SUMMIT ST BARRINGTON IL 60010,60010
1213 S SUMMIT ST HSE BARRINGTON IL 60010,60010
1215 S SUMMIT ST BARRINGTON IL 60010,60010
1225 S SUMMIT ST BARRINGTON IL 60010,60010
449 PRINCETON AVE BARRINGTON IL 60010,60010
1208 DIVISION ST BARRINGTON IL 60010,60010
1218 DIVISION ST BARRINGTON IL 60010,60010
1220 DIVISION ST BARRINGTON IL 60010,60010
1222 DIVISION ST BARRINGTON IL 60010,60010
1201 S SUMMIT ST 235 BARRINGTON IL 60010,60010
505 PRINCETON AVE BARRINGTON IL 60010,60010
1209 DIVISION ST BARRINGTON IL 60010,60010
1217 DIVISION ST BARRINGTON IL 60010,60010
1219 DIVISION ST BARRINGTON IL 60010,60010
1221 DIVISION ST BARRINGTON IL 60010,60010
1202 PRAIRIE AVE BARRINGTON IL 60010,60010
1208 PRAIRIE AVE BARRINGTON IL 60010,60010
1214 PRAIRIE AVE BARRINGTON IL 60010,60010
1216 PRAIRIE AVE BARRINGTON IL 60010,60010
1228 PRAIRIE AVE BARRINGTON IL 60010,60010
641 PRINCETON AVE BARRINGTON IL 60010,60010
1207 PRAIRIE AVE BARRINGTON IL 60010,60010
1209 PRAIRIE AVE BARRINGTON IL 60010,60010
1213 PRAIRIE AVE BARRINGTON IL 60010,60010
1215 PRAIRIE AVE BARRINGTON IL 60010,60010
1217 PRAIRIE AVE BARRINGTON IL 60010,60010
645 PRINCETON AVE BARRINGTON IL 60010,60010
1206 GEORGE ST BARRINGTON IL 60010,60010
1208 GEORGE ST BARRINGTON IL 60010,60010
1212 GEORGE ST BARRINGTON IL 60010,60010
1220 GEORGE ST 1 BARRINGTON IL 60010,60010
403 E CORNELL AVE BARRINGTON IL 60010,60010
405 E CORNELL AVE BARRINGTON IL 60010,60010
407 E CORNELL AVE BARRINGTON IL 60010,60010
401 CORNELL AVE BARRINGTON IL 60010,60010
50 ROTARY DR BARRINGTON IL 60010,60010
413 PARK BARRINGTON DR BARRINGTON IL 60010,60010
411 PARK BARRINGTON DR BARRINGTON IL 60010,60010
409 PARK BARRINGTON DR BARRINGTON IL 60010,60010
407 PARK BARRINGTON DR BARRINGTON IL 60010,60010
403 PARK BARRINGTON DR BARRINGTON IL 60010,60010
401 PARK BARRINGTON DR BARRINGTON IL 60010,60010
431 PARK BARRINGTON DR BARRINGTON IL 60010,60010
429 PARK BARRINGTON DR BARRINGTON IL 60010,60010
427 PARK BARRINGTON DR BARRINGTON IL 60010,60010
425 PARK BARRINGTON DR BARRINGTON IL 60010,60010
423 PARK BARRINGTON DR BARRINGTON IL 60010,60010
421 PARK BARRINGTON DR BARRINGTON IL 60010,60010
419 PARK BARRINGTON DR BARRINGTON IL 60010,60010
417 PARK BARRINGTON DR BARRINGTON IL 60010,60010
415 PARK BARRINGTON DR BARRINGTON IL 60010,60010
405 PARK BARRINGTON DR BARRINGTON IL 60010,60010
497 PARK BARRINGTON DR BARRINGTON IL 60010,60010
495 PARK BARRINGTON DR BARRINGTON IL 60010,60010
493 PARK BARRINGTON DR BARRINGTON IL 60010,60010
491 PARK BARRINGTON DR BARRINGTON IL 60010,60010
489 PARK BARRINGTON DR BARRINGTON IL 60010,60010
487 PARK BARRINGTON DR BARRINGTON IL 60010,60010
485 PARK BARRINGTON DR BARRINGTON IL 60010,60010
483 PARK BARRINGTON DR BARRINGTON IL 60010,60010
481 PARK BARRINGTON DR BARRINGTON IL 60010,60010
479 PARK BARRINGTON DR BARRINGTON IL 60010,60010
477 PARK BARRINGTON DR BARRINGTON IL 60010,60010
475 PARK BARRINGTON DR BARRINGTON IL 60010,60010
473 PARK BARRINGTON DR BARRINGTON IL 60010,60010
467 PARK BARRINGTON DR BARRINGTON IL 60010,60010
465 PARK BARRINGTON DR BARRINGTON IL 60010,60010
463 PARK BARRINGTON DR BARRINGTON IL 60010,60010
461 PARK BARRINGTON DR BARRINGTON IL 60010,60010
459 PARK BARRINGTON DR BARRINGTON IL 60010,60010
457 PARK BARRINGTON DR BARRINGTON IL 60010,60010
455 PARK BARRINGTON DR BARRINGTON IL 60010,60010
453 PARK BARRINGTON DR BARRINGTON IL 60010,60010
451 PARK BARRINGTON DR BARRINGTON IL 60010,60010
449 PARK BARRINGTON DR BARRINGTON IL 60010,60010
447 PARK BARRINGTON DR BARRINGTON IL 60010,60010
445 PARK BARRINGTON DR BARRINGTON IL 60010,60010
443 PARK BARRINGTON DR BARRINGTON IL 60010,60010
441 PARK BARRINGTON DR BARRINGTON IL 60010,60010
439 PARK BARRINGTON DR BARRINGTON IL 60010,60010
437 PARK BARRINGTON DR BARRINGTON IL 60010,60010
472 PARK BARRINGTON DR BARRINGTON IL 60010,60010
474 PARK BARRINGTON DR BARRINGTON IL 60010,60010
476 PARK BARRINGTON DR BARRINGTON IL 60010,60010
478 PARK BARRINGTON DR BARRINGTON IL 60010,60010
480 PARK BARRINGTON DR BARRINGTON IL 60010,60010
482 PARK BARRINGTON DR BARRINGTON IL 60010,60010
484 PARK BARRINGTON DR BARRINGTON IL 60010,60010
400 PARK BARRINGTON DR BARRINGTON IL 60010,60010
402 PARK BARRINGTON DR BARRINGTON IL 60010,60010
404 PARK BARRINGTON DR BARRINGTON IL 60010,60010
406 PARK BARRINGTON DR BARRINGTON IL 60010,60010
408 PARK BARRINGTON DR BARRINGTON IL 60010,60010
410 PARK BARRINGTON DR BARRINGTON IL 60010,60010
412 PARK BARRINGTON DR BARRINGTON IL 60010,60010
414 PARK BARRINGTON DR BARRINGTON IL 60010,60010
501 PARK BARRINGTON DR BARRINGTON IL 60010,60010
503 PARK BARRINGTON WAY BARRINGTON IL 60010,60010
505 PARK BARRINGTON WAY BARRINGTON IL 60010,60010
507 PARK BARRINGTON WAY BARRINGTON IL 60010,60010
509 PARK BARRINGTON WAY BARRINGTON IL 60010,60010
511 PARK BARRINGTON WAY BARRINGTON IL 60010,60010
513 PARK BARRINGTON WAY BARRINGTON IL 60010,60010
515 PARK BARRINGTON WAY BARRINGTON IL 60010,60010
517 PARK BARRINGTON WAY BARRINGTON IL 60010,60010
519 PARK BARRINGTON WAY BARRINGTON IL 60010,60010
521 PARK BARRINGTON WAY BARRINGTON IL 60010,60010
523 PARK BARRINGTON WAY BARRINGTON IL 60010,60010
525 PARK BARRINGTON WAY BARRINGTON IL 60010,60010
527 PARK BARRINGTON WAY BARRINGTON IL 60010,60010
529 PARK BARRINGTON WAY BARRINGTON IL 60010,60010
531 PARK BARRINGTON WAY BARRINGTON IL 60010,60010
533 PARK BARRINGTON WAY BARRINGTON IL 60010,60010
416 PARK BARRINGTON DR BARRINGTON IL 60010,60010
418 PARK BARRINGTON DR BARRINGTON IL 60010,60010
420 PARK BARRINGTON DR BARRINGTON IL 60010,60010
422 PARK BARRINGTON DR BARRINGTON IL 60010,60010
502 PARK BARRINGTON WAY BARRINGTON IL 60010,60010
430 PARK BARRINGTON DR BARRINGTON IL 60010,60010
432 PARK BARRINGTON DR BARRINGTON IL 60010,60010
434 PARK BARRINGTON DR BARRINGTON IL 60010,60010
436 PARK BARRINGTON DR BARRINGTON IL 60010,60010
438 PARK BARRINGTON WAY BARRINGTON IL 60010,60010
440 PARK BARRINGTON DR BARRINGTON IL 60010,60010
442 PARK BARRINGTON DR BARRINGTON IL 60010,60010
444 PARK BARRINGTON DR BARRINGTON IL 60010,60010
446 PARK BARRINGTON DR BARRINGTON IL 60010,60010
448 PARK BARRINGTON DR BARRINGTON IL 60010,60010
450 PARK BARRINGTON DR BARRINGTON IL 60010,60010
452 PARK BARRINGTON DR BARRINGTON IL 60010,60010
454 PARK BARRINGTON DR BARRINGTON IL 60010,60010
456 PARK BARRINGTON DR BARRINGTON IL 60010,60010
458 PARK BARRINGTON DR BARRINGTON IL 60010,60010
460 PARK BARRINGTON DR BARRINGTON IL 60010,60010
462 PARK BARRINGTON DR BARRINGTON IL 60010,60010
464 PARK BARRINGTON DR BARRINGTON IL 60010,60010
466 PARK BARRINGTON DR BARRINGTON IL 60010,60010
536 PARK BARRINGTON WAY BARRINGTON IL 60010,60010
534 PARK BARRINGTON WAY BARRINGTON IL 60010,60010
532 PARK BARRINGTON WAY BARRINGTON IL 60010,60010
530 PARK BARRINGTON WAY BARRINGTON IL 60010,60010
528 PARK BARRINGTON WAY BARRINGTON IL 60010,60010
526 PARK BARRINGTON WAY BARRINGTON IL 60010,60010
524 PARK BARRINGTON WAY BARRINGTON IL 60010,60010
522 PARK BARRINGTON WAY BARRINGTON IL 60010,60010
520 PARK BARRINGTON WAY BARRINGTON IL 60010,60010
518 PARK BARRINGTON WAY BARRINGTON IL 60010,60010
516 PARK BARRINGTON WAY BARRINGTON IL 60010,60010
514 PARK BARRINGTON WAY BARRINGTON IL 60010,60010
512 PARK BARRINGTON WAY BARRINGTON IL 60010,60010
510 PARK BARRINGTON WAY BARRINGTON IL 60010,60010
508 PARK BARRINGTON WAY BARRINGTON IL 60010,60010
506 PARK BARRINGTON WAY BARRINGTON IL 60010,60010
504 PARK BARRINGTON WAY BARRINGTON IL 60010,60010
1475 S BARRINGTON RD BARRINGTON IL 60010,60010
1475 S BARRINGTON RD BARRINGTON IL 60010,60010
1475 S BARRINGTON RD BARRINGTON IL 60010,60010
1435 S BARRINGTON RD BARRINGTON IL 60010,60010
1435 S BARRINGTON RD BARRINGTON IL 60010,60010
206 S HOUGH ST BARRINGTON IL 60010,60010
1445 S BARRINGTON RD BARRINGTON IL 60010,60010
206 S HOUGH ST BARRINGTON IL 60010,60010
1455 S BARRINGTON RD BARRINGTON IL 60010,60010
14356 S BARRINGTON RD BARRINGTON IL 60010,60010
1475 S BARRINGTON RD BARRINGTON IL 60010,60010
18 E DUNDEE RD BARRINGTON IL 60010,60010
1475 S BARRINGTON RD BARRINGTON IL 60010,60010
1484 S BARRINGTON RD BARRINGTON IL 60010,60010
1484 S BARRINGTON RD BARRINGTON IL 60010,60010
1494 S BARRINGTON RD BARRINGTON IL 60010,60010
1498 S BARRINGTON RD BARRINGTON IL 60010,60010
506 STONE CANYON CIR INVERNESS IL 60010,60010
504 STONE CANYON CIR INVERNESS IL 60010,60010
502 STONE CANYON CIR INVERNESS IL 60010,60010
500 STONE CANYON CIR INVERNESS IL 60010,60010
516 STONE CANYON CIR INVERNESS IL 60010,60010
514 STONE CANYON CIR INVERNESS IL 60010,60010
512 STONE CANYON CIR INVERNESS IL 60010,60010
510 STONE CANYON CIR INVERNESS IL 60010,60010
813 STONE CANYON CIR INVERNESS IL 60010,60010
815 STONE CANYON CIR INVERNESS IL 60010,60010
523 BRIDGESTONE CT INVERNESS IL 60010,60010
525 BRIDGESTONE CT INVERNESS IL 60010,60010
527 BRIDGESTONE CT INVERNESS IL 60010,60010
529 BRIDGESTONE CT INVERNESS IL 60010,60010
531 BRIDGESTONE CT INVERNESS IL 60010,60010
533 BRIDGESTONE CT INVERNESS IL 60010,60010
530 BRIDGESTONE CT INVERNESS IL 60010,60010
528 BRIDGESTONE CT INVERNESS IL 60010,60010
526 BRIDGESTONE CT INVERNESS IL 60010,60010
524 BRIDGESTONE CT INVERNESS IL 60010,60010
522 BRIDGESTONE CT INVERNESS IL 60010,60010
520 BRIDGESTONE CT INVERNESS IL 60010,60010
817 STONE CANYON CIR INVERNESS IL 60010,60010
819 STONE CANYON CIR INVERNESS IL 60010,60010
825 STONE CANYON CIR 12A INVERNESS IL 60010,60010
827 STONE CANYON CIR INVERNESS IL 60010,60010
727 STONE CANYON CIR INVERNESS IL 60010,60010
725 STONE CANYON CIR INVERNESS IL 60010,60010
723 STONE CANYON CIR INVERNESS IL 60010,60010
721 STONE CANYON CIR INVERNESS IL 60010,60010
701 STONE CANYON CIR INVERNESS IL 60010,60010
703 STONE CANYON CIR INVERNESS IL 60010,60010
705 STONE CANYON CIR INVERNESS IL 60010,60010
707 STONE CANYON CIR INVERNESS IL 60010,60010
801 STONE CANYON CIR INVERNESS IL 60010,60010
803 STONE CANYON CIR INVERNESS IL 60010,60010
624 STONE CANYON CIR INVERNESS IL 60010,60010
626 STONE CANYON CIR INVERNESS IL 60010,60010
608 STONE CANYON CIR INVERNESS IL 60010,60010
610 STONE CANYON CIR INVERNESS IL 60010,60010
612 STONE CANYON CIR INVERNESS IL 60010,60010
614 STONE CANYON CIR INVERNESS IL 60010,60010
719 STONE CANYON CIR INVERNESS IL 60010,60010
717 STONE CANYON CIR INVERNESS IL 60010,60010
620 STONE CANYON CIR INVERNESS IL 60010,60010
622 STONE CANYON CIR INVERNESS IL 60010,60010
616 STONE CANYON CIR INVERNESS IL 60010,60010
618 STONE CANYON CIR INVERNESS IL 60010,60010
600 STONE CANYON CIR INVERNESS IL 60010,60010
602 STONE CANYON CIR INVERNESS IL 60010,60010
807 STONE CANYON CIR INVERNESS IL 60010,60010
805 STONE CANYON CIR INVERNESS IL 60010,60010
823 STONE CANYON CIR INVERNESS IL 60010,60010
821 STONE CANYON CIR INVERNESS IL 60010,60010
728 STONE CANYON CIR INVERNESS IL 60010,60010
722 STONE CANYON CIR INVERNESS IL 60010,60010
606 STONE CANYON CIR INVERNESS IL 60010,60010
604 STONE CANYON CIR INVERNESS IL 60010,60010
809 STONE CANYON CIR INVERNESS IL 60010,60010
811 STONE CANYON CIR INVERNESS IL 60010,60010
808 STONE CANYON CIR INVERNESS IL 60010,60010
810 STONE CANYON CIR INVERNESS IL 60010,60010
535 BRIDGESTONE CT INVERNESS IL 60010,60010
537 BRIDGESTONE CT INVERNESS IL 60010,60010
539 BRIDGESTONE CT INVERNESS IL 60010,60010
541 BRIDGESTONE CT INVERNESS IL 60010,60010
826 STONE CANYON CIR D INVERNESS IL 60010,60010
824 STONE CANYON CIR C2 INVERNESS IL 60010,60010
822 STONE CANYON CIR B 2 INVERNESS IL 60010,60010
820 STONE CANYON CIR H INVERNESS IL 60010,60010
707 FIELD STONE CT INVERNESS IL 60010,60010
705 FIELD STONE CT INVERNESS IL 60010,60010
703 FIELDSTONE CT INVERNESS IL 60010,60010
701 FIELDSTONE CT INVERNESS IL 60010,60010
709 STONE CANYON CIR INVERNESS IL 60010,60010
711 STONE CANYON CIR 2B INVERNESS IL 60010,60010
713 STONE CANYON CIR INVERNESS IL 60010,60010
715 STONE CANYON CIR INVERNESS IL 60010,60010
818 STONE CANYON CIR INVERNESS IL 60010,60010
816 STONE CANYON CIR INVERNESS IL 60010,60010
814 STONE CANYON CIR 15C INVERNESS IL 60010,60010
812 STONE CANYON CIR 15D INVERNESS IL 60010,60010
806 STONE CANYON CIR INVERNESS IL 60010,60010
804 STONE CANYON CIR INVERNESS IL 60010,60010
802 STONE CANYON CIR INVERNESS IL 60010,60010
800 STONE CANYON CIR INVERNESS IL 60010,60010
702 FIELD STONE CT INVERNESS IL 60010,60010
704 FIELDSTONE CT INVERNESS IL 60010,60010
706 FIELDSTONE CT INVERNESS IL 60010,60010
708 FIELDSTONE CT INVERNESS IL 60010,60010
710 FIELDSTONE CT INVERNESS IL 60010,60010
712 FIELDSTONE CT INVERNESS IL 60010,60010
714 FIELDSTONE CT INVERNESS IL 60010,60010
716 FIELDSTONE CT INVERNESS IL 60010,60010
713 FIELDSTONE CT INVERNESS IL 60010,60010
711 FIELDSTONE CT INVERNESS IL 60010,60010
709 FIELDSTONE CT INVERNESS IL 60010,60010
702 STONE CANYON CIR INVERNESS IL 60010,60010
700 STONE CANYON CIR INVERNESS IL 60010,60010
706 STONE CANYON CIR INVERNESS IL 60010,60010
704 STONE CANYON CIR INVERNESS IL 60010,60010
731 STONE CANYON CIRCLE INVERNESS IL 60010,60010
729 STONE CANYON CIRCLE INVERNESS IL 60010,60010
99 HILLSHIRE DR INVERNESS IL 60010,60010
101 HILLSHIRE DR INVERNESS IL 60010,60010
103 HILLSHIRE DR INVERNESS IL 60010,60010
105 HILLSHIRE DR INVERNESS IL 60010,60010
107 HILLSHIRE DR INVERNESS IL 60010,60010
109 HILLSHIRE DR INVERNESS IL 60010,60010
111 HILLSHIRE DR INVERNESS IL 60010,60010
113 HILLSHIRE DR INVERNESS IL 60010,60010
108 HILLSHIRE DR INVERNESS IL 60010,60010
106 HILLSHIRE DR INVERNESS IL 60010,60010
104 HILLSHIRE DR INVERNESS IL 60010,60010
1475 COLUMBIA LN BARRINGTON IL 60010,60010
1473 COLUMBIA LN BARRINGTON IL 60010,60010
1471 COLUMBIA LN BARRINGTON IL 60010,60010
1469 COLUMBIA LN BARRINGTON IL 60010,60010
1467 COLUMBIA LN BARRINGTON IL 60010,60010
1465 COLUMBIA LN BARRINGTON IL 60010,60010
1463 COLUMBIA LN BARRINGTON IL 60010,60010
1456 S CASCADE CT BARRINGTON IL 60010,60010
1458 S CASCADE CT BARRINGTON IL 60010,60010
1460 S CASCADE CT BARRINGTON IL 60010,60010
1461 S CASCADE CT BARRINGTON IL 60010,60010
1459 S CASCADE CT BARRINGTON IL 60010,60010
1457 S CASCADE CT BARRINGTON IL 60010,60010
1455 S CASCADE CT BARRINGTON IL 60010,60010
1453 S CASCADE CT BARRINGTON IL 60010,60010
1451 S CASCADE CT BARRINGTON IL 60010,60010
1449 CASCADE LN BARRINGTON IL 60010,60010
1447 CASCADE LN BARRINGTON IL 60010,60010
1445 CASCADE LN BARRINGTON IL 60010,60010
1443 CASCADE LN BARRINGTON IL 60010,60010
1426 BARRINGTON RD BARRINGTON IL 60010,60010
110 MANCHESTER DR BARRINGTON IL 60010,60010
112 MANCHESTER DR BARRINGTON IL 60010,60010
114 MANCHESTER DR BARRINGTON IL 60010,60010
1441 CASCADE LN BARRINGTON IL 60010,60010
1439 CASCADE LN BARRINGTON IL 60010,60010
1437 CASCADE LN BARRINGTON IL 60010,60010
1435 CASCADE LN BARRINGTON IL 60010,60010
1433 CASCADE LN BARRINGTON IL 60010,60010
1431 CASCADE LN BARRINGTON IL 60010,60010
1432 CASCADE LN BARRINGTON IL 60010,60010
1434 CASCADE LN BARRINGTON IL 60010,60010
1436 CASCADE LN BARRINGTON IL 60010,60010
1438 CASCADE LN BARRINGTON IL 60010,60010
1440 CASCADE LN BARRINGTON IL 60010,60010
1442 CASCADE LN BARRINGTON IL 60010,60010
1444 CASCADE LN BARRINGTON IL 60010,60010
1446 CASCADE LN BARRINGTON IL 60010,60010
1448 CASCADE LN BARRINGTON IL 60010,60010
200 ASTORIA CT BARRINGTON IL 60010,60010
202 ASTORIA CT BARRINGTON IL 60010,60010
204 ASTORIA CT BARRINGTON IL 60010,60010
206 ASTORIA CT BARRINGTON IL 60010,60010
208 ASTORIA CT BARRINGTON IL 60010,60010
210 ASTORIA CT BARRINGTON IL 60010,60010
212 ASTORIA CT BARRINGTON IL 60010,60010
209 ASTORIA CT BARRINGTON IL 60010,60010
207 ASTORIA CT BARRINGTON IL 60010,60010
205 ASTORIA CT BARRINGTON IL 60010,60010
203 ASTORIA CT BARRINGTON IL 60010,60010
201 ASTORIA CT BARRINGTON IL 60010,60010
1468 COLUMBIA LN BARRINGTON IL 60010,60010
1470 COLUMBIA LN BARRINGTON IL 60010,60010
1472 COLUMBIA LN BARRINGTON IL 60010,60010
1474 COLUMBIA LN BARRINGTON IL 60010,60010
1476 COLUMBIA LN BARRINGTON IL 60010,60010
100 MANCHESTER DR BARRINGTON IL 60010,60010
1475 S BARRINGTON RD BARRINGTON IL 60010,60010
42 E DUNDEE RD BARRINGTON IL 60010,60010
1531 GROVE AVE 101 BARRINGTON IL 60010,60010
1531 GROVE AVE 102 BARRINGTON IL 60010,60010
1531 GROVE AVE 103 BARRINGTON IL 60010,60010
1531 GROVE AVE 104 BARRINGTON IL 60010,60010
1531 GROVE AVE 105 BARRINGTON IL 60010,60010
1531 GROVE AVE 106 BARRINGTON IL 60010,60010
1531 GROVE AVE 201 BARRINGTON IL 60010,60010
1531 GROVE AVE 202 BARRINGTON IL 60010,60010
1531 GROVE AVE 203 BARRINGTON IL 60010,60010
1531 GROVE AVE 204 BARRINGTON IL 60010,60010
1531 GROVE AVE 205 BARRINGTON IL 60010,60010
1531 GROVE AVE 206 BARRINGTON IL 60010,60010
1531 GROVE AVE BARRINGTON IL 60010,60010
1525 GROVE AVE BARRINGTON IL 60010,60010
1525 S GROVE AVE 101 BARRINGTON IL 60010,60010
1525 S GROVE AVE 102 BARRINGTON IL 60010,60010
1525 S GROVE AVE 103 BARRINGTON IL 60010,60010
1525 S GROVE AVE 104 BARRINGTON IL 60010,60010
1525 S GROVE AVE 201 BARRINGTON IL 60010,60010
1525 S GROVE AVE 202 BARRINGTON IL 60010,60010
1525 S GROVE AVE 203 BARRINGTON IL 60010,60010
1525 S GROVE AVE 204 BARRINGTON IL 60010,60010
1531 S GROVE AVE BARRINGTON IL 60010,60010
1529 S GROVE AVE 101 BARRINGTON IL 60010,60010
1529 S GROVE AVE 102 BARRINGTON IL 60010,60010
1529 S GROVE AVE 103 BARRINGTON IL 60010,60010
1529 S GROVE AVE 104 BARRINGTON IL 60010,60010
1529 S GROVE AVE 105 BARRINGTON IL 60010,60010
1529 S GROVE AVE 106 BARRINGTON IL 60010,60010
36 E DUNDEE RD BARRINGTON IL 60010,60010
235 LIONS DR BARRINGTON IL 60010,60010
235 LIONS DR BARRINGTON IL 60010,60010
42 E DUNDEE RD BARRINGTON IL 60010,60010
42 E DUNDEE RD BARRINGTON IL 60010,60010
42 E DUNDEE RD BARRINGTON IL 60010,60010
42 E DUNDEE RD BARRINGTON IL 60010,60010
42 E DUNDEE RD BARRINGTON IL 60010,60010
45 E DUNDEE RD BARRINGTON IL 60010,60010
1495 NEWCASTLE CT BARRINGTON IL 60010,60010
1485 NEWCASTLE CT BARRINGTON IL 60010,60010
1475 NEWCASTLE CT BARRINGTON IL 60010,60010
1465 NEWCASTLE CT BARRINGTON IL 60010,60010
1455 NEWCASTLE CT BARRINGTON IL 60010,60010
1445 NEWCASTLE CT BARRINGTON IL 60010,60010
1435 NEWCASTLE CT BARRINGTON IL 60010,60010
1425 NEWCASTLE CT BARRINGTON IL 60010,60010
1415 NEWCASTLE CT BARRINGTON IL 60010,60010
1405 NEWCASTLE CT INVERNESS IL 60010,60010
1520 NEWPORT LN BARRINGTON IL 60010,60010
1530 NEWPORT LN BARRINGTON IL 60010,60010
1540 NEWPORT LN INVERNESS IL 60010,60010
1550 NEWPORT LN INVERNESS IL 60010,60010
1560 NEWPORT LN INVERNESS IL 60010,60010
1555 NEWPORT LN INVERNESS IL 60010,60010
1535 NEWPORT LN INVERNESS IL 60010,60010
1525 NEWPORT LN INVERNESS IL 60010,60010
1515 NEWPORT LN INVERNESS IL 60010,60010
1090 GLENCREST DR INVERNESS IL 60010,60010
1100 GLENCREST DR INVERNESS IL 60010,60010
1110 GLENCREST DR INVERNESS IL 60010,60010
1120 GLENCREST DR INVERNESS IL 60010,60010
1135 GLENCREST DR INVERNESS IL 60010,60010
1125 GLENCREST DR INVERNESS IL 60010,60010
1115 GLENCREST DR INVERNESS IL 60010,60010
1105 GLENCREST DR INVERNESS IL 60010,60010
1099 GLENCREST DR INVERNESS IL 60010,60010
1410 NEWCASTLE CT INVERNESS IL 60010,60010
1420 NEWCASTLE CT INVERNESS IL 60010,60010
1430 NEWCASTLE CT BARRINGTON IL 60010,60010
1440 NEWCASTLE CT BARRINGTON IL 60010,60010
1450 NEWCASTLE CT BARRINGTON IL 60010,60010
1480 NEWCASTLE CT BARRINGTON IL 60010,60010
1490 NEWCASTLE CT BARRINGTON IL 60010,60010
116 W NORTHWEST HWY BARRINGTON IL 60010,60010
1145 GLENCREST DR INVERNESS IL 60010,60010
115 HILLSHIRE DR INVERNESS IL 60010,60010
117 HILLSHIRE DR INVERNESS IL 60010,60010
119 HILLSHIRE DR INVERNESS IL 60010,60010
121 HILLSHIRE DR INVERNESS IL 60010,60010
112 HILLSHIRE DR INVERNESS IL 60010,60010
110 HILLSHIRE DR INVERNESS IL 60010,60010
130 HILLSHIRE CT INVERNESS IL 60010,60010
132 HILLSHIRE CT INVERNESS IL 60010,60010
134 HILLSHIRE CT INVERNESS IL 60010,60010
136 HILLSHIRE CT INVERNESS IL 60010,60010
139 HILLSHIRE CT INVERNESS IL 60010,60010
137 HILLSHIRE CT INVERNESS IL 60010,60010
135 HILLSHIRE CT INVERNESS IL 60010,60010
133 HILLSHIRE CT INVERNESS IL 60010,60010
131 HILLSHIRE CT INVERNESS IL 60010,60010
129 HILLSHIRE CT INVERNESS IL 60010,60010
127 HILLSHIRE CT INVERNESS IL 60010,60010
500 PETERSON CT BARRINGTON IL 60010,60010
502 PETERSON CT BARRINGTON IL 60010,60010
504 PETERSON CT BARRINGTON IL 60010,60010
508 PETERSON CT BARRINGTON IL 60010,60010
510 PETERSON CT BARRINGTON IL 60010,60010
512 PETERSON CT BARRINGTON IL 60010,60010
514 PETERSON CT BARRINGTON IL 60010,60010
518 PETERSON CT BARRINGTON IL 60010,60010
520 PETERSON CT BARRINGTON IL 60010,60010
522 PETERSON CT BARRINGTON IL 60010,60010
526 PETERSON CT BARRINGTON IL 60010,60010
528 PETERSON CT BARRINGTON IL 60010,60010
530 PETERSON CT BARRINGTON IL 60010,60010
534 PETERSON CT BARRINGTON IL 60010,60010
536 PETERSON CT BARRINGTON IL 60010,60010
538 PETERSON CT BARRINGTON IL 60010,60010
540 PETERSON CT BARRINGTON IL 60010,60010
544 PETERSON CT BARRINGTON IL 60010,60010
546 PETERSON CT BARRINGTON IL 60010,60010
548 PETERSON CT BARRINGTON IL 60010,60010
550 PETERSON CT BARRINGTON IL 60010,60010
531 PETERSON CT BARRINGTON IL 60010,60010
525 PETERSON CT BARRINGTON IL 60010,60010
523 PETERSON CT BARRINGTON IL 60010,60010
521 PETERSON CT BARRINGTON IL 60010,60010
519 PETERSON CT BARRINGTON IL 60010,60010
515 PETERSON CT BARRINGTON IL 60010,60010
513 PETERSON CT BARRINGTON IL 60010,60010
511 PETERSON CT BARRINGTON IL 60010,60010
509 PETERSON CT BARRINGTON IL 60010,60010
510 PERSHING CT BARRINGTON IL 60010,60010
512 PERSHING CT BARRINGTON IL 60010,60010
514 PERSHING CT BARRINGTON IL 60010,60010
516 PERSHING CT BARRINGTON IL 60010,60010
520 PERSHING CT BARRINGTON IL 60010,60010
522 PERSHING CT BARRINGTON IL 60010,60010
524 PERSHING CT BARRINGTON IL 60010,60010
528 PERSHING CT BARRINGTON IL 60010,60010
530 PERSHING CT BARRINGTON IL 60010,60010
532 PERSHING CT BARRINGTON IL 60010,60010
529 PERSHING CT BARRINGTON IL 60010,60010
527 PERSHING CT BARRINGTON IL 60010,60010
525 PERSHING CT BARRINGTON IL 60010,60010
521 PERSHING CT BARRINGTON IL 60010,60010
519 PERSHING CT BARRINGTON IL 60010,60010
517 PERSHING CT BARRINGTON IL 60010,60010
513 PERSHING CT BARRINGTON IL 60010,60010
511 PERSHING CT BARRINGTON IL 60010,60010
509 PERSHING CT BARRINGTON IL 60010,60010
505 PERSHING CT BARRINGTON IL 60010,60010
503 PERSHING CT BARRINGTON IL 60010,60010
501 PERSHING CT BARRINGTON IL 60010,60010
1462 PALMER ST BARRINGTON IL 60010,60010
1460 PALMER ST BARRINGTON IL 60010,60010
1458 PALMER ST BARRINGTON IL 60010,60010
1454 PALMER ST BARRINGTON IL 60010,60010
1452 PALMER ST BARRINGTON IL 60010,60010
1450 PALMER ST BARRINGTON IL 60010,60010
1765 S BRAYMORE DR INVERNESS IL 60010,60010
1765 S BRAYMORE DR INVERNESS IL 60010,60010
1765 S BRAYMORE DR INVERNESS IL 60010,60010
1800 HAMILTON CT INVERNESS IL 60010,60010
1800 HAMILTON CT INVERNESS IL 60010,60010
1850 N BRAYMORE DR INVERNESS IL 60010,60010
1840 N BRAYMORE DR INVERNESS IL 60010,60010
1866 N BRAYMORE DR INVERNESS IL 60010,60010
1864 N BRAYMORE DR INVERNESS IL 60010,60010
1860 N BRAYMORE DR INVERNESS IL 60010,60010
1805 HAMILTON CT INVERNESS IL 60010,60010
1868 N BRAYMORE DR INVERNESS IL 60010,60010
1935 S BRAYMORE DR INVERNESS IL 60010,60010
1925 S BRAYMORE DR INVERNESS IL 60010,60010
2005 S BRAYMORE DR INVERNESS IL 60010,60010
1955 S BRAYMORE DR INVERNESS IL 60010,60010
1945 S BRAYMORE DR INVERNESS IL 60010,60010
1935 S BRAYMORE DR INVERNESS IL 60010,60010
1925 S BRAYMORE DR INVERNESS IL 60010,60010
110 BRAYMORE CT INVERNESS IL 60010,60010
120 BRAYMORE CT INVERNESS IL 60010,60010
130 BRAYMORE CT INVERNESS IL 60010,60010
140 BRAYMORE CT INVERNESS IL 60010,60010
150 BRAYMORE CT INVERNESS IL 60010,60010
160 N BRAYMORE DR INVERNESS IL 60010,60010
155 BRAYMORE CT INVERNESS IL 60010,60010
145 BRAYMORE CT INVERNESS IL 60010,60010
95 GAELIC CT INVERNESS IL 60010,60010
90 GAELIC CT INVERNESS IL 60010,60010
80 GAELIC CT INVERNESS IL 60010,60010
135 BRAYMORE CT INVERNESS IL 60010,60010
125 BRAYMORE CT INVERNESS IL 60010,60010
1785 S BRAYMORE DR INVERNESS IL 60010,60010
1775 S BRAYMORE DR INVERNESS IL 60010,60010
1765 S BRAYMORE DR INVERNESS IL 60010,60010
200 KNOX CT INVERNESS IL 60010,60010
210 KNOX CT INVERNESS IL 60010,60010
220 KNOX CT INVERNESS IL 60010,60010
230 KNOX CT BARRINGTON IL 60010,60010
240 KNOX CT INVERNESS IL 60010,60010
245 KNOX CT BARRINGTON IL 60010,60010
235 KNOX CT INVERNESS IL 60010,60010
225 KNOX CT BARRINGTON IL 60010,60010
1695 S BRAYMORE DR INVERNESS IL 60010,60010
1735 S BRAYMORE DR INVERNESS IL 60010,60010
1240 MACALPIN DR INVERNESS IL 60010,60010
1230 MACALPIN DR INVERNESS IL 60010,60010
1220 MACALPIN DR INVERNESS IL 60010,60010
1210 MACALPIN DR INVERNESS IL 60010,60010
1200 MACALPIN DR INVERNESS IL 60010,60010
1110 MACALPIN DR INVERNESS IL 60010,60010
1100 MACALPIN DR INVERNESS IL 60010,60010
1922 S BRAYMORE DR INVERNESS IL 60010,60010
1930 S BRAYMORE DR INVERNESS IL 60010,60010
1760 S BRAYMORE DR INVERNESS IL 60010,60010
1770 S BRAYMORE DR INVERNESS IL 60010,60010
1700 S BRAYMORE DR INVERNESS IL 60010,60010
1740 S BRAYMORE DR INVERNESS IL 60010,60010
1750 S BRAYMORE DR INVERNESS IL 60010,60010
665 DUNBARTON DR INVERNESS IL 60010,60010
675 DUNBARTON DR INVERNESS IL 60010,60010
685 DUNBARTON DR INVERNESS IL 60010,60010
695 DUNBARTON DR INVERNESS IL 60010,60010
1845 N BRAYMORE DR INVERNESS IL 60010,60010
1849 N BRAYMORE DR INVERNESS IL 60010,60010
510 ALEXANDER CT INVERNESS IL 60010,60010
1851 N BRAYMORE DR INVERNESS IL 60010,60010
1853 N BRAYMORE DR INVERNESS IL 60010,60010
1855 N BRAYMORE DR INVERNESS IL 60010,60010
1865 N BRAYMORE DR INVERNESS IL 60010,60010
2010 N BRAYMORE DR INVERNESS IL 60010,60010
2000 S BRAYMORE DR INVERNESS IL 60010,60010
525 ALEXANDER CT INVERNESS IL 60010,60010
1868 N BRAYMORE DR INVERNESS IL 60010,60010
1330 MACALPIN DR INVERNESS IL 60010,60010
1320 MACALPIN DR INVERNESS IL 60010,60010
1310 MACALPIN DR INVERNESS IL 60010,60010
740 DUNBARTON DR INVERNESS IL 60010,60010
730 DUNBARTON DR INVERNESS IL 60010,60010
710 DUNBARTON DR INVERNESS IL 60010,60010
700 DUNBARTON DR INVERNESS IL 60010,60010
690 DUNBARTON DR INVERNESS IL 60010,60010
680 DUNBARTON DR INVERNESS IL 60010,60010
710 DUNBARTON DR INVERNESS IL 60010,60010
1865 N BRAYMORE DR INVERNESS IL 60010,60010
1340 MACALPIN DR INVERNESS IL 60010,60010
525 ALEXANDER CT INVERNESS IL 60010,60010
520 ALEXANDER CT INVERNESS IL 60010,60010
135 COLONY DR INVERNESS IL 60010,60010
133 COLONY DR INVERNESS IL 60010,60010
131 COLONY DR INVERNESS IL 60010,60010
129 COLONY DR INVERNESS IL 60010,60010
127 COLONY DR INVERNESS IL 60010,60010
125 COLONY DR INVERNESS IL 60010,60010
123 COLONY DR INVERNESS IL 60010,60010
122 COLONY DR INVERNESS IL 60010,60010
124 COLONY DR INVERNESS IL 60010,60010
126 COLONY DR INVERNESS IL 60010,60010
128 COLONY DR INVERNESS IL 60010,60010
130 COLONY DR INVERNESS IL 60010,60010
132 COLONY DR INVERNESS IL 60010,60010
134 COLONY DR INVERNESS IL 60010,60010
136 COLONY DR INVERNESS IL 60010,60010
2008 ABBOTSFORD DR INVERNESS IL 60010,60010
1530 MACALPIN CT INVERNESS IL 60010,60010
1221 MACALPIN DR INVERNESS IL 60010,60010
664 E BRADWELL RD INVERNESS IL 60010,60010
668 BRADWELL RD INVERNESS IL 60010,60010
672 BRADWELL RD INVERNESS IL 60010,60010
676 BRADWELL RD INVERNESS IL 60010,60010
2022 ABBOTSFORD DR INVERNESS IL 60010,60010
2020 ABBOTSFORD DR INVERNESS IL 60010,60010
2018 ABBOTSFORD DR INVERNESS IL 60010,60010
2016 ABBOTSFORD DR INVERNESS IL 60010,60010
2014 ABBOTSFORD DR INVERNESS IL 60010,60010
2012 ABBOTSFORD DR INVERNESS IL 60010,60010
2008 ABBOTSFORD DR INVERNESS IL 60010,60010
1998 ABBOTSFORD DR INVERNESS IL 60010,60010
1996 ABBOTSFORD DR INVERNESS IL 60010,60010
1992 ABBOTSFORD DR INVERNESS IL 60010,60010
1988 ABBOTSFORD DR INVERNESS IL 60010,60010
622 ALNWICK CT INVERNESS IL 60010,60010
658 ALNWICK CT INVERNESS IL 60010,60010
659 ALNWICK CT INVERNESS IL 60010,60010
663 ALNWICK CT INVERNESS IL 60010,60010
674 TYNE CT INVERNESS IL 60010,60010
678 TYNE CT INVERNESS IL 60010,60010
1987 SELKIRK CT INVERNESS IL 60010,60010
1990 SELKIRK CT INVERNESS IL 60010,60010
678 SKYE LN INVERNESS IL 60010,60010
676 SKYE LN INVERNESS IL 60010,60010
2011 ABBOTSFORD DR INVERNESS IL 60010,60010
2016 ABBOTSFORD DR INVERNESS IL 60010,60010
1993 ABBOTSFORD DR INVERNESS IL 60010,60010
1989 ABBOTSFORD DR INVERNESS IL 60010,60010
1981 ABBOTSFORD DR INVERNESS IL 60010,60010
1979 ABBOTSFORD DR INVERNESS IL 60010,60010
674 SKYE LN INVERNESS IL 60010,60010
2015 ABBOTSFORD DR INVERNESS IL 60010,60010
1875 N BRAYMORE DR INVERNESS IL 60010,60010
1885 N BRAYMORE DR INVERNESS IL 60010,60010
1350 MACALPIN DR INVERNESS IL 60010,60010
1340 MACALPIN DR INVERNESS IL 60010,60010
1330 MACALPIN DR INVERNESS IL 60010,60010
1320 MACALPIN DR INVERNESS IL 60010,60010
1865 N BRAYMORE DR INVERNESS IL 60010,60010
315 MACALPIN CT INVERNESS IL 60010,60010
305 MACALPIN CT INVERNESS IL 60010,60010
1345 MACALPIN DR INVERNESS IL 60010,60010
1355 MACALPIN DR INVERNESS IL 60010,60010
1580 MACALPIN DR INVERNESS IL 60010,60010
1570 MACALPIN CT INVERNESS IL 60010,60010
1560 MACALPIN DR INVERNESS IL 60010,60010
1550 MACALPIN CIR BARRINGTON HILLS IL 60010,60010
1540 MACALPIN CIR BARRINGTON HILLS IL 60010,60010
950 LIVINGSTON LN BARRINGTON IL 60010,60010
920 LIVINGSTON LN BARRINGTON IL 60010,60010
910 LIVINGSTON LN BARRINGTON IL 60010,60010
900 LIVINGSTON LN BARRINGTON IL 60010,60010
425 WINFIELD LN INVERNESS IL 60010,60010
425 WINFIELD LN INVERNESS IL 60010,60010
415 WINFIELD LN INVERNESS IL 60010,60010
411 WINFIELD LN INVERNESS IL 60010,60010
407 WINFIELD LN INVERNESS IL 60010,60010
1225 MACALPIN DR INVERNESS IL 60010,60010
1235 MACALPIN DR BARRINGTON IL 60010,60010
1305 MACALPIN DR BARRINGTON IL 60010,60010
1315 MACALPIN DR BARRINGTON IL 60010,60010
310 MACALPIN CT INVERNESS IL 60010,60010
1545 MACALPIN DR INVERNESS IL 60010,60010
1555 MACALPIN DR INVERNESS IL 60010,60010
1565 MACALPIN DR INVERNESS IL 60010,60010
1435 MACALPIN DR INVERNESS IL 60010,60010
1445 MACALPIN DR INVERNESS IL 60010,60010
1455 MACALPIN DR INVERNESS IL 60010,60010
1465 MACALPIN CIR INVERNESS IL 60010,60010
1530 MACALPIN DR INVERNESS IL 60010,60010
1520 MACALPIN DR INVERNESS IL 60010,60010
1510 MACALPIN DR INVERNESS IL 60010,60010
1500 MACALPIN DR INVERNESS IL 60010,60010
305 BISHOP CT INVERNESS IL 60010,60010
315 BISHOP CT INVERNESS IL 60010,60010
310 BISHOP CT INVERNESS IL 60010,60010
300 BISHOP CT INVERNESS IL 60010,60010
1440 MACALPIN DR INVERNESS IL 60010,60010
1430 MACALPIN DR INVERNESS IL 60010,60010
1420 MACALPIN DR INVERNESS IL 60010,60010
1410 MACALPIN DR INVERNESS IL 60010,60010
1890 N BRAYMORE DR INVERNESS IL 60010,60010
1880 N BRAYMORE DR INVERNESS IL 60010,60010
1870 N BRAYMORE DR INVERNESS IL 60010,60010
820 LIVINGSTON LN BARRINGTON IL 60010,60010
810 LIVINGSTON LN INVERNESS IL 60010,60010
800 LIVINGSTON LN BARRINGTON IL 60010,60010
850 LIVINGSTON LN BARRINGTON IL 60010,60010
400 WINFIELD LN INVERNESS IL 60010,60010
410 WINFIELD LN INVERNESS IL 60010,60010
420 WINFIELD LN BARRINGTON IL 60010,60010
430 WINFIELD LN BARRINGTON IL 60010,60010
805 LIVINGSTON LN BARRINGTON IL 60010,60010
815 LIVINGSTON LN BARRINGTON IL 60010,60010
825 LIVINGSTON LN BARRINGTON IL 60010,60010
835 LIVINGSTON LN BARRINGTON IL 60010,60010
915 LIVINGSTON CT BARRINGTON IL 60010,60010
925 LIVINGSTON CT BARRINGTON IL 60010,60010
920 LIVINGSTON CT BARRINGTON IL 60010,60010
900 LIVINGSTON CT BARRINGTON IL 60010,60010
945 LIVINGSTON LN INVERNESS IL 60010,60010
955 LIVINGSTON LN BARRINGTON IL 60010,60010
965 LIVINGSTON LN BARRINGTON IL 60010,60010
975 LIVINGSTON LN BARRINGTON IL 60010,60010
17 ABBEY WOODS LN INVERNESS IL 60010,60010
35 ABBEY WOODS  DR BARRINGTON HILLS IL 60010,60010
6 ABBEY WOODS DR BARRINGTON HILLS IL 60010,60010
36 ABBEYWOOD LN BARRINGTON HILLS IL 60010,60010
35 ABBEY DR INVERNESS IL 0,0
33 ABBEY WOODS DR BARRINGTON HILLS IL 60010,60010
31 ABBEY WOODS DR BARRINGTON HILLS IL 60010,60010
29 ABBEY WOODS DR BARRINGTON HILLS IL 60010,60010
27 ABBEY WOODS  DR BARRINGTON HILLS IL 60010,60010
137 S BARRINGTON RD INVERNESS IL 60010,60010
330 S BARRINGTON RD INVERNESS IL 60010,60010
330 S BARRINGTON RD BARRINGTON IL 60010,60010
107 BRADWELL RD BARRINGTON IL 60010,60010
2000 BRADWELL CIR BARRINGTON IL 60010,60010
2020 BRADWELL CIR INVERNESS IL 60010,60010
2135 BRADWELL CIR INVERNESS IL 60010,60010
2115 BRADWELL RD INVERNESS IL 60010,60010
79 GENEVA CT INVERNESS IL 60010,60010
79 GENEVA CT INVERNESS IL 60010,60010
80 GENEVA CT INVERNESS IL 60010,60010
80 GENEVA CT INVERNESS IL 60010,60010
127 BRADWELL RD INVERNESS IL 60010,60010
395 WHISPERING PINES CT INVERNESS IL 60010,60010
381 WHISPERING PINES CT INVERNESS IL 60010,60010
394 WHISPERING PINES CT INVERNESS IL 60010,60010
398 WHISPERING PINES CT INVERNESS IL 60010,60010
393 E BRADWELL RD INVERNESS IL 60010,60010
15 NEW ABBEY DR INVERNESS IL 60010,60010
25 NEW ABBEY DR INVERNESS IL 60010,60010
25 NEW ABBEY DR INVERNESS IL 60010,60010
35 NEW ABBEY DR BARRINGTON IL 60010,60010
35 NEW ABBEY DR INVERNESS IL 60010,60010
45 NEW ABBEY DR INVERNESS IL 60010,60010
55 NEW ABBEY DR INVERNESS IL 60010,60010
65 NEW ABBEY DR BARRINGTON IL 60010,60010
95 NEW ABBEY DR BARRINGTON IL 60010,60010
115 NEW ABBEY DR BARRINGTON IL 60010,60010
125 NEW ABBEY DR BARRINGTON IL 60010,60010
120 NEW ABBEY DR INVERNESS IL 60010,60010
110 ASHKIRK CT BARRINGTON IL 60010,60010
100 ASHKIRK CT INVERNESS IL 60010,60010
90 ASHKIRK CT INVERNESS IL 60010,60010
80 ASHKIRK CT INVERNESS IL 60010,60010
70 NEW ABBEY DR BARRINGTON IL 60010,60010
50 NEW ABBEY DR BARRINGTON IL 60010,60010
30 NEW ABBEY DR INVERNESS IL 60010,60010
20 NEW ABBEY DR BARRINGTON IL 60010,60010
2 CARLETON CT BARRINGTON IL 60010,60010
18 LOCH BROOK INVERNESS IL 60010,60010
21 LOCH BROOK INVERNESS IL 60010,60010
17 LOCH BROOK INVERNESS IL 60010,60010
26 KINGSBOROUGH  COVE INVERNESS IL 60010,60010
27 KINGSBOROUGH  COVE INVERNESS IL 60010,60010
20 LOCH BROOK INVERNESS IL 60010,60010
25 KINGSBOROUGH  COVE INVERNESS IL 60010,60010
16 LOCH BROOK INVERNESS IL 60010,60010
15 LOCH BROOK INVERNESS IL 60010,60010
21 LOCH BROOK INVERNESS IL 60010,60010
17 LOCH BROOK INVERNESS IL 60010,60010
11 TORRIN ROCKS COVE INVERNESS IL 60010,60010
10 TORRIN ROCKS COVE INVERNESS IL 60010,60010
32 CARLETON CIR INVERNESS IL 60010,60010
14 LOCH BROOK INVERNESS IL 60010,60010
12 TORRIN ROCKS COVE INVERNESS IL 60010,60010
13 TORRIN ROCKS COVE INVERNESS IL 60010,60010
27 KINGSBOROUGH  COVE INVERNESS IL 60010,60010
6 CARLETON CT INVERNESS IL 60010,60010
35 CARLETON CIR INVERNESS IL 60010,60010
28 KINGSBOROUGH  COVE INVERNESS IL 60010,60010
31 CARLETON CIR INVERNESS IL 60010,60010
7 CARLETON CT INVERNESS IL 60010,60010
3 CARLETON CT INVERNESS IL 60010,60010
34 CARLETON CIR INVERNESS IL 60010,60010
29 KINGSBOROUGH  COVE INVERNESS IL 60010,60010
9 TORRIN ROCKS COVE INVERNESS IL 60010,60010
33 CARLETON CIR INVERNESS IL 60010,60010
4 CARLETON CT INVERNESS IL 60010,60010
22 KINGSBOROUGH  COVE INVERNESS IL 60010,60010
30 CARLETON CIR INVERNESS IL 60010,60010
1 CARLETON CT INVERNESS IL 60010,60010
5 CARLETON CT INVERNESS IL 60010,60010
8 TORRIN ROCKS COVE INVERNESS IL 60010,60010
22 KINGSBOROUGH  COVE INVERNESS IL 60010,60010
23 KINGSBOROUGH  COVE INVERNESS IL 60010,60010
19 LOCH BROOK INVERNESS IL 60010,60010
24 KINGSBOROUGH  COVE INVERNESS IL 60010,60010
2 CARLETON CT INVERNESS IL 60010,60010
133 BRADWELL RD INVERNESS IL 60010,60010
817 BRADWELL RD INVERNESS IL 60010,60010
811 BRADWELL RD INVERNESS IL 60010,60010
2103 HARROW GATE DR INVERNESS IL 60010,60010
2107 HARROW GATE DR INVERNESS IL 60010,60010
2111 HARROW GATE DR INVERNESS IL 60010,60010
2117 HARROW GATE DR INVERNESS IL 60010,60010
2125 HARROW GATE DR INVERNESS IL 60010,60010
2133 HARROW GATE DR INVERNESS IL 60010,60010
2201 HARROW GATE DR INVERNESS IL 60010,60010
2207 HARROW GATE DR INVERNESS IL 60010,60010
2207 HARROW GATE DR INVERNESS IL 60010,60010
2215 HARROW GATE DR INVERNESS IL 60010,60010
2221 HARROW GATE DR INVERNESS IL 60010,60010
2215 HARROW GATE DR INVERNESS IL 60010,60010
2221 HARROW GATE DR INVERNESS IL 60010,60010
2227 HARROW GATE DR INVERNESS IL 60010,60010
2237 HARROW GATE DR INVERNESS IL 60010,60010
2245 HARROW GATE DR INVERNESS IL 60010,60010
2305 HARROW GATE DR INVERNESS IL 60010,60010
2319 HARROW GATE DR INVERNESS IL 60010,60010
2325 HARROW GATE DR INVERNESS IL 60010,60010
2331 HARROW GATE DR INVERNESS IL 60010,60010
2336 HARROW GATE DR INVERNESS IL 60010,60010
2308 HARROW GATE DR INVERNESS IL 60010,60010
2300 HARROW GATE DR INVERNESS IL 60010,60010
2244 HARROW GATE DR INVERNESS IL 60010,60010
2236 HARROW GATE DR INVERNESS IL 60010,60010
2228 HARROW GATE DR INVERNESS IL 60010,60010
2218 HARROW GATE DR INVERNESS IL 60010,60010
769 HALBERT LN HSE INVERNESS IL 60010,60010
769 HALBERT LN INVERNESS IL 60010,60010
768 HALBERT LN INVERNESS IL 60010,60010
772 HALBERT LN INVERNESS IL 60010,60010
2206 HARROW GATE DR INVERNESS IL 60010,60010
2134 HARROW GATE DR INVERNESS IL 60010,60010
2130 HARROW GATE DR INVERNESS IL 60010,60010
779 SUMMER ISLE LN INVERNESS IL 60010,60010
775 SUMMER ISLE LN INVERNESS IL 60010,60010
774 SUMMER ISLE LN INVERNESS IL 60010,60010
778 SUMMER ISLE LN INVERNESS IL 60010,60010
782 SUMMER ISLE LN INVERNESS IL 60010,60010
791 SANDAY LN INVERNESS IL 60010,60010
787 SANDAY LN INVERNESS IL 60010,60010
781 SANDAY LN INVERNESS IL 60010,60010
780 SANDAY LN INVERNESS IL 60010,60010
784 SANDAY LN INVERNESS IL 60010,60010
2134 HARROW GATE DR INVERNESS IL 60010,60010
2134 HARROW GATE DR INVERNESS IL 60010,60010
2103 SHETLAND RD INVERNESS IL 60010,60010
2109 SHETLAND RD INVERNESS IL 60010,60010
2108 MULGUY DR INVERNESS IL 60010,60010
2100 MULGUY DR INVERNESS IL 60010,60010
2105 MULGUY DR INVERNESS IL 60010,60010
2117 MULGUY CT INVERNESS IL 60010,60010
2121 MULGUY CT INVERNESS IL 60010,60010
2123 MULGUY CT INVERNESS IL 60010,60010
2205 APPLECROSS RD INVERNESS IL 60010,60010
2209 APPLECROSS RD INVERNESS IL 60010,60010
2219 APPLECROSS RD INVERNESS IL 60010,60010
2221 APPLECROSS RD INVERNESS IL 60010,60010
2224 APPLECROSS RD INVERNESS IL 60010,60010
2222 APPLECROSS RD INVERNESS IL 60010,60010
2220 APPLECROSS RD INVERNESS IL 60010,60010
2206 APPLECROSS RD INVERNESS IL 60010,60010
2204 APPLECROSS RD INVERNESS IL 60010,60010
2120 APPLECROSS RD INVERNESS IL 60010,60010
2115 SHETLAND RD INVERNESS IL 60010,60010
2125 SHETLAND RD INVERNESS IL 60010,60010
2201 SHETLAND RD INVERNESS IL 60010,60010
2207 SHETLAND RD INVERNESS IL 60010,60010
2217 SHETLAND RD INVERNESS IL 60010,60010
2223 SHETLAND RD INVERNESS IL 60010,60010
2223 SHETLAND RD INVERNESS IL 60010,60010
2227 SHETLAND RD INVERNESS IL 60010,60010
2226 SHETLAND RD BARRINGTON IL 60010,60010
2222 SHETLAND RD BARRINGTON IL 60010,60010
2222 SHETLAND RD BARRINGTON IL 60010,60010
2214 SHETLAND RD INVERNESS IL 60010,60010
2214 SHETLAND RD INVERNESS IL 60010,60010
2208 SHETLAND RD INVERNESS IL 60010,60010
2208 SHETLAND RD INVERNESS IL 60010,60010
2204 SHETLAND RD INVERNESS IL 60010,60010
2200 SHETLAND RD INVERNESS IL 60010,60010
2124 SHETLAND RD INVERNESS IL 60010,60010
2116 SHETLAND RD INVERNESS IL 60010,60010
2110 SHETLAND RD INVERNESS IL 60010,60010
2102 SHETLAND RD INVERNESS IL 60010,60010
425 BRADWELL RD INVERNESS IL 60010,60010
100 BRINKER RD BARRINGTON HILLS IL 60010,60010
100 BRINKER RD BARRINGTON HILLS IL 60010,60010
121 BRINKER RD BARRINGTON HILLS IL 60010,60010
100 BRINKER RD BARRINGTON HILLS IL 60010,60010
112 BRINKER RD BARRINGTON HILLS IL 60010,60010
108 BRINKER RD BARRINGTON IL 60010,60010
102 BRINKER RD BARRINGTON HILLS IL 60010,60010
102 BRINKER RD B BARRINGTON HILLS IL 60010,60010
104 BRINKER RD BARRINGTON HILLS IL 60010,60010
100 BRINKER RD BARRINGTON HILLS IL 60010,60010
106 BRINKER RD BARRINGTON HILLS IL 60010,60010
110 BRINKER RD BARRINGTON HILLS IL 60010,60010
130 OLD DUNDEE RD BARRINGTON HILLS IL 60010,60010
142 OLD DUNDEE RD BARRINGTON HILLS IL 60010,60010
107 BRINKER RD BARRINGTON HILLS IL 60010,60010
109 BRINKER RD BARRINGTON HILLS IL 60010,60010
132 OLD DUNDEE RD BARRINGTON HILLS IL 60010,60010
165 HAWTHORNE RD BARRINGTON HILLS IL 60010,60010
109 BRINKER RD BARRINGTON HILLS IL 60010,60010
139 OLD DUNDEE RD BARRINGTON HILLS IL 60010,60010
146 OLD DUNDEE RD BARRINGTON HILLS IL 60010,60010
154 OLD DUNDEE RD BARRINGTON HILLS IL 60010,60010
147 OLD DUNDEE RD BARRINGTON HILLS IL 60010,60010
145 OLD DUNDEE RD BARRINGTON HILLS IL 60010,60010
170 HAWTHORNE RD BARRINGTON HILLS IL 60010,60010
180 HAWTHORNE RD BARRINGTON HILLS IL 60010,60010
128 OLD DUNDEE RD BARRINGTON HILLS IL 60010,60010
129 OLD DUNDEE RD BARRINGTON HILLS IL 60010,60010
129 OLD DUNDEE RD BARRINGTON HILLS IL 60010,60010
125 OLD DUNDEE RD BARRINGTON HILLS IL 60010,60010
150 HAWTHORNE RD BARRINGTON HILLS IL 60010,60010
123 OLD DUNDEE RD BARRINGTON HILLS IL 60010,60010
140 HAWTHORNE RD BARRINGTON HILLS IL 60010,60010
127 OLD DUNDEE RD BARRINGTON HILLS IL 60010,60010
160 HAWTHORNE RD BARRINGTON HILLS 60010,60010
120 HAWTHORNE RD BARRINGTON HILLS IL 60010,60010
130 HAWTHORNE RD BARRINGTON HILLS IL 60010,60010
100 HAWTHORNE RD BARRINGTON HILLS IL 60010,60010
115 HAWTHORNE RD BARRINGTON HILLS IL 60010,60010
115 HAWTHORNE RD BARRINGTON HILLS IL 60010,60010
98 ALGONQUIN RD BARRINGTON HILLS IL 60010,60010
264 OLD BARTLETT RD A BARRINGTON HILLS IL 60010,60010
113 BRINKER RD BARRINGTON HILLS IL 60010,60010
117 BRINKER RD BARRINGTON HILLS IL 60010,60010
121 BRINKER RD BARRINGTON HILLS IL 60010,60010
125 BRINKER RD BARRINGTON HILLS IL 60010,60010
129 BRINKER RD BARRINGTON HILLS IL 60010,60010
158 OLD DUNDEE RD BARRINGTON HILLS IL 60010,60010
98 ALGONQUIN RD BARRINGTON HILLS IL 60010,60010
264 OLD BARTLETT RD BARRINGTON HILLS IL 60010,60010
197 W PENNY RD SOUTH BARRINGTON IL 60010,60010
129 BRINKER RD BARRINGTON HILLS IL 60010,60010
324 SUTTON RD BARRINGTON HILLS IL 60010,60010
320 SUTTON RD BARRINGTON HILLS IL 60010,60010
324 SUTTON RD A BARRINGTON HILLS IL 60010,60010
326 SUTTON RD BARRINGTON HILLS IL 60010,60010
324 SUTTON RD BARRINGTON HILLS IL 60010,60010
325 SUTTON RD BARRINGTON HILLS IL 60010,60010
322 OLD SUTTON RD BARRINGTON HILLS IL 60010,60010
321 SUTTON RD BARRINGTON HILLS IL 60010,60010
170 OLD SUTTON RD BARRINGTON HILLS IL 60010,60010
317 SUTTON RD BARRINGTON HILLS IL 60010,60010
317 SUTTON RD BARRINGTON HILLS IL 60010,60010
316 SUTTON RD BARRINGTON HILLS IL 60010,60010
317 ALGONQUIN RD BARRINGTON HILLS IL 60010,60010
134 BRINKER RD BARRINGTON IL 60010,60010
311 ALGONQUIN RD BARRINGTON HILLS IL 60010,60010
126 BRINKER RD BARRINGTON HILLS IL 60010,60010
122 BRINKER RD BARRINGTON HILLS IL 60010,60010
120 BRINKER RD BARRINGTON HILLS IL 60010,60010
128 BRINKER RD BARRINGTON HILLS IL 60010,60010
134 BRINKER RD BARRINGTON HILLS IL 60010,60010
112 BRINKER RD BARRINGTON HILLS IL 60010,60010
126 BRINKER RD BARRINGTON HILLS IL 60010,60010
130 BRINKER RD BARRINGTON HILLS IL 60010,60010
124 BRINKER RD BARRINGTON HILLS IL 60010,60010
132 BRINKER RD BARRINGTON HILLS IL 60010,60010
124 BRINKER RD BARRINGTON HILLS IL 60010,60010
170 OLD SUTTON RD BARRINGTON HILLS IL 60010,60010
190 SUTTON RD BARRINGTON HILLS IL 60010,60010
176 SUTTON RD ROUTE BARRINGTON HILLS IL 60010,60010
170 SUTTON RD BARRINGTON HILLS IL 60010,60010
185 SUTTON RD BARRINGTON HILLS IL 60010,60010
175 OLD SUTTON RD BARRINGTON HILLS IL 60010,60010
177 DUNDEE RD D BARRINGTON HILLS IL 60010,60010
177 DUNDEE RD C BARRINGTON HILLS IL 60010,60010
16 CREEKSIDE LN BARRINGTON HILLS IL 60010,60010
134 BRINKER RD BARRINGTON HILLS IL 60010,60010
134 BRINKER RD BARRINGTON HILLS IL 60010,60010
116 BRINKER RD BARRINGTON HILLS IL 60010,60010
112 BRINKER RD BARRINGTON HILLS IL 60010,60010
134 BRINKER RD BARRINGTON HILLS IL 60010,60010
116 BRINKER RD BARRINGTON HILLS IL 60010,60010
311 ALGONQUIN RD BARRINGTON HILLS IL 60010,60010
311 ALGONQUIN RD BARRINGTON HILLS IL 60010,60010
124 BRINKER RD BARRINGTON HILLS IL 60010,60010
124 BRINKER RD BARRINGTON HILLS IL 60010,60010
134 BRINKER RD BARRINGTON HILLS IL 60010,60010
134 BRINKER RD BARRINGTON HILLS IL 60010,60010
121 BRINKER RD BARRINGTON HILLS IL 60010,60010
125 BRINKER RD BARRINGTON HILLS IL 60010,60010
133 BRINKER RD BARRINGTON HILLS IL 60010,60010
2400 HUNTINGTON BLVD HOFFMAN ESTATES IL 60192,60192
310 ALGONQUIN RD BARRINGTON HILLS IL 60010,60010
310 DUNDEE RD BARRINGTON HILLS IL 60010,60010
319 W DUNDEE RD BARRINGTON HILLS IL 60010,60010
315 DUNDEE RD BARRINGTON HILLS IL 60010,60010
313 DUNDEE RD BARRINGTON HILLS IL 60010,60010
310 DUNDEE RD BARRINGTON HILLS IL 60010,60010
326 DUNDEE RD BARRINGTON HILLS IL 60010,60010
312 ALGONQUIN RD RT 5 BARRINGTON HILLS IL 60010,60010
200 DUNDEE RD BARRINGTON HILLS IL 60010,60010
320 DUNDEE RD BARRINGTON HILLS IL 60010,60010
309 DUNDEE RD BARRINGTON HILLS IL 60010,60010
309 ALGONQUIN RD BARRINGTON HILLS IL 60010,60010
114 ALGONQUIN RD BARRINGTON HILLS IL 60010,60010
114 ALGONQUIN RD BARRINGTON HILLS IL 60010,60010
112 ALGONQUIN RD BARRINGTON HILLS IL 60010,60010
116 ALGONQUIN RD BARRINGTON HILLS IL 60010,60010
118 ALGONQUIN RD BARRINGTON HILLS IL 60010,60010
125 ALGONQUIN BARRINGTON 60010,60010
118 ALGONQUIN RD BARRINGTON HILLS IL 60010,60010
141 ALGONQUIN RD BARRINGTON HILLS IL 60010,60010
141 ALGONQUIN RD BARRINGTON HILLS IL 60010,60010
151 ALGONQUIN RD BARRINGTON HILLS IL 60010,60010
161 ALGONQUIN RD BARRINGTON HILLS IL 60010,60010
163 ALGONQUIN RD BARRINGTON HILLS IL 60010,60010
163 SPRINGWOOD LN BARRINGTON HILLS IL 60010,60010
164 SPRINGWOOD LN BARRINGTON HILLS IL 60010,60010
162 SPRINGWOOD LN BARRINGTON HILLS IL 60010,60010
165 ALGONQUIN RD BARRINGTON HILLS IL 60010,60010
165 ALGONQUIN RD BARRINGTON HILLS IL 60010,60010
163 ALGONQUIN RD BARRINGTON HILLS IL 60010,60010
160 DUNDEE RD BARRINGTON HILLS IL 60010,60010
160 DUNDEE RD BARRINGTON HILLS IL 60010,60010
160 DUNDEE RD BARRINGTON HILLS IL 60010,60010
160 DUNDEE RD BARRINGTON HILLS IL 60010,60010
2 LONG MEADOW DR BARRINGTON HILLS IL 60010,60010
3 LONG MEADOW CT BARRINGTON HILLS IL 60010,60010
4 LONG MEADOW CT BARRINGTON HILLS IL 60010,60010
5 LONG MEADOW CT BARRINGTON HILLS IL 60010,60010
6 LONGMEADOW CT BARRINGTON HILLS IL 60010,60010
7 LONG MEADOW CT BARRINGTON HILLS IL 60010,60010
8 LONGMEADOW CT BARRINGTON HILLS IL 60010,60010
9 LONG MEADOW DR BARRINGTON HILLS IL 60010,60010
10 LONG MEADOW DR BARRINGTON HILLS IL 60010,60010
9 ROLLING HILLS DR BARRINGTON HILLS IL 60010,60010
11 ROLLING HILLS DR BARRINGTON HILLS IL 60010,60010
12 ROLLING HILLS DR BARRINGTON HILLS IL 60010,60010
13 ROLLING HILLS DR BARRINGTON HILLS IL 60010,60010
14 LONGMEADOW DR BARRINGTON HILLS IL 60010,60010
15 ROLLING HILLS DR BARRINGTON HILLS IL 60010,60010
16 ROLLING HILLS DR BARRINGTON HILLS IL 60010,60010
17 ROLLING HILLS DR BARRINGTON HILLS IL 60010,60010
18 ROLLING HILLS DR BARRINGTON HILLS IL 60010,60010
19 ROLLING HILLS DR BARRINGTON HILLS IL 60010,60010
20 ROLLING HILLS DR BARRINGTON HILLS IL 60010,60010
21 ROLLING HILLS DR BARRINGTON HILLS IL 60010,60010
22 ROLLING HILLS DR BARRINGTON HILLS IL 60010,60010
23 ROLLING HILLS DR BARRINGTON HILLS IL 60010,60010
24 ROLLING HILLS DR BARRINGTON HILLS IL 60010,60010
25 ROLLING HILLS DR BARRINGTON HILLS IL 60010,60010
26 ROLLING HILLS DR BARRINGTON HILLS IL 60010,60010
27 ROLLING HILLS DR BARRINGTON HILLS IL 60010,60010
28 ROLLING HILLS DR BARRINGTON HILLS IL 60010,60010
29 ROLLING HILLS DR BARRINGTON HILLS IL 60010,60010
100 BATEMAN RD BARRINGTON HILLS IL 60010,60010
100 BERRON LN BARRINGTON HILLS IL 60010,60010
200 BERRON LN BARRINGTON HILLS IL 60010,60010
300 BERRON LN BARRINGTON HILLS IL 60010,60010
400 BERRON LN BARRINGTON HILLS IL 60010,60010
500 BERRON LN BARRINGTON HILLS IL 60010,60010
600 BERRON LN BARRINGTON HILLS IL 60010,60010
700 BERRON LN BARRINGTON HILLS IL 60010,60010
1000 JULIANO CT BARRINGTON HILLS IL 60010,60010
900 JULIANO CT BARRINGTON HILLS IL 60010,60010
1000 JULIANO CT BARRINGTON HILLS IL 60010,60010
1100 JULIANO CT BARRINGTON HILLS IL 60010,60010
1200 JULIANO CT BARRINGTON HILLS IL 60010,60010
120 GALLIGAN RD DUNDEE IL 60118,60118
130 GALLIGAN RD DUNDEE IL 60118,60118
140 GALLIGAN RD DUNDEE IL 60118,60118
1 FERNWOOD DR BARRINGTON HILLS IL 60010,60010
2 FERNWOOD DR BARRINGTON HILLS IL 60010,60010
3 FERNWOOD DR BARRINGTON HILLS IL 60010,60010
4 FERNWOOD DR BARRINGTON HILLS IL 60010,60010
160 BATEMAN RD D BARRINGTON HILLS IL 60010,60010
5 FERNWOOD DR BARRINGTON HILLS IL 60010,60010
8 FERNWOOD DR BARRINGTON HILLS IL 60010,60010
7 FERNWOOD DR BARRINGTON HILLS IL 60010,60010
160 DUNDEE RD BARRINGTON HILLS IL 60010,60010
160 DUNDEE RD BARRINGTON HILLS IL 60010,60010
160 DUNDEE RD BARRINGTON HILLS IL 60010,60010
154 W DUNDEE RD BARRINGTON HILLS IL 60010,60010
152 W DUNDEE RD BARRINGTON IL 60010,60010
191 BATEMAN RD BARRINGTON HILLS IL 60010,60010
21 PENNY RD BARRINGTON HILLS IL 60010,60010
1 EAGLE POINTE DR BARRINGTON HILLS IL 60010,60010
2 EAGLE POINTE DR BARRINGTON HILLS IL 60010,60010
3 EAGLE POINTE DR BARRINGTON HILLS IL 60010,60010
4 EAGLE POINTE DR BARRINGTON HILLS IL 60010,60010
5 EAGLE POINTE DR BARRINGTON HILLS IL 60010,60010
6 EAGLE POINTE DR BARRINGTON HILLS IL 60010,60010
8 EAGLE POINTE DR BARRINGTON HILLS IL 60010,60010
31 PENNY RD W922 BARRINGTON HILLS IL 60010,60010
31 PENNY RD W866 BARRINGTON HILLS IL 60010,60010
31 PENNY RD W952 BARRINGTON HILLS IL 60010,60010
160 BATEMAN RD BARRINGTON HILLS IL 60010,60010
160 BATEMAN RD BARRINGTON HILLS IL 60010,60010
31 PENNY RD W544 BARRINGTON IL 60010,60010
31 PENNY RD W382 BARRINGTON IL 60010,60010
33 PENNY RD BARRINGTON HILLS IL 60010,60010
160 DUNDEE RD BARRINGTON HILLS IL 60010,60010
152 W DUNDEE RD BARRINGTON HILLS IL 60010,60010
151 W DUNDEE RD BARRINGTON HILLS IL 60010,60010
155 DUNDEE RD BARRINGTON HILLS IL 60010,60010
5 POTTER LN BARRINGTON HILLS IL 60010,60010
4 POTTER LN BARRINGTON HILLS IL 60010,60010
149 DUNDEE RD BARRINGTON HILLS IL 60010,60010
160 BATEMAN RD K BARRINGTON HILLS IL 60010,60010
702 GOODMAN CT BARRINGTON HILLS IL 60010,60010
704 GOODMAN CT BARRINGTON HILLS IL 60010,60010
706 GOODMAN CT BARRINGTON HILLS IL 60010,60010
705 GOODMAN CT BARRINGTON HILLS IL 60010,60010
703 GOODMAN CT BARRINGTON HILLS IL 60010,60010
508 POND GATE DR BARRINGTON HILLS IL 60010,60010
510 POND GATE DR BARRINGTON HILLS IL 60010,60010
812 MAGNUSON CT BARRINGTON HILLS IL 60010,60010
813 MAGNUSON CT BARRINGTON HILLS IL 60010,60010
811 MAGNUSON CT BARRINGTON HILLS IL 60010,60010
809 MAGNUSON CT BARRINGTON HILLS IL 60010,60010
518 POND GATE DR BARRINGTON IL 60010,60010
520 POND GATE DR BARRINGTON HILLS IL 60010,60010
522 POND GATE DR BARRINGTON HILLS IL 60010,60010
524 POND GATE DR BARRINGTON HILLS IL 60010,60010
525 POND GATE DR BARRINGTON HILLS IL 60010,60010
523 POND GATE DR BARRINGTON HILLS IL 60010,60010
521 POND GATE DR BARRINGTON HILLS IL 60010,60010
519 POND GATE DR BARRINGTON HILLS IL 60010,60010
517 POND GATE DR BARRINGTON HILLS IL 60010,60010
515 POND GATE DR BARRINGTON HILLS IL 60010,60010
513 POND GATE DR BARRINGTON HILLS IL 60010,60010
511 POND GATE DR BARRINGTON HILLS IL 60010,60010
509 POND GATE DR BARRINGTON HILLS IL 60010,60010
507 POND GATE DR BARRINGTON HILLS IL 60010,60010
505 POND GATE DR BARRINGTON HILLS IL 60010,60010
503 POND GATE DR BARRINGTON HILLS IL 60010,60010
501 POND GATE DR BARRINGTON HILLS IL 60010,60010
525 POND GATE DR BARRINGTON HILLS IL 60010,60010
523 POND GATE DR BARRINGTON HILLS IL 60010,60010
521 POND GATE DR BARRINGTON HILLS IL 60010,60010
519 POND GATE DR BARRINGTON HILLS IL 60010,60010
526 POND GATE DR BARRINGTON HILLS IL 60010,60010
527 POND GATE DR BARRINGTON HILLS IL 60010,60010
527 POND GATE DR BARRINGTON HILLS IL 60010,60010
15 WOODCREEK RD BARRINGTON HILLS IL 60010,60010
14 WOODCREEK RD BARRINGTON HILLS IL 60010,60010
13 WOODCREEK RD BARRINGTON HILLS IL 60010,60010
12 WOODCREEK RD BARRINGTON HILLS IL 60010,60010
11 WOODCREEK RD BARRINGTON HILLS IL 60010,60010
10 WOODCREEK RD BARRINGTON HILLS IL 60010,60010
9 WOODCREEK RD BARRINGTON HILLS IL 60010,60010
15 WOODCREEK RD BARRINGTON HILLS IL 60010,60010
1 WOODCREEK RD BARRINGTON HILLS IL 60010,60010
2 WOODCREEK RD BARRINGTON HILLS IL 60010,60010
3 WOODCREEK RD BARRINGTON HILLS IL 60010,60010
4 WOODCREEK RD BARRINGTON HILLS IL 60010,60010
5 WOODCREEK RD BARRINGTON HILLS IL 60010,60010
6 WOODCREEK RD BARRINGTON HILLS IL 60010,60010
7 WOODCREEK RD BARRINGTON HILLS IL 60010,60010
177 DUNDEE RD BARRINGTON HILLS IL 60010,60010
170 DUNDEE RD BARRINGTON HILLS IL 60010,60010
181 SUTTON RD BARRINGTON HILLS IL 60010,60010
183 OLD SUTTON RD BARRINGTON HILLS IL 60010,60010
179 TAMARACK LN G BARRINGTON HILLS IL 60010,60010
179 TAMARACK LN A BARRINGTON HILLS IL 60010,60010
179 TAMARACK LN B BARRINGTON HILLS IL 60010,60010
179 TAMARACK LN BARRINGTON HILLS IL 60010,60010
179 TAMARACK LN C BARRINGTON HILLS IL 60010,60010
180 OLD SUTTON RD BARRINGTON HILLS IL 60010,60010
180 OLD SUTTON RD A BARRINGTON HILLS IL 60010,60010
12 REBECCA DR BARRINGTON HILLS IL 60010,60010
183 OLD SUTTON RD BARRINGTON HILLS IL 60010,60010
177 DUNDEE RD BARRINGTON HILLS IL 60010,60010
170 DUNDEE RD BARRINGTON HILLS IL 60010,60010
170 DUNDEE RD BARRINGTON HILLS IL 60010,60010
170 DUNDEE RD BARRINGTON HILLS IL 60010,60010
255 DUNDEE RD BARRINGTON HILLS IL 60010,60010
181 OLD SUTTON RD BARRINGTON HILLS IL 60010,60010
215 DUNDEE RD BARRINGTON HILLS IL 60010,60010
255 DUNDEE RD BARRINGTON HILLS IL 60010,60010
180 SUTTON RD BARRINGTON HILLS IL 60010,60010
196 PENNY RD SOUTH BARRINGTON IL 60010,60010
4 CREEKSIDE LN BARRINGTON HILLS IL 60010,60010
6 CREEKSIDE LN BARRINGTON HILLS IL 60010,60010
9 CREEKSIDE LN BARRINGTON HILLS IL 60010,60010
12 CREEKSIDE LN BARRINGTON HILLS IL 60010,60010
18 CREEKSIDE LN BARRINGTON HILLS IL 60010,60010
19 CREEKSIDE LN BARRINGTON HILLS IL 60010,60010
20 CREEKSIDE LN BARRINGTON HILLS IL 60010,60010
3 CREEKSIDE LN BARRINGTON HILLS IL 60010,60010
5 CREEKSIDE LN BARRINGTON HILLS IL 60010,60010
7 CREEKSIDE LN BARRINGTON HILLS IL 60010,60010
8 CREEKSIDE LN BARRINGTON HILLS IL 60010,60010
10 CREEKSIDE LN BARRINGTON HILLS IL 60010,60010
11 CREEKSIDE LN BARRINGTON HILLS IL 60010,60010
14 CREEKSIDE LN BARRINGTON HILLS IL 60010,60010
15 CREEKSIDE LN BARRINGTON HILLS IL 60010,60010
16 CREEKSIDE LN BARRINGTON HILLS IL 60010,60010
17 CREEKSIDE LN BARRINGTON HILLS IL 60010,60010
1 CREEKSIDE LN BARRINGTON HILLS IL 60010,60010
2 CREEKSIDE LN BARRINGTON HILLS IL 60010,60010
13 CREEKSIDE LN BARRINGTON IL 60010,60010
16 REBECCA DR BARRINGTON HILLS IL 60010,60010
10 REBECCA DR BARRINGTON HILLS IL 60010,60010
182 REBECCA DR BARRINGTON HILLS IL 60010,60010
183 REBECCA DR BARRINGTON HILLS IL 60010,60010
184 REBECCA DR BARRINGTON HILLS IL 60010,60010
181 SUTTON RD BARRINGTON HILLS IL 60010,60010
182 OLD SUTTON RD BARRINGTON IL 60010,60010
181 TRICIA LN BARRINGTON HILLS IL 60010,60010
2 TRICIA LN BARRINGTON HILLS IL 60010,60010
185 TRICIA LN BARRINGTON HILLS IL 60010,60010
6 TRICIA LN BARRINGTON HILLS IL 60010,60010
5 TRICIA LN BARRINGTON HILLS IL 60010,60010
164 OLD SUTTON RD BARRINGTON HILLS IL 60010,60010
1 TRICIA LN BARRINGTON HILLS IL 60010,60010
5 REBECCA DR BARRINGTON HILLS IL 60010,60010
181 SUTTON RD BARRINGTON HILLS IL 60010,60010
189 OLD SUTTON RD BARRINGTON HILLS IL 60010,60010
190 SUTTON RD BARRINGTON HILLS IL 60010,60010
186 SUTTON RD BARRINGTON HILLS IL 60010,60010
191 OLD SUTTON RD BARRINGTON HILLS IL 60010,60010
181 SUTTON RD BARRINGTON HILLS IL 60010,60010
183 SUTTON RD BARRINGTON HILLS IL 60010,60010
185 SUTTON RD BARRINGTON HILLS IL 60010,60010
187 OLD SUTTON RD BARRINGTON IL 60010,60010
188 SUTTON RD BARRINGTON HILLS IL 60010,60010
188 OLD SUTTON RD BARRINGTON IL 60010,60010
191 PENNY RD BARRINGTON HILLS IL 60010,60010
193 PENNY RD BARRINGTON HILLS IL 60010,60010
8 TRICIA LN BARRINGTON HILLS IL 60010,60010
196 PENNY RD SOUTH BARRINGTON IL 60010,60010
2 SHENANDOAH CIR SOUTH BARRINGTON IL 60010,60010
4 SHENANDOAH CIR SOUTH BARRINGTON IL 60010,60010
6 SHENANDOAH CIR SOUTH BARRINGTON IL 60010,60010
8 SHENANDOAH CIR SOUTH BARRINGTON IL 60010,60010
10 SHENANDOAH CIR SOUTH BARRINGTON IL 60010,60010
12 SHENANDOAH CIR SOUTH BARRINGTON IL 60010,60010
14 SHENANDOAH CIR SOUTH BARRINGTON IL 60010,60010
16 SHENANDOAH CIR SOUTH BARRINGTON IL 60010,60010
196 PENNY RD SOUTH BARRINGTON IL 60010,60010
196 PENNY RD SOUTH BARRINGTON IL 60010,60010
196 PENNY RD SOUTH BARRINGTON IL 60010,60010
196 PENNY RD SOUTH BARRINGTON IL 60010,60010
196 PENNY RD SOUTH BARRINGTON IL 60010,60010
196 PENNY RD SOUTH BARRINGTON IL 60010,60010
196 PENNY RD SOUTH BARRINGTON IL 60010,60010
196 PENNY RD SOUTH BARRINGTON IL 60010,60010
196 PENNY RD SOUTH BARRINGTON IL 60010,60010
196 PENNY RD SOUTH BARRINGTON IL 60010,60010
18 SHENANDOAH CIR SOUTH BARRINGTON IL 60010,60010
20 SHENANDOAH CIR SOUTH BARRINGTON IL 60010,60010
22 SHENANDOAH CIR SOUTH BARRINGTON IL 60010,60010
28 SHENANDOAH CIR SOUTH BARRINGTON IL 60010,60010
30 SHENANDOAH CIR SOUTH BARRINGTON IL 60010,60010
1 RAINIER CIR SOUTH BARRINGTON IL 60010,60010
3 RAINIER CIR SOUTH BARRINGTON IL 60010,60010
5 RAINIER CIR SOUTH BARRINGTON IL 60010,60010
7 RAINIER CIR SOUTH BARRINGTON IL 60010,60010
9 RAINIER CIR SOUTH BARRINGTON IL 60010,60010
11 RAINIER CIR SOUTH BARRINGTON IL 60010,60010
15 RAINIER CIR SOUTH BARRINGTON IL 60010,60010
17 RAINIER CIR SOUTH BARRINGTON IL 60010,60010
19 RAINIER CIR SOUTH BARRINGTON IL 60010,60010
21 RAINIER CIR SOUTH BARRINGTON IL 60010,60010
23 RAINIER CIR SOUTH BARRINGTON IL 60010,60010
25 RAINIER CIR SOUTH BARRINGTON IL 60010,60010
27 RAINIER CIR SOUTH BARRINGTON IL 60010,60010
196 PENNY RD SOUTH BARRINGTON IL 60010,60010
2 ACADIA DR SOUTH BARRINGTON IL 60010,60010
4 ACADIA DR SOUTH BARRINGTON IL 60010,60010
6 ACADIA DR SOUTH BARRINGTON IL 60010,60010
8 ACADIA DR SOUTH BARRINGTON IL 60010,60010
10 ACADIA DR SOUTH BARRINGTON IL 60010,60010
12 ACADIA DR SOUTH BARRINGTON IL 60010,60010
14 ACADIA DR SOUTH BARRINGTON IL 60010,60010
16 ACADIA DR SOUTH BARRINGTON IL 60010,60010
18 ACADIA DR SOUTH BARRINGTON IL 60010,60010
196 PENNY RD SOUTH BARRINGTON IL 60010,60010
196 PENNY RD SOUTH BARRINGTON IL 60010,60010
196 PENNY RD SOUTH BARRINGTON IL 60010,60010
48 SHENANDOAH CIR SOUTH BARRINGTON IL 60010,60010
46 SHENANDOAH CIR SOUTH BARRINGTON IL 60010,60010
44 SHENANDOAH CIR SOUTH BARRINGTON IL 60010,60010
42 SHENANDOAH CIR SOUTH BARRINGTON IL 60010,60010
40 SHENANDOAH CIR SOUTH BARRINGTON IL 60010,60010
38 SHENANDOAH CIR SOUTH BARRINGTON IL 60010,60010
36 SHENANDOAH CIR SOUTH BARRINGTON IL 60010,60010
34 SHENANDOAH CIR SOUTH BARRINGTON IL 60010,60010
32 SHENANDOAH CIR SOUTH BARRINGTON IL 60010,60010
20 ACADIA DR SOUTH BARRINGTON IL 60010,60010
22 ACADIA DR SOUTH BARRINGTON IL 60010,60010
24 ACADIA DR SOUTH BARRINGTON IL 60010,60010
26 ACADIA DR SOUTH BARRINGTON IL 60010,60010
28 ACADIA DR SOUTH BARRINGTON IL 60010,60010
30 ACADIA DR SOUTH BARRINGTON IL 60010,60010
28 RAINIER CIR SOUTH BARRINGTON IL 60010,60010
26 RAINIER CIR SOUTH BARRINGTON IL 60010,60010
24 RAINIER CIR SOUTH BARRINGTON IL 60010,60010
20 RAINIER CIR SOUTH BARRINGTON IL 60010,60010
14 RAINIER CIR SOUTH BARRINGTON IL 60010,60010
8 RAINIER CIR SOUTH BARRINGTON IL 60010,60010
6 RAINIER CIR SOUTH BARRINGTON IL 60010,60010
4 RAINIER CIR SOUTH BARRINGTON IL 60010,60010
7 SHENANDOAH CIR SOUTH BARRINGTON IL 60010,60010
196 PENNY RD SOUTH BARRINGTON IL 60010,60010
196 PENNY RD SOUTH BARRINGTON IL 60010,60010
19 ACADIA DR SOUTH BARRINGTON IL 60010,60010
17 ACADIA DR SOUTH BARRINGTON IL 60010,60010
15 ACADIA DR SOUTH BARRINGTON IL 60010,60010
11 ACADIA DR SOUTH BARRINGTON IL 60010,60010
9 ACADIA DR SOUTH BARRINGTON IL 60010,60010
7 ACADIA DR SOUTH BARRINGTON IL 60010,60010
5 ACADIA DR SOUTH BARRINGTON IL 60010,60010
3 ACADIA DR SOUTH BARRINGTON IL 60010,60010
1 ACADIA DR SOUTH BARRINGTON IL 60010,60010
196 PENNY RD SOUTH BARRINGTON IL 60010,60010
196 PENNY RD SOUTH BARRINGTON IL 60010,60010
196 PENNY RD SOUTH BARRINGTON IL 60010,60010
35 ACADIA DR SOUTH BARRINGTON IL 60010,60010
33 ACADIA DR SOUTH BARRINGTON IL 60010,60010
31 ACADIA DR SOUTH BARRINGTON IL 60010,60010
29 ACADIA DR SOUTH BARRINGTON IL 60010,60010
27 ACADIA DR SOUTH BARRINGTON IL 60010,60010
25 ACADIA DR SOUTH BARRINGTON IL 60010,60010
23 ACADIA DR SOUTH BARRINGTON IL 60010,60010
21 ACADIA DR SOUTH BARRINGTON IL 60010,60010
41 SHENANDOAH CIR SOUTH BARRINGTON IL 60010,60010
43 SHENANDOAH CIR SOUTH BARRINGTON IL 60010,60010
45 SHENANDOAH CIR SOUTH BARRINGTON IL 60010,60010
47 SHENANDOAH CIR SOUTH BARRINGTON IL 60010,60010
49 SHENANDOAH CIR SOUTH BARRINGTON IL 60010,60010
196 PENNY RD SOUTH BARRINGTON IL 60010,60010
23 SHENANDOAH CIR SOUTH BARRINGTON IL 60010,60010
25 SHENANDOAH CIR SOUTH BARRINGTON IL 60010,60010
27 SHENANDOAH CIR SOUTH BARRINGTON IL 60010,60010
29 SHENANDOAH CIR SOUTH BARRINGTON IL 60010,60010
31 SHENANDOAH CIR SOUTH BARRINGTON IL 60010,60010
33 SHENANDOAH CIR SOUTH BARRINGTON IL 60010,60010
187 SUTTON RD BARRINGTON HILLS IL 60010,60010
180 BARTLETT RD BARRINGTON IL 60010,60010
264 OLD BARTLETT RD BARRINGTON HILLS IL 60010,60010
180 BARTLETT RD BARRINGTON IL 60010,60010
17 WESTLAKE DR SOUTH BARRINGTON IL 60010,60010
15 WESTLAKE DR SOUTH BARRINGTON IL 60010,60010
11 WESTLAKE DR SOUTH BARRINGTON IL 60010,60010
9 WESTLAKE DR SOUTH BARRINGTON IL 60010,60010
7 WESTLAKE DR SOUTH BARRINGTON IL 60010,60010
2 WINDRIDGE RD SOUTH BARRINGTON IL 60010,60010
4 WINDRIDGE RD SOUTH BARRINGTON IL 60010,60010
6 WINDRIDGE RD SOUTH BARRINGTON IL 60010,60010
10 WINDRIDGE RD SOUTH BARRINGTON IL 60010,60010
OUTLOT SOUTH BARRINGTON IL 60010,60010
2 WESTLAKE DR SOUTH BARRINGTON IL 60010,60010
4 WESTLAKE DR SOUTH BARRINGTON IL 60010,60010
6 WESTLAKE DR SOUTH BARRINGTON IL 60010,60010
8 WESTLAKE DR SOUTH BARRINGTON IL 60010,60010
10 WESTLAKE DR SOUTH BARRINGTON IL 60010,60010
12 WESTLAKE DR SOUTH BARRINGTON IL 60010,60010
14 WESTLAKE DR SOUTH BARRINGTON IL 60010,60010
16 WESTLAKE DR SOUTH BARRINGTON IL 60010,60010
18 WESTLAKE DR SOUTH BARRINGTON IL 60010,60010
20 WESTLAKE DR SOUTH BARRINGTON IL 60010,60010
22 WESTLAKE DR SOUTH BARRINGTON IL 60010,60010
1 WOODBURY CT SOUTH BARRINGTON IL 60010,60010
2 WOODBURY CT SOUTH BARRINGTON IL 60010,60010
3 WOODBURY CT SOUTH BARRINGTON IL 60010,60010
4 WOODBURY CT SOUTH BARRINGTON IL 60010,60010
5 WOODBURY CT SOUTH BARRINGTON IL 60010,60010
6 WOODBURY CT SOUTH BARRINGTON IL 60010,60010
7 WOODBURY CT SOUTH BARRINGTON IL 60010,60010
8 WOODBURY CT SOUTH BARRINGTON IL 60010,60010
9 WOODBURY CT SOUTH BARRINGTON IL 60010,60010
19 WESTLAKE DR SOUTH BARRINGTON IL 60010,60010
13 WINDRIDGE RD SOUTH BARRINGTON IL 60010,60010
17 WESTLAKE DR SOUTH BARRINGTON IL 60010,60010
19 WESTLAKE DR SOUTH BARRINGTON IL 60010,60010
201 ALGONQUIN RD SOUTH BARRINGTON IL 60010,60010
10 WOODBURY CT SOUTH BARRINGTON IL 60010,60010
11 WOODBURY CT SOUTH BARRINGTON IL 60010,60010
10 BROOKE LN SOUTH BARRINGTON IL 60010,60010
8 BROOKE LN SOUTH BARRINGTON IL 60010,60010
6 BROOKE LN SOUTH BARRINGTON IL 60010,60010
4 BROOKE LN SOUTH BARRINGTON IL 60010,60010
3 BROOKE LN SOUTH BARRINGTON IL 60010,60010
5 BROOKE LN SOUTH BARRINGTON IL 60010,60010
3 KALEIGH CT SOUTH BARRINGTON IL 60010,60010
5 KALEIGH CT BARRINGTON IL 60010,60010
7 KALEIGH CT SOUTH BARRINGTON IL 60010,60010
9 KALEIGH CT BARRINGTON IL 60010,60010
6 KALEIGH CT BARRINGTON IL 60010,60010
4 KALEIGH CT SOUTH BARRINGTON IL 60010,60010
9 BROOKE LN SOUTH BARRINGTON IL 60010,60010
11 BROOKE LN SOUTH BARRINGTON IL 60010,60010
3 ELLE CT SOUTH BARRINGTON IL 60010,60010
5 ELLE CT SOUTH BARRINGTON IL 60010,60010
7 ELLE CT BARRINGTON IL 60010,60010
9 ELLE CT BARRINGTON IL 60010,60010
8 ELLE CT BARRINGTON IL 60010,60010
6 ELLE CT BARRINGTON IL 60010,60010
4 ELLE CT BARRINGTON IL 60010,60010
2 ELLE CT BARRINGTON IL 60010,60010
17 BROOKE LN SOUTH BARRINGTON IL 60010,60010
19 BROOKE LN SOUTH BARRINGTON IL 60010,60010
21 BROOKE LN SOUTH BARRINGTON IL 60010,60010
22 BROOKE LN SOUTH BARRINGTON IL 60010,60010
20 BROOKE LN SOUTH BARRINGTON IL 60010,60010
18 BROOKE LN SOUTH BARRINGTON IL 60010,60010
16 BROOKE LN SOUTH BARRINGTON IL 60010,60010
14 BROOKE LN SOUTH BARRINGTON IL 60010,60010
12 BROOKE LN SOUTH BARRINGTON IL 60010,60010
OUTLOT SOUTH BARRINGTON IL 60010,60010
99 BROOKE LN SOUTH BARRINGTON IL 60010,60010
97 BROOKE LN SOUTH BARRINGTON IL 60010,60010
95 BROOKE LN SOUTH BARRINGTON IL 60010,60010
93 BROOKE LN SOUTH BARRINGTON IL 60010,60010
91 BROOKE LN SOUTH BARRINGTON IL 60010,60010
1 BROOKE LN SOUTH BARRINGTON IL 60010,60010
8 KALEIGH CT SOUTH BARRINGTON IL 60010,60010
210 ALGONQUIN RD SOUTH BARRINGTON IL 60010,60010
220 ALGONQUIN RD SOUTH BARRINGTON IL 60010,60010
250 ALGONQUIN RD SOUTH BARRINGTON IL 60010,60010
306 ALGONQUIN RD SOUTH BARRINGTON IL 60010,60010
306 ALGONQUIN RD SOUTH BARRINGTON IL 60010,60010
306 ALGONQUIN RD SOUTH BARRINGTON IL 60010,60010
11 WINDRIDGE RD SOUTH BARRINGTON IL 60010,60010
9 WINDRIDGE RD SOUTH BARRINGTON IL 60010,60010
1 BROOKHAVEN CIR SOUTH BARRINGTON IL 60010,60010
6 BROOKHAVEN CIR SOUTH BARRINGTON IL 60010,60010
4 BROOKHAVEN CIR SOUTH BARRINGTON IL 60010,60010
3 WINDRIDGE RD SOUTH BARRINGTON IL 60010,60010
1 WINDRIDGE RD SOUTH BARRINGTON IL 60010,60010
1 WESTLAKE DR SOUTH BARRINGTON IL 60010,60010
203 ALGONQUIN RD SOUTH BARRINGTON IL 60010,60010
7 BROOKHAVEN CIR SOUTH BARRINGTON IL 60010,60010
3 BROOKHAVEN CIR SOUTH BARRINGTON IL 60010,60010
5 BROOKHAVEN CIR SOUTH BARRINGTON IL 60010,60010
330 W MAIN ST SOUTH BARRINGTON IL 60010,60010
330 W MAIN ST SOUTH BARRINGTON IL 60010,60010
330 W MAIN ST SOUTH BARRINGTON IL 60010,60010
330 W MAIN ST SOUTH BARRINGTON IL 60010,60010
330 W MAIN ST SOUTH BARRINGTON IL 60010,60010
330 W MAIN ST SOUTH BARRINGTON IL 60010,60010
330 W MAIN ST SOUTH BARRINGTON IL 60010,60010
330 W MAIN ST SOUTH BARRINGTON IL 60010,60010
330 W MAIN ST SOUTH BARRINGTON IL 60010,60010
1 EASTINGS WAY SOUTH BARRINGTON IL 60010,60010
3 EASTINGS WAY SOUTH BARRINGTON IL 60010,60010
5 EASTINGS WAY SOUTH BARRINGTON IL 60010,60010
7 EASTINGS WAY SOUTH BARRINGTON IL 60010,60010
9 EASTINGS WAY SOUTH BARRINGTON IL 60010,60010
11 EASTINGS WAY SOUTH BARRINGTON IL 60010,60010
13 EASTINGS WAY SOUTH BARRINGTON IL 60010,60010
15 EASTINGS WAY SOUTH BARRINGTON IL 60010,60010
17 EASTINGS WAY SOUTH BARRINGTON IL 60010,60010
19 EASTINGS WAY SOUTH BARRINGTON IL 60010,60010
21 EASTINGS WAY SOUTH BARRINGTON IL 60010,60010
23 EASTINGS WAY SOUTH BARRINGTON IL 60010,60010
25 EASTINGS WAY SOUTH BARRINGTON IL 60010,60010
27 EASTINGS WAY SOUTH BARRINGTON IL 60010,60010
22 EASTINGS WAY SOUTH BARRINGTON IL 60010,60010
20 EASTINGS WAY SOUTH BARRINGTON IL 60010,60010
4 EASTINGS WAY SOUTH BARRINGTON IL 60010,60010
2 EASTINGS WAY SOUTH BARRINGTON IL 60010,60010
1 LEANDA LN SOUTH BARRINGTON IL 60010,60010
3 LEANDA LN SOUTH BARRINGTON IL 60010,60010
5 LEANDA LN SOUTH BARRINGTON IL 60010,60010
7 LEANDA LN SOUTH BARRINGTON IL 60010,60010
9 LEANDA LN SOUTH BARRINGTON IL 60010,60010
LEANDA LN SOUTH BARRINGTON IL 60010,60010
5 LEANDA LN SOUTH BARRINGTON IL 60010,60010
11 LEANDA LN SOUTH BARRINGTON IL 60010,60010
2 LEANDA CT SOUTH BARRINGTON IL 60010,60010
14 LEANDA CT SOUTH BARRINGTON IL 60010,60010
12 LEANDA CT SOUTH BARRINGTON IL 60010,60010
9 LEANDA CT SOUTH BARRINGTON IL 60010,60010
8 LEANDA LN SOUTH BARRINGTON IL 60010,60010
6 LEANDA LN SOUTH BARRINGTON IL 60010,60010
4 LEANDA LN SOUTH BARRINGTON IL 60010,60010
2 LEANDA LN SOUTH BARRINGTON IL 60010,60010
7 LEANDA CT SOUTH BARRINGTON IL 60010,60010
55 W PENNY RD SOUTH BARRINGTON IL 60010,60010
56 W PENNY RD SOUTH BARRINGTON IL 60010,60010
58 W PENNY RD SOUTH BARRINGTON IL 60010,60010
3 SPRING CREEK DR SOUTH BARRINGTON IL 60010,60010
2 BEACON HILL DR SOUTH BARRINGTON IL 60010,60010
4 BEACON HILL DR SOUTH BARRINGTON IL 60010,60010
6 BEACON HILL DR SOUTH BARRINGTON IL 60010,60010
8 BEACON HILL DR SOUTH BARRINGTON IL 60010,60010
10 BEACON HILL DR SOUTH BARRINGTON IL 60010,60010
9 BEACON HILL DR SOUTH BARRINGTON IL 60010,60010
7 BEACON HILL DR SOUTH BARRINGTON IL 60010,60010
17 SPRING CREEK DR SOUTH BARRINGTON IL 60010,60010
15 SPRING CREEK DR SOUTH BARRINGTON IL 60010,60010
13 SPRING CREEK DR SOUTH BARRINGTON IL 60010,60010
11 SPRING CREEK DR SOUTH BARRINGTON IL 60010,60010
62 W PENNY RD SOUTH BARRINGTON IL 60010,60010
OUTLOT SOUTH BARRINGTON IL 60010,60010
OUTLOT SOUTH BARRINGTON IL 60010,60010
12 BEACON HILL DR SOUTH BARRINGTON IL 60010,60010
13 BEACON HILL DR SOUTH BARRINGTON IL 60010,60010
14 BEACON HILL DR SOUTH BARRINGTON IL 60010,60010
2 SPRING CREEK DR SOUTH BARRINGTON IL 60010,60010
4 SPRING CREEK DR SOUTH BARRINGTON IL 60010,60010
6 SPRING CREEK DR SOUTH BARRINGTON IL 60010,60010
3 QUINCY CIR SOUTH BARRINGTON IL 60010,60010
5 QUINCY CIR SOUTH BARRINGTON IL 60010,60010
8 QUINCY CIR SOUTH BARRINGTON IL 60010,60010
6 QUINCY CIR SOUTH BARRINGTON IL 60010,60010
4 QUINCY CIR SOUTH BARRINGTON IL 60010,60010
2 QUINCY CIR SOUTH BARRINGTON IL 60010,60010
10 SPRING CREEK DR SOUTH BARRINGTON IL 60010,60010
12 SPRING CREEK RD SOUTH BARRINGTON IL 60010,60010
1 RED RIDGE CIR SOUTH BARRINGTON IL 60010,60010
3 RED RIDGE CIR SOUTH BARRINGTON IL 60010,60010
5 RED RIDGE CIR SOUTH BARRINGTON IL 60010,60010
7 RED RIDGE CIR SOUTH BARRINGTON IL 60010,60010
9 RED RIDGE CIR SOUTH BARRINGTON IL 60010,60010
6 RED RIDGE CIR SOUTH BARRINGTON IL 60010,60010
4 RED RIDGE CIR SOUTH BARRINGTON IL 60010,60010
16 SPRING CREEK DR SOUTH BARRINGTON IL 60010,60010
5 BEACON HILL DR SOUTH BARRINGTON IL 60010,60010
3 BEACON HILL DR SOUTH BARRINGTON IL 60010,60010
1 BEACON HILL DR SOUTH BARRINGTON IL 60010,60010
OUTLOT SOUTH BARRINGTON IL 60010,60010
10 QUINCY CIR SOUTH BARRINGTON IL 60010,60010
OUTLOT SOUTH BARRINGTON IL 60010,60010
12 BEACON HILL DR SOUTH BARRINGTON IL 60010,60010
50 W PENNY RD SOUTH BARRINGTON IL 60010,60010
7 SHORE SIDE DR SOUTH BARRINGTON IL 60010,60010
9 SHORE SIDE DR SOUTH BARRINGTON IL 60010,60010
12 SHORE SIDE DR SOUTH BARRINGTON IL 60010,60010
OUTLOT SOUTH BARRINGTON IL 60010,60010
3 LAKE SIDE DR SOUTH BARRINGTON IL 60010,60010
5 LAKE SIDE DR SOUTH BARRINGTON IL 60010,60010
9 LAKE SIDE DR SOUTH BARRINGTON IL 60010,60010
11 LAKE SIDE DR SOUTH BARRINGTON IL 60010,60010
21 LAKE SIDE DR SOUTH BARRINGTON IL 60010,60010
27 LAKE SIDE DR SOUTH BARRINGTON IL 60010,60010
3 LAKE SIDE CT SOUTH BARRINGTON IL 60010,60010
5 LAKE SIDE CT SOUTH BARRINGTON IL 60010,60010
4 LAKE SIDE CT SOUTH BARRINGTON IL 60010,60010
31 LAKE SIDE DR SOUTH BARRINGTON IL 60010,60010
33 LAKE SIDE DR SOUTH BARRINGTON IL 60010,60010
35 LAKE SIDE DR SOUTH BARRINGTON IL 60010,60010
37 LAKE SIDE DR SOUTH BARRINGTON IL 60010,60010
39 LAKE SIDE DR SOUTH BARRINGTON IL 60010,60010
41 LAKE SIDE DR SOUTH BARRINGTON IL 60010,60010
40 LAKE SIDE DR SOUTH BARRINGTON IL 60010,60010
OUTLOT SOUTH BARRINGTON IL 60010,60010
OUTLOT SOUTH BARRINGTON IL 60010,60010
2 SHORE SIDE DR SOUTH BARRINGTON IL 60010,60010
4 SHORE SIDE DR SOUTH BARRINGTON IL 60010,60010
2 LAKE SIDE DR SOUTH BARRINGTON IL 60010,60010
4 LAKE SIDE DR SOUTH BARRINGTON IL 60010,60010
6 LAKE SIDE DR SOUTH BARRINGTON IL 60010,60010
8 LAKE SIDE DR SOUTH BARRINGTON IL 60010,60010
10 LAKE SIDE DR SOUTH BARRINGTON IL 60010,60010
12 LAKE SIDE DR SOUTH BARRINGTON IL 60010,60010
14 LAKE SIDE DR SOUTH BARRINGTON IL 60010,60010
16 LAKE SIDE DR SOUTH BARRINGTON IL 60010,60010
18 LAKE SIDE DR SOUTH BARRINGTON IL 60010,60010
20 LAKE SIDE DR SOUTH BARRINGTON IL 60010,60010
22 LAKE SIDE DR SOUTH BARRINGTON IL 60010,60010
24 LAKE SIDE DR SOUTH BARRINGTON IL 60010,60010
26 LAKE SIDE DR SOUTH BARRINGTON IL 60010,60010
28 LAKE SIDE DR SOUTH BARRINGTON IL 60010,60010
30 LAKE SIDE DR SOUTH BARRINGTON IL 60010,60010
32 LAKE SIDE DR SOUTH BARRINGTON IL 60010,60010
34 LAKE SIDE DR SOUTH BARRINGTON IL 60010,60010
36 LAKE SIDE DR SOUTH BARRINGTON IL 60010,60010
38 LAKE SIDE DR SOUTH BARRINGTON IL 60010,60010
14 SHORE SIDE DR SOUTH BARRINGTON IL 60010,60010
15 SHORE SIDE DR SOUTH BARRINGTON IL 60010,60010
13 SHORE SIDE DR SOUTH BARRINGTON IL 60010,60010
11 SHORE SIDE DR SOUTH BARRINGTON IL 60010,60010
5 SHORE SIDE DR SOUTH BARRINGTON IL 60010,60010
3 SHORE SIDE DR SOUTH BARRINGTON IL 60010,60010
1 SHORE SIDE DR SOUTH BARRINGTON IL 60010,60010
10 SHORE SIDE DR SOUTH BARRINGTON IL 60010,60010
8 SHORESIDE DR SOUTH BARRINGTON IL 60010,60010
54 W PENNY RD SOUTH BARRINGTON IL 60010,60010
52 W PENNY RD SOUTH BARRINGTON IL 60010,60010
34 W PENNY RD SOUTH BARRINGTON IL 60010,60010
32 W PENNY RD SOUTH BARRINGTON IL 60010,60010
30 W PENNY RD SOUTH BARRINGTON IL 60010,60010
40 W PENNY RD SOUTH BARRINGTON IL 60010,60010
38 W PENNY RD SOUTH BARRINGTON IL 60010,60010
36 W PENNY RD SOUTH BARRINGTON IL 60010,60010
4 BEECHNUT DR SOUTH BARRINGTON IL 60010,60010
2 BEECHNUT DR SOUTH BARRINGTON IL 60010,60010
1 BEECHNUT DR SOUTH BARRINGTON IL 60010,60010
1 WALNUT LN SOUTH BARRINGTON IL 60010,60010
7 WALNUT LN SOUTH BARRINGTON IL 60010,60010
9 WALNUT LN SOUTH BARRINGTON IL 60010,60010
11 WALNUT LN SOUTH BARRINGTON IL 60010,60010
12 WALNUT LN SOUTH BARRINGTON IL 60010,60010
10 WALNUT LN SOUTH BARRINGTON IL 60010,60010
8 WALNUT LN SOUTH BARRINGTON IL 60010,60010
6 WALNUT LN SOUTH BARRINGTON IL 60010,60010
4 WALNUT LN SOUTH BARRINGTON IL 60010,60010
2 WALNUT LN SOUTH BARRINGTON IL 60010,60010
7 BEECHNUT DR SOUTH BARRINGTON IL 60010,60010
9 BEECHNUT DR SOUTH BARRINGTON IL 60010,60010
11 BEECHNUT DR SOUTH BARRINGTON IL 60010,60010
13 BEECHNUT DR SOUTH BARRINGTON IL 60010,60010
13 BEECHNUT DR SOUTH BARRINGTON IL 60010,60010
15 BEECHNUT DR SOUTH BARRINGTON IL 60010,60010
17 BEECHNUT DR SOUTH BARRINGTON IL 60010,60010
19 BEECHNUT DR SOUTH BARRINGTON IL 60010,60010
21 BEECHNUT DR SOUTH BARRINGTON IL 60010,60010
23 BEECHNUT DR SOUTH BARRINGTON IL 60010,60010
29 BEECHNUT DR SOUTH BARRINGTON IL 60010,60010
35 BEECHNUT DR SOUTH BARRINGTON IL 60010,60010
34 BEECHNUT DR SOUTH BARRINGTON IL 60010,60010
32 BEECHNUT DR SOUTH BARRINGTON IL 60010,60010
30 BEECHNUT DR SOUTH BARRINGTON IL 60010,60010
28 BEECHNUT DR SOUTH BARRINGTON IL 60010,60010
37 BEECHNUT DR SOUTH BARRINGTON IL 60010,60010
39 BEECHNUT DR SOUTH BARRINGTON IL 60010,60010
41 BEECHNUT DR SOUTH BARRINGTON IL 60010,60010
42 BEECHNUT DR SOUTH BARRINGTON IL 60010,60010
40 BEECHNUT DR SOUTH BARRINGTON IL 60010,60010
38 BEECHNUT DR SOUTH BARRINGTON IL 60010,60010
36 BEECHNUT DR SOUTH BARRINGTON IL 60010,60010
20 W PENNY RD SOUTH BARRINGTON IL 60010,60010
18 W PENNY RD SOUTH BARRINGTON IL 60010,60010
26 BEECHNUT DR SOUTH BARRINGTON IL 60010,60010
24 BEECHNUT DR SOUTH BARRINGTON IL 60010,60010
22 BEECHNUT DR SOUTH BARRINGTON IL 60010,60010
20 BEECHNUT DR SOUTH BARRINGTON IL 60010,60010
34 PENNY RD SOUTH BARRINGTON IL 60010,60010
326 ALGONQUIN RD SOUTH BARRINGTON IL 60010,60010
316 ALGONQUIN RD SOUTH BARRINGTON IL 60010,60010
307 ALGONQUIN RD BARRINGTON IL 60010,60010
6 W PENNY RD SOUTH BARRINGTON IL 60010,60010
16 ALGONQUIN RD SOUTH BARRINGTON IL 60010,60010
6 E PENNY RD SOUTH BARRINGTON IL 60010,60010
2 WINDSOR CT SOUTH BARRINGTON IL 60010,60010
1 WINDSOR CT SOUTH BARRINGTON IL 60010,60010
3 WINDSOR CT SOUTH BARRINGTON IL 60010,60010
14 PENNY RD SOUTH BARRINGTON IL 60010,60010
2 STONE RIDGE DR SOUTH BARRINGTON IL 60010,60010
4 STONE RIDGE DR SOUTH BARRINGTON IL 60010,60010
6 STONE RIDGE DR SOUTH BARRINGTON IL 60010,60010
8 STONE RIDGE DR SOUTH BARRINGTON IL 60010,60010
10 STONE RIDGE DR SOUTH BARRINGTON IL 60010,60010
12 STONE RIDGE DR SOUTH BARRINGTON IL 60010,60010
12 STONE RIDGE DR SOUTH BARRINGTON IL 60010,60010
14 STONE RIDGE DR SOUTH BARRINGTON IL 60010,60010
16 STONE RIDGE DR SOUTH BARRINGTON IL 60010,60010
18 STONE RIDGE DR SOUTH BARRINGTON IL 60010,60010
20 STONE RIDGE DR SOUTH BARRINGTON IL 60010,60010
22 STONE RIDGE DR SOUTH BARRINGTON IL 60010,60010
24 STONE RIDGE DR SOUTH BARRINGTON IL 60010,60010
26 STONE RIDGE DR SOUTH BARRINGTON IL 60010,60010
28 STONE RIDGE DR SOUTH BARRINGTON IL 60010,60010
30 STONE RIDGE DR SOUTH BARRINGTON IL 60010,60010
32 STONE RIDGE DR SOUTH BARRINGTON IL 60010,60010
34 STONE RIDGE DR SOUTH BARRINGTON IL 60010,60010
36 STONE RIDGE DR SOUTH BARRINGTON IL 60010,60010
38 STONE RIDGE DR SOUTH BARRINGTON IL 60010,60010
201 S GROVE AVE SOUTH BARRINGTON IL 60010,60010
305 ALGONQUIN RD SOUTH BARRINGTON IL 60010,60010
303 ALGONQUIN RD SOUTH BARRINGTON IL 60010,60010
9 STONE RIDGE DR SOUTH BARRINGTON IL 60010,60010
7 STONE RIDGE DR SOUTH BARRINGTON IL 60010,60010
5 STONE RIDGE DR SOUTH BARRINGTON IL 60010,60010
3 STONE RIDGE DR SOUTH BARRINGTON IL 60010,60010
1 STONE RIDGE DR SOUTH BARRINGTON IL 60010,60010
21 STONE RIDGE DR SOUTH BARRINGTON IL 60010,60010
19 STONE RIDGE DR SOUTH BARRINGTON IL 60010,60010
15 STONE RIDGE DR SOUTH BARRINGTON IL 60010,60010
11 STONE RIDGE DR SOUTH BARRINGTON IL 60010,60010
201 S GROVE AVE SOUTH BARRINGTON IL 60010,60010
201 S GROVE AVE SOUTH BARRINGTON IL 60010,60010
37 STONE RIDGE DR SOUTH BARRINGTON IL 60010,60010
35 STONE RIDGE DR SOUTH BARRINGTON IL 60010,60010
31 STONE RIDGE DR SOUTH BARRINGTON IL 60010,60010
27 STONE RIDGE DR SOUTH BARRINGTON IL 60010,60010
6 HEATHWAY CT SOUTH BARRINGTON IL 60010,60010
3 LOCH LN SOUTH BARRINGTON IL 60010,60010
4 LOCH LN SOUTH BARRINGTON IL 60010,60010
6 LOCH LN SOUTH BARRINGTON IL 60010,60010
7 LOCH LN SOUTH BARRINGTON IL 60010,60010
5 LOCH LN SOUTH BARRINGTON IL 60010,60010
10 HEATHWAY CT SOUTH BARRINGTON IL 60010,60010
14 HEATHWAY CT SOUTH BARRINGTON IL 60010,60010
18 HEATH WAY CT SOUTH BARRINGTON IL 60010,60010
18 HEATHWAY CT SOUTH BARRINGTON IL 60010,60010
17 HEATHWAY CT SOUTH BARRINGTON IL 60010,60010
15 HEATHWAY CT SOUTH BARRINGTON IL 60010,60010
13 HEATHWAY CT SOUTH BARRINGTON IL 60010,60010
11 HEATHWAY CT SOUTH BARRINGTON IL 60010,60010
9 HEATHWAY CT SOUTH BARRINGTON IL 60010,60010
7 HEATHWAY CT SOUTH BARRINGTON IL 60010,60010
5 HEATHWAY CT SOUTH BARRINGTON IL 60010,60010
1 HEATHWAY CT SOUTH BARRINGTON IL 60010,60010
3 HEATHWAY CT SOUTH BARRINGTON IL 60010,60010
5 HEATHWAY CT SOUTH BARRINGTON IL 60010,60010
7 HEATHWAY CT SOUTH BARRINGTON IL 60010,60010
9 HEATHWAY CT SOUTH BARRINGTON IL 60010,60010
11 HEATH CT SOUTH BARRINGTON IL 60010,60010
2 LOCH LN SOUTH BARRINGTON IL 60010,60010
10 ALGONQUIN RD SOUTH BARRINGTON IL 60010,60010
2 ALGONQUIN RD SOUTH BARRINGTON IL 60010,60010
2 PENNY RD E SOUTH BARRINGTON IL 60010,60010
104 S COOK ST SOUTH BARRINGTON IL 60010,60010
104 S COOK ST SOUTH BARRINGTON IL 60010,60010
104 S COOK ST SOUTH BARRINGTON IL 60010,60010
16 E PENNY RD SOUTH BARRINGTON IL 60010,60010
6 PENNY RD SOUTH BARRINGTON IL 60010,60010
12 PENNY RD SOUTH BARRINGTON IL 60010,60010
2 DE VEAUX CT SOUTH BARRINGTON IL 60010,60010
4 DE VEAUX CT SOUTH BARRINGTON IL 60010,60010
6 DE VEAUX CT SOUTH BARRINGTON IL 60010,60010
8 DE VEAUX CT SOUTH BARRINGTON IL 60010,60010
10 DE VEAUX CT SOUTH BARRINGTON IL 60010,60010
7 DE VEAUX CT SOUTH BARRINGTON IL 60010,60010
5 DE VEAUX CT SOUTH BARRINGTON IL 60010,60010
3 DE VEAUX CT SOUTH BARRINGTON IL 60010,60010
1 DE VEAUX CT SOUTH BARRINGTON IL 60010,60010
19 DE VEAUX CT SOUTH BARRINGTON IL 60010,60010
20 DE VEAUX CT SOUTH BARRINGTON IL 60010,60010
21 DE VEAUX CT SOUTH BARRINGTON IL 60010,60010
22 DE VEAUX CT SOUTH BARRINGTON IL 60010,60010
11 FALCON LAKES DR SOUTH BARRINGTON IL 60010,60010
7 FALCON CT SOUTH BARRINGTON IL 60010,60010
8 FALCON CT SOUTH BARRINGTON IL 60010,60010
6 FALCON CT SOUTH BARRINGTON IL 60010,60010
4 FALCON CT SOUTH BARRINGTON IL 60010,60010
2 FALCON CT SOUTH BARRINGTON IL 60010,60010
4 DOVE CT SOUTH BARRINGTON IL 60010,60010
6 MERCHANT CT SOUTH BARRINGTON IL 60010,60010
OUTLOT SOUTH BARRINGTON IL 60010,60010
8 FALCON CT SOUTH BARRINGTON IL 60010,60010
402 S BARRINGTON RD BARRINGTON IL 60010,60010
1007 RIDGEVIEW DR INVERNESS IL 60010,60010
1020 RIDGEVIEW DR 10 INVERNESS IL 60010,60010
1022 RIDGEVIEW DR 11 INVERNESS IL 60010,60010
1019 RIDGEVIEW DR 21 INVERNESS IL 60010,60010
1021 RIDGEVIEW DR 23 INVERNESS IL 60010,60010
505 HADDINGTON CIR 88 INVERNESS IL 60010,60010
1006 RIDGEVIEW DR 3 INVERNESS IL 60010,60010
1011 RIDGEVIEW DR 17 INVERNESS IL 60010,60010
1013 RIDGEVIEW DR 18 INVERNESS IL 60010,60010
1015 RIDGEVIEW DR 19 INVERNESS IL 60010,60010
1017 RIDGEVIEW DR 20 INVERNESS IL 60010,60010
1008 RIDGEVIEW DR 4 INVERNESS IL 60010,60010
1021 RIDGEVIEW DR 22 INVERNESS IL 60010,60010
1016 RIDGEVIEW DR 8 INVERNESS IL 60010,60010
1029 RIDGEVIEW DR 26 INVERNESS IL 60010,60010
1031 RIDGEVIEW DR 27 INVERNESS IL 60010,60010
904 MIDDLETON LN 31 INVERNESS IL 60010,60010
905 MIDDLETON LN 38 INVERNESS IL 60010,60010
927 CLARION CT 41 INVERNESS IL 60010,60010
1038 RIDGEVIEW DR 45 INVERNESS IL 60010,60010
1205 BIBURY LN 52 INVERNESS IL 60010,60010
502 HADDINGTON CIR 85 INVERNESS IL 60010,60010
509 HADDINGTON CIR 86 INVERNESS IL 60010,60010
507 HADDINGTON CIR 87 INVERNESS IL 60010,60010
1018 RIDGEVIEW DR 9 INVERNESS IL 60010,60010
1002 RIDGEVIEW DR 1 INVERNESS IL 60010,60010
1004 RIDGEVIEW DR 2 INVERNESS IL 60010,60010
1010 RIDGEVIEW DR 5 INVERNESS IL 60010,60010
1012 RIDGEVIEW DR 6 INVERNESS IL 60010,60010
1014 RIDGEVIEW DR 7 INVERNESS IL 60010,60010
1005 RIDGEVIEW DR 14 INVERNESS IL 60010,60010
1025 RIDGEVIEW DR 24 INVERNESS IL 60010,60010
1033 RIDGEVIEW DR 28 INVERNESS IL 60010,60010
900 MIDDLETON LN INVERNESS IL 60010,60010
902 MIDDLETON LN 30 INVERNESS IL 60010,60010
907 MIDDLETON LN 37 INVERNESS IL 60010,60010
925 CLARION CT INVERNESS IL 60010,60010
1036 RIDGEVIEW DR 46 INVERNESS IL 60010,60010
1034 RIDGEVIEW DR 47 INVERNESS IL 60010,60010
1032 RIDGEVIEW DR 48 INVERNESS IL 60010,60010
1207 BIBURY LN 53 INVERNESS IL 60010,60010
1209 BIBURY LN 54 INVERNESS IL 60010,60010
704 CROFTON CT 58 INVERNESS IL 60010,60010
1107 JONATHAN DR 73 INVERNESS IL 60010,60010
1206 BIBURY LN 80 INVERNESS IL 60010,60010
500 HADDINGTON CIR 84 INVERNESS IL 60010,60010
1027 RIDGEVIEW DR 25 INVERNESS IL 60010,60010
913 MIDDLETON LN 34 INVERNESS IL 60010,60010
911 MIDDLETON LN 35 INVERNESS IL 60010,60010
923 CLARION CT 43 INVERNESS IL 60010,60010
1030 RIDGEVIEW DR 49 INVERNESS IL 60010,60010
1203 BIBURY LN 51 INVERNESS IL 60010,60010
1214 BIBURY LN 55 INVERNESS IL 60010,60010
700 CROFTON CT 56 INVERNESS IL 60010,60010
705 CROFTON CT 59 INVERNESS IL 60010,60010
703 CROFTON CT 60 INVERNESS IL 60010,60010
1119 JONATHAN DR 67 INVERNESS IL 60010,60010
1117 JONATHAN DR 68 INVERNESS IL 60010,60010
1115 JONATHAN DR 69 INVERNESS IL 60010,60010
1103 JONATHAN DR 75 INVERNESS IL 60010,60010
1101 JONATHAN DR 76 INVERNESS IL 60010,60010
1208 BIBURY LN 81 INVERNESS IL 60010,60010
1210 BIBURY LN 82 INVERNESS IL 60010,60010
1212 BIBURY LN 83 INVERNESS IL 60010,60010
503 HADDINGTON CIR 89 INVERNESS IL 60010,60010
1110 JONATHAN DR 93 INVERNESS IL 60010,60010
1122 JONATHAN DR 99 INVERNESS IL 60010,60010
1124 JONATHAN DR 100 INVERNESS IL 60010,60010
1126 JONATHAN DR 101 INVERNESS IL 60010,60010
1043 RIDGEVIEW DR 105 INVERNESS IL 60010,60010
802 POPLAR CT 107 INVERNESS IL 60010,60010
804 POPLAR CT 108 INVERNESS IL 60010,60010
808 POPLAR CT 110 INVERNESS IL 60010,60010
1001 RIDGEVIEW DR 12 INVERNESS IL 60010,60010
1003 RIDGEVIEW DR 13 INVERNESS IL 60010,60010
1007 RIDGEVIEW DR 15 INVERNESS IL 60010,60010
917 MIDDLETON LN 32 INVERNESS IL 60010,60010
921 CLARION CT 44 INVERNESS IL 60010,60010
1040 RIDGEVIEW DR 61 INVERNESS IL 60010,60010
1104 JONATHAN DR 90 INVERNESS IL 60010,60010
1112 JONATHAN DR 94 INVERNESS IL 60010,60010
1114 JONATHAN DR 95 INVERNESS IL 60010,60010
1118 JONATHAN DR 97 INVERNESS IL 60010,60010
1120 JONATHAN DR 98 INVERNESS IL 60010,60010
1128 JONATHAN DR 102 INVERNESS IL 60010,60010
1130 JONATHAN DR 103 INVERNESS IL 60010,60010
1132 JONATHAN DR 104 INVERNESS IL 60010,60010
800 POPLAR CT 105 INVERNESS IL 60010,60010
806 POPLAR CT 109 INVERNESS IL 60010,60010
807 POPLAR CT 112 INVERNESS IL 60010,60010
805 POPLAR CT 113 INVERNESS IL 60010,60010
803 POPLAR CT 114 INVERNESS IL 60010,60010
602 SUTHERLAND CT 117 INVERNESS IL 60010,60010
604 SUTHERLAND CT 118 INVERNESS IL 60010,60010
603 SUTHERLAND CT 119 INVERNESS IL 60010,60010
601 SUTHERLAND CT 120 INVERNESS IL 60010,60010
1009 RIDGEVIEW DR 16 INVERNESS IL 60010,60010
915 MIDDLETON LN 33 INVERNESS IL 60010,60010
909 MIDDLETON LN 36 INVERNESS IL 60010,60010
1042 RIDGEVIEW DR 62 INVERNESS IL 60010,60010
1123 JONATHAN DR 65 INVERNESS IL 60010,60010
1121 JONATHAN DR 66 INVERNESS IL 60010,60010
1105 JONATHAN DR 74 INVERNESS IL 60010,60010
1202 BIBURY LN 78 INVERNESS IL 60010,60010
1106 JONATHAN DR 91 INVERNESS IL 60010,60010
1108 JONATHAN DR 92 INVERNESS IL 60010,60010
1116 JONATHAN DR 96 INVERNESS IL 60010,60010
901 MIDDLETON LN 40 INVERNESS IL 60010,60010
1047 RIDGEVIEW DR 116 INVERNESS IL 60010,60010
903 MIDDLETON LN 39 INVERNESS IL 60010,60010
1113 JONATHAN DR 70 INVERNESS IL 60010,60010
1111 JONATHAN DR 71 INVERNESS IL 60010,60010
1109 JONATHAN DR 72 INVERNESS IL 60010,60010
801 POPLAR CT 115 INVERNESS IL 60010,60010
1201 BIBURY LN 50 INVERNESS IL 60010,60010
1127 JONATHAN DR 63 INVERNESS IL 60010,60010
1125 JONATHAN DR 64 INVERNESS IL 60010,60010
810 POPLAR CT 111 INVERNESS IL 60010,60010
702 CROFTON CT 57 INVERNESS IL 60010,60010
1068 RIDGEVIEW DR INVERNESS IL 60010,60010
624 KINNEAR CV INVERNESS IL 60010,60010
1109 ASHLEY LN INVERNESS IL 60010,60010
1139 ASHLEY LN INVERNESS IL 60010,60010
1050 RIDGEVIEW DR INVERNESS IL 60010,60010
1051 RIDGEVIEW DR INVERNESS IL 60010,60010
1049 RIDGEVIEW DR INVERNESS IL 60010,60010
1052 RIDGEVIEW DR INVERNESS IL 60010,60010
1141 ASHLEY LN INVERNESS IL 60010,60010
1062 RIDGEVIEW DR INVERNESS IL 60010,60010
622 KINNEAR CV INVERNESS IL 60010,60010
615 KINNEAR CV INVERNESS IL 60010,60010
1035 MORAY DR INVERNESS IL 60010,60010
1114 ASHLEY LN INVERNESS IL 60010,60010
1134 ASHLEY LN INVERNESS IL 60010,60010
1137 ASHLEY LN INVERNESS IL 60010,60010
619 KINNEAR CV INVERNESS IL 60010,60010
617 KINNEAR CV INVERNESS IL 60010,60010
1123 ASHLEY LN INVERNESS IL 60010,60010
1121 ASHLEY LN INVERNESS IL 60010,60010
1117 ASHLEY LN INVERNESS IL 60010,60010
1111 ASHLEY LN INVERNESS IL 60010,60010
1107 ASHLEY LN INVERNESS IL 60010,60010
1103 ASHLEY LN INVERNESS IL 60010,60010
1029 MORAY DR INVERNESS IL 60010,60010
1025 RIDGEVIEW DR INVERNESS IL 60010,60010
1116 ASHLEY LN INVERNESS IL 60010,60010
1112 ASHLEY LN INVERNESS IL 60010,60010
1124 ASHLEY LN INVERNESS IL 60010,60010
1128 ASHLEY LN INVERNESS IL 60010,60010
1130 ASHLEY LN INVERNESS IL 60010,60010
1132 ASHLEY LN INVERNESS IL 60010,60010
1136 ASHLEY LN INVERNESS IL 60010,60010
1138 ASHLEY LN INVERNESS IL 60010,60010
1140 ASHLEY LN INVERNESS IL 60010,60010
1056 RIDGEVIEW DR INVERNESS IL 60010,60010
1060 RIDGEVIEW DR INVERNESS IL 60010,60010
1057 MORAY DR INVERNESS IL 60010,60010
1043 MORAY DR INVERNESS IL 60010,60010
1037 MORAY DR INVERNESS IL 60010,60010
1062 MORAY DR INVERNESS IL 60010,60010
1065 RIDGEVIEW DR INVERNESS IL 60010,60010
1063 RIDGEVIEW DR INVERNESS IL 60010,60010
1061 RIDGEVIEW DR INVERNESS IL 60010,60010
1053 RIDGEVIEW DR INVERNESS IL 60010,60010
1135 ASHLEY LN INVERNESS IL 60010,60010
1133 ASHLEY LN INVERNESS IL 60010,60010
612 KINNEAR CV INVERNESS IL 60010,60010
614 KINNEAR CV INVERNESS IL 60010,60010
620 KINNEAR CV INVERNESS IL 60010,60010
613 KINNEAR CV INVERNESS IL 60010,60010
1115 ASHLEY LN INVERNESS IL 60010,60010
1113 ASHLEY LN INVERNESS IL 60010,60010
1027 MORAY DR INVERNESS IL 60010,60010
1118 ASHLEY LN INVERNESS IL 60010,60010
1122 ASHLEY LN INVERNESS IL 60010,60010
1126 ASHLEY LN INVERNESS IL 60010,60010
1059 MORAY DR INVERNESS IL 60010,60010
1055 MORAY DR INVERNESS IL 60010,60010
1051 MORAY DR INVERNESS IL 60010,60010
1041 MORAY DR INVERNESS IL 60010,60010
1067 RIDGEVIEW DR INVERNESS IL 60010,60010
616 KINNEAR CV INVERNESS IL 60010,60010
618 KINNEAR CV INVERNESS IL 60010,60010
1059 RIDGEVIEW DR INVERNESS IL 60010,60010
1057 RIDGEVIEW DR INVERNESS IL 60010,60010
1055 RIDGEVIEW DR INVERNESS IL 60010,60010
610 KINNEAR CV INVERNESS IL 60010,60010
626 KINNEAR CV 136 INVERNESS IL 60010,60010
611 KINNEAR CV INVERNESS IL 60010,60010
1053 MORAY DR INVERNESS IL 60010,60010
1060 MORAY DR INVERNESS IL 60010,60010
1105 ASHLEY LN INVERNESS IL 60010,60010
1119 ASHLEY LN INVERNESS IL 60010,60010
1101 ASHLEY LN INVERNESS IL 60010,60010
1031 MORAY DR INVERNESS IL 60010,60010
1068 RIDGEVIEW DR INVERNESS IL 60010,60010
1063 MORAY DR INVERNESS IL 60010,60010
1061 MORAY DR INVERNESS IL 60010,60010
1049 MORAY DR BARRINGTON IL 60010,60010
1047 MORAY DR INVERNESS IL 60010,60010
1045 MORAY DR INVERNESS IL 60010,60010
1039 MORAY DR INVERNESS IL 60010,60010
1054 MORAY DR INVERNESS IL 60010,60010
1056 MORAY DR INVERNESS IL 60010,60010
1058 MORAY DR INVERNESS IL 60010,60010
1069 RIDGEVIEW DR 200 INVERNESS IL 60010,60010
1064 RIDGEVIEW DR 179 INVERNESS IL 60010,60010
1068 MORAY DR INVERNESS IL 60010,60010
61 E PALATINE RD SOUTH BARRINGTON 60010,60010
61 E PALATINE RD SOUTH BARRINGTON 60010,60010
61 E PALATINE RD SOUTH BARRINGTON 60010,60010
61 E PALATINE RD SOUTH BARRINGTON 60010,60010
61 E PALATINE RD SOUTH BARRINGTON 60010,60010
61 E PALATINE RD SOUTH BARRINGTON 60010,60010
61 E PALATINE RD SOUTH BARRINGTON 60010,60010
61 E PALATINE RD SOUTH BARRINGTON 60010,60010
61 E PALATINE RD SOUTH BARRINGTON 60010,60010
61 E PALATINE RD SOUTH BARRINGTON 60010,60010
61 E PALATINE RD SOUTH BARRINGTON 60010,60010
61 E PALATINE RD SOUTH BARRINGTON 60010,60010
61 E PALATINE RD SOUTH BARRINGTON 60010,60010
61 E PALATINE RD SOUTH BARRINGTON 60010,60010
61 E PALATINE RD SOUTH BARRINGTON 60010,60010
61 E PALATINE RD SOUTH BARRINGTON 60010,60010
61 E PALATINE RD SOUTH BARRINGTON 60010,60010
61 E PALATINE RD SOUTH BARRINGTON 60010,60010
61 E PALATINE RD SOUTH BARRINGTON 60010,60010
61 E PALATINE RD SOUTH BARRINGTON 60010,60010
61 E PALATINE RD SOUTH BARRINGTON 60010,60010
61 E PALATINE RD SOUTH BARRINGTON 60010,60010
61 E PALATINE RD SOUTH BARRINGTON 60010,60010
61 E PALATINE RD SOUTH BARRINGTON 60010,60010
61 E PALATINE RD SOUTH BARRINGTON 60010,60010
61 E PALATINE RD SOUTH BARRINGTON 60010,60010
61 E PALATINE RD SOUTH BARRINGTON 60010,60010
61 E PALATINE RD SOUTH BARRINGTON 60010,60010
61 E PALATINE RD SOUTH BARRINGTON 60010,60010
61 E PALATINE RD SOUTH BARRINGTON 60010,60010
61 E PALATINE RD SOUTH BARRINGTON 60010,60010
61 E PALATINE RD SOUTH BARRINGTON 60010,60010
61 E PALATINE RD SOUTH BARRINGTON 60010,60010
61 E PALATINE RD SOUTH BARRINGTON 60010,60010
61 E PALATINE RD SOUTH BARRINGTON 60010,60010
61 E PALATINE RD SOUTH BARRINGTON 60010,60010
61 E PALATINE RD SOUTH BARRINGTON 60010,60010
61 E PALATINE RD SOUTH BARRINGTON 60010,60010
61 E PALATINE RD SOUTH BARRINGTON 60010,60010
61 E PALATINE RD SOUTH BARRINGTON 60010,60010
61 E PALATINE RD SOUTH BARRINGTON 60010,60010
4405 CAPSTAN DR HOFFMAN ESTATES IL 60192,60192
4415 CAPSTAN DR HOFFMAN ESTATES IL 60192,60192
4435 CAPSTAN DR HOFFMAN ESTATES IL 60192,60192
4455 CAPSTAN DR HOFFMAN ESTATES IL 60192,60192
4465 CAPSTAN DR HOFFMAN ESTATES IL 60192,60192
4475 CAPSTAN DR HOFFMAN ESTATES IL 60192,60192
4479 CAPSTAN DR HOFFMAN ESTATES IL 60192,60192
4483 CAPSTAN DR HOFFMAN ESTATES IL 60192,60192
4487 CAPSTAN DR HOFFMAN ESTATES IL 60192,60192
4493 CAPSTAN DR HOFFMAN ESTATES IL 60192,60192
4515 CAPSTAN DR HOFFMAN ESTATES IL 60192,60192
4525 CAPSTAN DR HOFFMAN ESTATES IL 60192,60192
4520 SHOREWOOD DR HOFFMAN ESTATES IL 60192,60192
4510 SHOREWOOD DR HOFFMAN ESTATES IL 60192,60192
4500 N SHOREWOOD DR HOFFMAN ESTATES IL 60192,60192
4490 N SHOREWOOD DR HOFFMAN ESTATES IL 60192,60192
4480 N SHOREWOOD DR HOFFMAN ESTATES IL 60192,60192
4470 N SHOREWOOD DR HOFFMAN ESTATES IL 60192,60192
4460 SHOREWOOD DR HOFFMAN ESTATES IL 60192,60192
4450 N SHOREWOOD DR HOFFMAN ESTATES IL 60192,60192
23 CHIPPING CAMPDEN DR SOUTH BARRINGTON IL 60010,60010
21 CHIPPING CAMPDEN DR SOUTH BARRINGTON IL 60010,60010
19 CHIPPING CAMPDEN DR SOUTH BARRINGTON IL 60010,60010
17 CHIPPING CAMPDEN DR SOUTH BARRINGTON IL 60010,60010
15 CHIPPING CAMPDEN DR SOUTH BARRINGTON IL 60010,60010
13 CHIPPING CAMPDEN DR SOUTH BARRINGTON IL 60010,60010
3 TAYNTON LN SOUTH BARRINGTON IL 60010,60010
5 TAYNTON LN SOUTH BARRINGTON IL 60010,60010
6 TAYNTON LN INVERNESS IL 60010,60010
4 TAYNTON LN SOUTH BARRINGTON IL 60010,60010
2 TAYNTON LN SOUTH BARRINGTON IL 60010,60010
5 TEWKESBURY LN SOUTH BARRINGTON IL 60010,60010
6 TEWKESBURY LN SOUTH BARRINGTON IL 60010,60010
4 TEWKESBURY LN SOUTH BARRINGTON IL 60010,60010
2 TEWKESBURY LN SOUTH BARRINGTON IL 60010,60010
1 CHIPPING CAMPDEN DR SOUTH BARRINGTON IL 60010,60010
2 CHIPPING CAMPDEN DR SOUTH BARRINGTON IL 60010,60010
36 WYCHWOOD LN SOUTH BARRINGTON IL 60010,60010
38 WYCHWOOD LN SOUTH BARRINGTON IL 60010,60010
34 WYCHWOOD LN SOUTH BARRINGTON IL 60010,60010
32 WYCHWOOD LN SOUTH BARRINGTON IL 60010,60010
30 WYCHWOOD LN SOUTH BARRINGTON IL 60010,60010
26 WYCHWOOD LN SOUTH BARRINGTON IL 60010,60010
20 CHIPPING CAMPDEN DR SOUTH BARRINGTON IL 60010,60010
16 CHIPPING CAMPDEN DR SOUTH BARRINGTON IL 60010,60010
14 CHIPPING CAMPDEN DR SOUTH BARRINGTON IL 60010,60010
12 CHIPPING CAMPDEN DR SOUTH BARRINGTON IL 60010,60010
10 CHIPPING CAMPDEN DR SOUTH BARRINGTON IL 60010,60010
8 CHIPPING CAMPDEN DR SOUTH BARRINGTON IL 60010,60010
6 CHIPPING CAMPDEN DR SOUTH BARRINGTON IL 60010,60010
4 CHIPPING CAMPDEN DR SOUTH BARRINGTON IL 60010,60010
6 BRACKLEY LN SOUTH BARRINGTON IL 60010,60010
4 BRACKLEY LN SOUTH BARRINGTON IL 60010,60010
3 BRACKLEY LN SOUTH BARRINGTON IL 60010,60010
5 BRACKLEY LN SOUTH BARRINGTON IL 60010,60010
37 WYCHWOOD LN SOUTH BARRINGTON IL 60010,60010
35 WYCHWOOD LN SOUTH BARRINGTON IL 60010,60010
33 WYCHWOOD LN SOUTH BARRINGTON IL 60010,60010
31 WYCHWOOD LN SOUTH BARRINGTON IL 60010,60010
29 WYCHWOOD LN SOUTH BARRINGTON IL 60010,60010
27 WYCHWOOD LN SOUTH BARRINGTON IL 60010,60010
25 CHIPPING CAMPDEN DR SOUTH BARRINGTON IL 60010,60010
1 TEWKESBURY LN SOUTH BARRINGTON IL 60010,60010
3 TEWKESBURY LN SOUTH BARRINGTON IL 60010,60010
4467 HARBOR CIR HOFFMAN ESTATES IL 60192,60192
4477 HARBOR CIR HOFFMAN ESTATES IL 60192,60192
4481 HARBOR CIR HOFFMAN ESTATES IL 60192,60192
4485 HARBOR CIR HOFFMAN ESTATES IL 60192,60192
4505 HARBOR CIR HOFFMAN ESTATES IL 60192,60192
4490 COVE LN HOFFMAN ESTATES IL 60192,60192
4480 COVE LN HOFFMAN ESTATES IL 60192,60192
4470 COVE LN HOFFMAN ESTATES IL 60192,60192
4460 COVE LN HOFFMAN ESTATES IL 60192,60192
4455 COVE LN HOFFMAN ESTATES IL 60192,60192
4465 COVE LN HOFFMAN ESTATES IL 60192,60192
4475 COVE LN HOFFMAN ESTATES IL 60192,60192
4485 COVE LN HOFFMAN ESTATES IL 60192,60192
4495 COVE LN HOFFMAN ESTATES IL 60192,60192
4505 COVE LN HOFFMAN ESTATES IL 60192,60192
4515 HARBOR CIR HOFFMAN ESTATES IL 60192,60192
4510 HUNTINGTON BLVD HOFFMAN ESTATES IL 60192,60192
4500 HUNTINGTON BLVD HOFFMAN ESTATES IL 60192,60192
4490 HUNTINGTON BLVD HOFFMAN ESTATES IL 60192,60192
4480 HUNTINGTON BLVD HOFFMAN ESTATES IL 60192,60192
4441 HARBOR CIR HOFFMAN ESTATES IL 60192,60192
4445 HARBOR CIR HOFFMAN ESTATES IL 60192,60192
4425 W SHOREWOOD DR HOFFMAN ESTATES IL 60192,60192
4435 N SHOREWOOD DR HOFFMAN ESTATES IL 60192,60192
4455 N SHOREWOOD DR HOFFMAN ESTATES IL 60192,60192
4465 N SHOREWOOD DR HOFFMAN ESTATES IL 60192,60192
