raw_address,source_zip
140 CARDER ROAD NEW YORK NY 10004,10004
1 LIBERTY ISLAND NEW YORK NY 10004,10004
ANDES ROAD NEW YORK NY 10004,10004
ANDES ROAD NEW YORK NY 10004,10004
COMFORT ROAD NEW YORK NY 10004,10004
1 ELLIS ISLAND NEW YORK NY 10004,10004
4 SOUTH STREET NEW YORK NY 10004,10004
10 SOUTH STREET NEW YORK NY 10004,10004
1 PIER 6 NEW YORK NY 10004,10004
10 BATTERY PARK NEW YORK NY 10004,10004
PETER MINUIT PLAZA NEW YORK NY 10004,10004
PETER MINUIT PLAZA NEW YORK NY 10004,10004
SOUTH STREET NEW YORK NY 10004,10004
1 SOUTH STREET NEW YORK NY 10004,10004
1 WATER STREET NEW YORK NY 10004,10004
115 BROAD STREET NEW YORK NY 10004,10004
125 BROAD STREET NEW YORK NY 10004,10004
24 SOUTH STREET NEW YORK NY 10004,10004
30 WATER STREET NEW YORK NY 10004,10004
28 WATER STREET NEW YORK NY 10004,10004
26 WATER STREET NEW YORK NY 10004,10004
24 WATER STREET NEW YORK NY 10004,10004
105 BROAD STREET NEW YORK NY 10004,10004
101 BROAD STREET NEW YORK NY 10004,10004
99 BROAD STREET NEW YORK NY 10004,10004
58 PEARL STREET NEW YORK NY 10004,10004
60 PEARL STREET NEW YORK NY 10004,10004
1 COENTIES SLIP NEW YORK NY 10004,10004
32 WATER STREET NEW YORK NY 10004,10004
32 PEARL STREET NEW YORK NY 10004,10004
102 BROAD STREET NEW YORK NY 10004,10004
6 WATER STREET NEW YORK NY 10004,10004
39 WHITEHALL STREET NEW YORK NY 10004,10004
34 WHITEHALL STREET NEW YORK NY 10004,10004
7 STATE STREET NEW YORK NY 10004,10004
17 STATE STREET NEW YORK NY 10004,10004
24 STATE STREET NEW YORK NY 10004,10004
100 BROAD STREET NEW YORK NY 10004,10004
33 WHITEHALL STREET NEW YORK NY 10004,10004
27 WHITEHALL STREET NEW YORK NY 10004,10004
90 BROAD STREET NEW YORK NY 10004,10004
25 BRIDGE STREET NEW YORK NY 10004,10004
1 WHITEHALL STREET NEW YORK NY 10004,10004
6 STONE STREET NEW YORK NY 10004,10004
8 STONE STREET NEW YORK NY 10004,10004
2 BROADWAY NEW YORK NY 10004,10004
16 BEAVER STREET NEW YORK NY 10004,10004
18 BEAVER STREET NEW YORK NY 10004,10004
20 BEAVER STREET NEW YORK NY 10004,10004
22 BEAVER STREET NEW YORK NY 10004,10004
24 BEAVER STREET NEW YORK NY 10004,10004
26 BEAVER STREET NEW YORK NY 10004,10004
70 BROAD STREET NEW YORK NY 10004,10004
74 BROAD STREET NEW YORK NY 10004,10004
80 BROAD STREET NEW YORK NY 10004,10004
88 BROAD STREET NEW YORK NY 10004,10004
11 STONE STREET NEW YORK NY 10004,10004
15 STONE STREET NEW YORK NY 10004,10004
1 BOWLING GREEN NEW YORK NY 10004,10004
WHITEHALL STREET NEW YORK NY 10004,10004
1 BROADWAY NEW YORK NY 10004,10004
11 BROADWAY NEW YORK NY 10004,10004
25 BROADWAY NEW YORK NY 10004,10004
21 WEST STREET NEW YORK NY 10006,10006
17 BATTERY PLACE NEW YORK NY 10004,10004
20 WEST STREET NEW YORK NY 10004,10004
22 BATTERY PLACE NEW YORK NY 10004,10004
3RD PLACE NEW YORK NY 10280,10280
401 SOUTH END AVENUE NEW YORK NY 10282,10282
18 1 PLACE NEW YORK NY 10280,10280
50 BATTERY PLACE NEW YORK NY 10280,10280
70 BATTERY PLACE NEW YORK NY 10280,10280
55 BATTERY PLACE NEW YORK NY 10280,10280
345 SOUTH END AVENUE NEW YORK NY 10280,10280
200 LIBERTY STREET NEW YORK NY 10281,10281
225 LIBERTY STREET NEW YORK NY 10280,10280
200 VESEY STREET NEW YORK NY 10281,10281
250 VESEY STREET NEW YORK NY 10281,10281
20 RIVER TERRACE NEW YORK NY 10282,10282
211 NORTH END AVENUE NEW YORK NY 10282,10282
325 NORTH END AVENUE NEW YORK NY 10282,10282
455 NORTH END AVENUE NEW YORK NY 10282,10282
399 CHAMBERS STREET NEW YORK NY 10282,10282
345 CHAMBERS STREET NEW YORK NY 10282,10282
201 WARREN STREET NEW YORK NY 10282,10282
450 NORTH END AVENUE NEW YORK NY 10282,10282
1 NORTH END AVENUE NEW YORK NY 10282,10282
200 WEST STREET NEW YORK NY 10282,10282
377 RECTOR PLACE NEW YORK NY 10280,10280
320 ALBANY STREET NEW YORK NY 10280,10280
250 SOUTH END AVENUE NEW YORK NY 10280,10280
300 ALBANY STREET NEW YORK NY 10280,10280
380 RECTOR PLACE NEW YORK NY 10280,10280
280 RECTOR PLACE NEW YORK NY 10280,10280
300 RECTOR PLACE NEW YORK NY 10280,10280
200 RECTOR PLACE NEW YORK NY 10280,10280
21 SOUTH END AVENUE NEW YORK NY 10280,10280
99 BATTERY PLACE NEW YORK NY 10280,10280
2 SOUTH END AVENUE NEW YORK NY 10280,10280
102 NORTH END AVENUE NEW YORK NY 10282,10282
10 LITTLE WEST STREET NEW YORK NY 10004,10004
30 LITTLE WEST STREET NEW YORK NY 10004,10004
225 RECTOR PLACE NEW YORK NY 10280,10280
2 RIVER TERRACE NEW YORK NY 10282,10282
70 BATTERY PLACE NEW YORK NY 10280,10280
333 RECTOR PLACE NEW YORK NY 10280,10280
300 NORTH END AVENUE NEW YORK NY 10282,10282
200 NORTH END AVENUE NEW YORK NY 10282,10282
212 WARREN STREET NEW YORK NY 10282,10282
400 CHAMBERS STREET NEW YORK NY 10282,10282
CHAMBERS STREET NEW YORK NY 10282,10282
90 WASHINGTON STREET NEW YORK NY 10006,10006
25 WEST STREET NEW YORK NY 10006,10006
50 WEST STREET NEW YORK NY 10006,10006
33 RECTOR STREET NEW YORK NY 10006,10006
56 GREENWICH STREET NEW YORK NY 10004,10004
13 RECTOR STREET NEW YORK NY 10006,10006
65 GREENWICH STREET NEW YORK NY 10006,10006
81 GREENWICH STREET NEW YORK NY 10006,10006
46 TRINITY PLACE NEW YORK NY 10006,10006
87 GREENWICH STREET NEW YORK NY 10006,10006
50 TRINITY PLACE NEW YORK NY 10006,10006
42 TRINITY PLACE NEW YORK NY 10006,10006
29 BROADWAY NEW YORK NY 10006,10006
39 BROADWAY NEW YORK NY 10006,10006
45 BROADWAY NEW YORK NY 10006,10006
47 BROADWAY NEW YORK NY 10006,10006
49 BROADWAY NEW YORK NY 10006,10006
55 BROADWAY NEW YORK NY 10006,10006
61 BROADWAY NEW YORK NY 10006,10006
65 BROADWAY NEW YORK NY 10006,10006
71 BROADWAY NEW YORK NY 10006,10006
26 BROADWAY NEW YORK NY 10004,10004
32 BROADWAY NEW YORK NY 10004,10004
42 BROADWAY NEW YORK NY 10004,10004
50 BROADWAY NEW YORK NY 10004,10004
52 BROADWAY NEW YORK NY 10004,10004
11 WALL STREET NEW YORK NY 10005,10005
20 BROAD STREET NEW YORK NY 10005,10005
1 WALL STREET NEW YORK NY 10005,10005
60 BROAD STREET NEW YORK NY 10004,10004
44 NEW STREET NEW YORK NY 10004,10004
30 BROAD STREET NEW YORK NY 10004,10004
50 BROAD STREET NEW YORK NY 10004,10004
40 BROAD STREET NEW YORK NY 10004,10004
55 BROAD STREET NEW YORK NY 10004,10004
43 BROAD STREET NEW YORK NY 10004,10004
41 BROAD STREET NEW YORK NY 10004,10004
40 EXCHANGE PLACE NEW YORK NY 10005,10005
15 WILLIAM STREET NEW YORK NY 10004,10004
25 BROAD STREET NEW YORK NY 10004,10004
37 WALL STREET NEW YORK NY 10005,10005
45 WALL STREET NEW YORK NY 10005,10005
15 BROAD STREET NEW YORK NY 10005,10005
63 WALL STREET NEW YORK NY 10005,10005
67 WALL STREET NEW YORK NY 10005,10005
55 WALL STREET NEW YORK NY 10005,10005
20 EXCHANGE PLACE NEW YORK NY 10004,10004
3 HANOVER SQUARE NEW YORK NY 10004,10004
76 BEAVER STREET NEW YORK NY 10005,10005
80 BEAVER STREET NEW YORK NY 10005,10005
BEAVER STREET NEW YORK NY 10005,10005
82 BEAVER STREET NEW YORK NY 10005,10005
5 HANOVER SQUARE NEW YORK NY 10004,10004
85 BROAD STREET NEW YORK NY 10004,10004
75 PEARL STREET NEW YORK NY 10004,10004
77 PEARL STREET NEW YORK NY 10004,10004
79 PEARL STREET NEW YORK NY 10004,10004
81 PEARL STREET NEW YORK NY 10004,10004
83 PEARL STREET NEW YORK NY 10004,10004
52 STONE STREET NEW YORK NY 10004,10004
58 STONE STREET NEW YORK NY 10004,10004
1 WILLIAM STREET NEW YORK NY 10004,10004
9 SOUTH WILLIAM STREET NEW YORK NY 10004,10004
13 SOUTH WILLIAM STREET NEW YORK NY 10004,10004
15 SOUTH WILLIAM STREET NEW YORK NY 10004,10004
17 SOUTH WILLIAM STREET NEW YORK NY 10004,10004
19 SOUTH WILLIAM STREET NEW YORK NY 10004,10004
75 BROAD STREET NEW YORK NY 10004,10004
44 BEAVER STREET NEW YORK NY 10004,10004
14 SOUTH WILLIAM STREET NEW YORK NY 10004,10004
48 BEAVER STREET NEW YORK NY 10004,10004
1 HANOVER SQUARE NEW YORK NY 10004,10004
21 SOUTH WILLIAM STREET NEW YORK NY 10004,10004
54 STANTON ST EXTENSION NEW YORK NY 10004,10004
2 COENTIES SLIP NEW YORK NY 10004,10004
76 PEARL STREET NEW YORK NY 10004,10004
78 PEARL STREET NEW YORK NY 10004,10004
46 WATER STREET NEW YORK NY 10004,10004
44 WATER STREET NEW YORK NY 10004,10004
42 WATER STREET NEW YORK NY 10004,10004
40 WATER STREET NEW YORK NY 10004,10004
7 HANOVER SQUARE NEW YORK NY 10004,10004
10 HANOVER SQUARE NEW YORK NY 10005,10005
126 PEARL STREET NEW YORK NY 10005,10005
90 WATER STREET NEW YORK NY 10005,10005
75 WALL STREET NEW YORK NY 10005,10005
43 WATER STREET NEW YORK NY 10004,10004
77 WATER STREET NEW YORK NY 10005,10005
95 WALL STREET NEW YORK NY 10005,10005
99 WALL STREET NEW YORK NY 10005,10005
100 OLD SLIP NEW YORK NY 10005,10005
77 FRONT STREET NEW YORK NY 10005,10005
111 WALL STREET NEW YORK NY 10005,10005
120 WALL STREET NEW YORK NY 10005,10005
110 WALL STREET NEW YORK NY 10005,10005
129 FRONT STREET NEW YORK NY 10005,10005
180 MAIDEN LANE NEW YORK NY 10005,10005
100 WALL STREET NEW YORK NY 10005,10005
88 PINE STREET NEW YORK NY 10005,10005
82 WALL STREET NEW YORK NY 10005,10005
160 PEARL STREET NEW YORK NY 10005,10005
126 WATER STREET NEW YORK NY 10005,10005
120 WATER STREET NEW YORK NY 10005,10005
130 WATER STREET NEW YORK NY 10005,10005
130 WATER STREET NEW YORK NY 10005,10005
60 WALL STREET NEW YORK NY 10005,10005
48 WALL STREET NEW YORK NY 10005,10005
52 WILLIAM STREET NEW YORK NY 10005,10005
72 WALL STREET NEW YORK NY 10005,10005
60 PINE STREET NEW YORK NY 10005,10005
56 WILLIAM STREET NEW YORK NY 10005,10005
62 WILLIAM STREET NEW YORK NY 10005,10005
50 PINE STREET NEW YORK NY 10005,10005
54 PINE STREET NEW YORK NY 10005,10005
56 PINE STREET NEW YORK NY 10005,10005
66 PINE STREET NEW YORK NY 10005,10005
100 MAIDEN LANE NEW YORK NY 10005,10005
10 LIBERTY STREET NEW YORK NY 10005,10005
80 MAIDEN LANE NEW YORK NY 10005,10005
90 MAIDEN LANE NEW YORK NY 10005,10005
44 WALL STREET NEW YORK NY 10005,10005
40 WALL STREET NEW YORK NY 10005,10005
30 WALL STREET NEW YORK NY 10005,10005
26 WALL STREET NEW YORK NY 10005,10005
28 LIBERTY STREET NEW YORK NY 10005,10005
18 PINE STREET NEW YORK NY 10005,10005
2 WALL STREET NEW YORK NY 10005,10005
100 BROADWAY NEW YORK NY 10005,10005
14 WALL STREET NEW YORK NY 10005,10005
120 BROADWAY NEW YORK NY 10271,10271
140 BROADWAY NEW YORK NY 10005,10005
75 BROADWAY NEW YORK NY 10006,10006
111 BROADWAY NEW YORK NY 10006,10006
115 BROADWAY NEW YORK NY 10006,10006
101 GREENWICH STREET NEW YORK NY 10006,10006
86 TRINITY PLACE NEW YORK NY 10006,10006
90 TRINITY PLACE NEW YORK NY 10006,10006
68 TRINITY PLACE NEW YORK NY 10006,10006
22 THAMES STREET NEW YORK NY 10006,10006
96 TRINITY PLACE NEW YORK NY 10006,10006
133 GREENWICH STREET NEW YORK NY 10006,10006
137 GREENWICH STREET NEW YORK NY 10006,10006
104 TRINITY PLACE NEW YORK NY 10006,10006
112 LIBERTY STREET NEW YORK NY 10006,10006
120 LIBERTY STREET NEW YORK NY 10006,10006
141 GREENWICH STREET NEW YORK NY 10006,10006
112 TRINITY PLACE NEW YORK NY 10006,10006
114 LIBERTY STREET NEW YORK NY 10006,10006
99 WASHINGTON STREET NEW YORK NY 10006,10006
103 WASHINGTON STREET NEW YORK NY 10006,10006
105 WASHINGTON STREET NEW YORK NY 10006,10006
109 WASHINGTON STREET NEW YORK NY 10006,10006
111 WASHINGTON STREET NEW YORK NY 10006,10006
110 GREENWICH STREET NEW YORK NY 10006,10006
108 GREENWICH STREET NEW YORK NY 10006,10006
106 GREENWICH STREET NEW YORK NY 10006,10006
102 GREENWICH STREET NEW YORK NY 10006,10006
100 GREENWICH STREET NEW YORK NY 10006,10006
96 GREENWICH STREET NEW YORK NY 10006,10006
94A GREENWICH STREET NEW YORK NY 10006,10006
94 GREENWICH STREET NEW YORK NY 10006,10006
120 GREENWICH STREET NEW YORK NY 10006,10006
123 WASHINGTON STREET NEW YORK NY 10006,10006
130 GREENWICH STREET NEW YORK NY 10006,10006
LIBERTY STREET NEW YORK NY 10006,10006
130 LIBERTY STREET NEW YORK NY 10006,10006
71 WEST STREET NEW YORK NY 10006,10006
80 WEST STREET NEW YORK NY 10006,10006
40 RECTOR STREET NEW YORK NY 10006,10006
140 WASHINGTON STREET NEW YORK NY 10006,10006
90 WEST STREET NEW YORK NY 10006,10006
148 WASHINGTON STREET NEW YORK NY 10006,10006
155 CEDAR STREET NEW YORK NY 10006,10006
97 WEST STREET NEW YORK NY 10006,10006
185 GREENWICH STREET NEW YORK NY 10007,10007
1 LIBERTY PLAZA NEW YORK NY 10006,10006
10 CORTLANDT STREET NEW YORK NY 10007,10007
22 CORTLANDT STREET NEW YORK NY 10007,10007
21 DEY STREET NEW YORK NY 10007,10007
189 BROADWAY NEW YORK NY 10007,10007
181 BROADWAY NEW YORK NY 10007,10007
179 BROADWAY NEW YORK NY 10007,10007
175 BROADWAY NEW YORK NY 10007,10007
173 BROADWAY NEW YORK NY 10007,10007
185 BROADWAY NEW YORK NY 10007,10007
51 NASSAU STREET NEW YORK NY 10038,10038
22 MAIDEN LANE NEW YORK NY 10038,10038
55 NASSAU STREET NEW YORK NY 10038,10038
53 NASSAU STREET NEW YORK NY 10038,10038
49 NASSAU STREET NEW YORK NY 10038,10038
53 LIBERTY STREET NEW YORK NY 10038,10038
59 LIBERTY STREET NEW YORK NY 10038,10038
150 BROADWAY NEW YORK NY 10038,10038
160 BROADWAY NEW YORK NY 10038,10038
8 MAIDEN LANE NEW YORK NY 10038,10038
10 MAIDEN LANE NEW YORK NY 10038,10038
14 MAIDEN LANE NEW YORK NY 10038,10038
16 MAIDEN LANE NEW YORK NY 10038,10038
8 LIBERTY PLACE NEW YORK NY 10038,10038
LIBERTY PLACE NEW YORK NY 10038,10038
67 LIBERTY STREET NEW YORK NY 10005,10005
170 BROADWAY NEW YORK NY 10038,10038
63 NASSAU STREET NEW YORK NY 10038,10038
25 MAIDEN LANE NEW YORK NY 10038,10038
21 MAIDEN LANE NEW YORK NY 10038,10038
15 MAIDEN LANE NEW YORK NY 10038,10038
9 MAIDEN LANE NEW YORK NY 10038,10038
174 BROADWAY NEW YORK NY 10038,10038
176 BROADWAY NEW YORK NY 10038,10038
12 JOHN STREET NEW YORK NY 10038,10038
20 JOHN STREET NEW YORK NY 10038,10038
24 JOHN STREET NEW YORK NY 10038,10038
65 NASSAU STREET NEW YORK NY 10038,10038
182 BROADWAY NEW YORK NY 10038,10038
19 LIBERTY STREET NEW YORK NY 10045,10045
59 MAIDEN LANE NEW YORK NY 10038,10038
56 NASSAU STREET NEW YORK NY 10038,10038
44 JOHN STREET NEW YORK NY 10038,10038
48 JOHN STREET NEW YORK NY 10038,10038
83 MAIDEN LANE NEW YORK NY 10038,10038
75 MAIDEN LANE NEW YORK NY 10038,10038
84 WILLIAM STREET NEW YORK NY 10038,10038
15 GOLD STREET NEW YORK NY 10038,10038
13 GOLD STREET NEW YORK NY 10038,10038
100 WILLIAM STREET NEW YORK NY 10038,10038
80 JOHN STREET NEW YORK NY 10038,10038
90 WILLIAM STREET NEW YORK NY 10038,10038
215 PEARL STREET NEW YORK NY 10038,10038
211 PEARL STREET NEW YORK NY 10038,10038
2 GOLD STREET NEW YORK NY 10038,10038
4 PLATT STREET NEW YORK NY 10038,10038
116 JOHN STREET NEW YORK NY 10038,10038
110 JOHN STREET NEW YORK NY 10038,10038
112 JOHN STREET NEW YORK NY 10038,10038
90 JOHN STREET NEW YORK NY 10038,10038
212 PEARL STREET NEW YORK NY 10038,10038
180 WATER STREET NEW YORK NY 10038,10038
160 WATER STREET NEW YORK NY 10038,10038
125 MAIDEN LANE NEW YORK NY 10038,10038
156 FRONT STREET NEW YORK NY 10038,10038
175 WATER STREET NEW YORK NY 10038,10038
151 MAIDEN LANE NEW YORK NY 10038,10038
161 FRONT STREET NEW YORK NY 10038,10038
163 FRONT STREET NEW YORK NY 10038,10038
165 FRONT STREET NEW YORK NY 10038,10038
175 FRONT STREET NEW YORK NY 10038,10038
164 JOHN STREET NEW YORK NY 10038,10038
87 SOUTH STREET NEW YORK NY 10038,10038
85 SOUTH STREET NEW YORK NY 10038,10038
80 SOUTH STREET NEW YORK NY 10038,10038
167 FRONT STREET NEW YORK NY 10038,10038
170 JOHN STREET NEW YORK NY 10038,10038
161 MAIDEN LANE NEW YORK NY 10038,10038
PIER-15 SOUTH STREET NEW YORK NY 10038,10038
PIER-16 SOUTH STREET NEW YORK NY 10038,10038
95 SOUTH STREET NEW YORK NY 10038,10038
95 MARGINAL STREET NEW YORK NY 10038,10038
SOUTH STREET NEW YORK NY 10038,10038
MARGINAL STREET NEW YORK NY 10002,10002
89 SOUTH STREET NEW YORK NY 10038,10038
2 FULTON STREET NEW YORK NY 10038,10038
199 WATER STREET NEW YORK NY 10038,10038
127 JOHN STREET NEW YORK NY 10038,10038
135 JOHN STREET NEW YORK NY 10038,10038
133 JOHN STREET NEW YORK NY 10038,10038
40 FULTON STREET NEW YORK NY 10038,10038
251 PEARL STREET NEW YORK NY 10038,10038
111 JOHN STREET NEW YORK NY 10038,10038
248 PEARL STREET NEW YORK NY 10038,10038
26 CLIFF STREET NEW YORK NY 10038,10038
32 CLIFF STREET NEW YORK NY 10038,10038
34 CLIFF STREET NEW YORK NY 10038,10038
46 FULTON STREET NEW YORK NY 10038,10038
28 CLIFF STREET NEW YORK NY 10038,10038
30 CLIFF STREET NEW YORK NY 10038,10038
64 FULTON STREET NEW YORK NY 10038,10038
56 FULTON STREET NEW YORK NY 10038,10038
27 CLIFF STREET NEW YORK NY 10038,10038
25 CLIFF STREET NEW YORK NY 10038,10038
38 GOLD STREET NEW YORK NY 10038,10038
40 GOLD STREET NEW YORK NY 10038,10038
70 FULTON STREET NEW YORK NY 10038,10038
15 CLIFF STREET NEW YORK NY 10038,10038
99 JOHN STREET NEW YORK NY 10038,10038
85 JOHN STREET NEW YORK NY 10038,10038
110 WILLIAM STREET NEW YORK NY 10038,10038
136 WILLIAM STREET NEW YORK NY 10038,10038
138 WILLIAM STREET NEW YORK NY 10038,10038
82 FULTON STREET NEW YORK NY 10038,10038
130 WILLIAM STREET NEW YORK NY 10038,10038
135 WILLIAM STREET NEW YORK NY 10038,10038
123 WILLIAM STREET NEW YORK NY 10038,10038
106 FULTON STREET NEW YORK NY 10038,10038
86 NASSAU STREET NEW YORK NY 10038,10038
86A NASSAU STREET NEW YORK NY 10038,10038
88 NASSAU STREET NEW YORK NY 10038,10038
90 NASSAU STREET NEW YORK NY 10038,10038
122 FULTON STREET NEW YORK NY 10038,10038
120 FULTON STREET NEW YORK NY 10038,10038
114 FULTON STREET NEW YORK NY 10038,10038
41 JOHN STREET NEW YORK NY 10038,10038
80 NASSAU STREET NEW YORK NY 10038,10038
9 DUTCH STREET NEW YORK NY 10038,10038
72 NASSAU STREET NEW YORK NY 10038,10038
102 FULTON STREET NEW YORK NY 10038,10038
111 WILLIAM STREET NEW YORK NY 10038,10038
45 JOHN STREET NEW YORK NY 10038,10038
7 DUTCH STREET NEW YORK NY 10038,10038
110 FULTON STREET NEW YORK NY 10038,10038
55 JOHN STREET NEW YORK NY 10038,10038
85 NASSAU STREET NEW YORK NY 10038,10038
83 NASSAU STREET NEW YORK NY 10038,10038
79 NASSAU STREET NEW YORK NY 10038,10038
75 NASSAU STREET NEW YORK NY 10038,10038
17 JOHN STREET NEW YORK NY 10038,10038
15 JOHN STREET NEW YORK NY 10038,10038
200 BROADWAY NEW YORK NY 10038,10038
144 FULTON STREET NEW YORK NY 10038,10038
140 FULTON STREET NEW YORK NY 10038,10038
138 FULTON STREET NEW YORK NY 10038,10038
130 FULTON STREET NEW YORK NY 10038,10038
71 NASSAU STREET NEW YORK NY 10038,10038
195 BROADWAY NEW YORK NY 10007,10007
55 CHURCH STREET NEW YORK NY 10007,10007
7 WORLD TRADE CENTER NEW YORK NY 10007,10007
140 WEST STREET NEW YORK NY 10007,10007
90 CHURCH STREET NEW YORK NY 10007,10007
209 BROADWAY NEW YORK NY 10007,10007
217 BROADWAY NEW YORK NY 10007,10007
14 VESEY STREET NEW YORK NY 10007,10007
18 VESEY STREET NEW YORK NY 10007,10007
20 VESEY STREET NEW YORK NY 10007,10007
26 VESEY STREET NEW YORK NY 10007,10007
30 VESEY STREET NEW YORK NY 10007,10007
22 BARCLAY STREET NEW YORK NY 10007,10007
10 BARCLAY STREET NEW YORK NY 10007,10007
225 BROADWAY NEW YORK NY 10007,10007
99 NASSAU STREET NEW YORK NY 10038,10038
141 FULTON STREET NEW YORK NY 10038,10038
26 ANN STREET NEW YORK NY 10038,10038
222 BROADWAY NEW YORK NY 10038,10038
113 NASSAU STREET NEW YORK NY 10038,10038
19 ANN STREET NEW YORK NY 10038,10038
17 ANN STREET NEW YORK NY 10038,10038
15 ANN STREET NEW YORK NY 10038,10038
15 PARK ROW NEW YORK NY 10038,10038
25 ANN STREET NEW YORK NY 10038,10038
5 BEEKMAN STREET NEW YORK NY 10038,10038
25 PARK ROW NEW YORK NY 10038,10038
33C PARK ROW NEW YORK NY 10038,10038
1 PARK ROW NEW YORK NY 10038,10038
BEEKMAN STREET NEW YORK NY 10038,10038
121 FULTON STREET NEW YORK NY 10038,10038
125 FULTON STREET NEW YORK NY 10038,10038
129 FULTON STREET NEW YORK NY 10038,10038
119 FULTON STREET NEW YORK NY 10038,10038
111 FULTON STREET NEW YORK NY 10038,10038
42 ANN STREET NEW YORK NY 10038,10038
167 WILLIAM STREET NEW YORK NY 10038,10038
57 ANN STREET NEW YORK NY 10038,10038
55 ANN STREET NEW YORK NY 10038,10038
49 ANN STREET NEW YORK NY 10038,10038
47 ANN STREET NEW YORK NY 10038,10038
35 ANN STREET NEW YORK NY 10038,10038
116 NASSAU STREET NEW YORK NY 10038,10038
118 NASSAU STREET NEW YORK NY 10038,10038
120 NASSAU STREET NEW YORK NY 10038,10038
122 NASSAU STREET NEW YORK NY 10038,10038
124 NASSAU STREET NEW YORK NY 10038,10038
19 BEEKMAN STREET NEW YORK NY 10038,10038
25 BEEKMAN STREET NEW YORK NY 10038,10038
169 WILLIAM STREET NEW YORK NY 10038,10038
161 WILLIAM NEW YORK NY 10038,10038
126 NASSAU ST NEW YORK NY 10038,10038
81 FULTON STREET NEW YORK NY 10038,10038
164 WILLIAM STREET NEW YORK NY 10038,10038
166 WILLIAM STREET NEW YORK NY 10038,10038
168 WILLIAM STREET NEW YORK NY 10038,10038
45 BEEKMAN STREET NEW YORK NY 10038,10038
47 BEEKMAN STREET NEW YORK NY 10038,10038
49 BEEKMAN STREET NEW YORK NY 10038,10038
57 BEEKMAN STREET NEW YORK NY 10038,10038
156 WILLIAM STREET NEW YORK NY 10038,10038
156 WILLIAM STREET NEW YORK NY 10038,10038
80 GOLD STREET NEW YORK NY 10038,10038
60 GOLD STREET NEW YORK NY 10038,10038
100 GOLD STREET NEW YORK NY 10038,10038
41-53 FULTON STREET NEW YORK NY 10038,10038
50-58 CLIFF STREET NEW YORK NY 10038,10038
46 CLIFF STREET NEW YORK NY 10038,10038
206 WATER STREET NEW YORK NY 10038,10038
117 BEEKMAN STREET NEW YORK NY 10038,10038
11 FULTON STREET NEW YORK NY 10038,10038
207 FRONT STREET NEW YORK NY 10038,10038
205 FRONT STREET NEW YORK NY 10038,10038
201 FRONT STREET NEW YORK NY 10038,10038
FRONT STREET NEW YORK NY 10038,10038
119 SOUTH STREET NEW YORK NY 10038,10038
115 SOUTH STREET NEW YORK NY 10038,10038
113 SOUTH STREET NEW YORK NY 10038,10038
112 SOUTH STREET NEW YORK NY 10038,10038
111 SOUTH STREET NEW YORK NY 10038,10038
110 SOUTH STREET NEW YORK NY 10038,10038
109 SOUTH STREET NEW YORK NY 10038,10038
108 SOUTH STREET NEW YORK NY 10038,10038
107 SOUTH STREET NEW YORK NY 10038,10038
156 BEEKMAN STREET NEW YORK NY 10038,10038
150 BEEKMAN STREET NEW YORK NY 10038,10038
146 BEEKMAN STREET NEW YORK NY 10038,10038
211 FRONT STREET NEW YORK NY 10038,10038
213 FRONT STREET NEW YORK NY 10038,10038
225 FRONT STREET NEW YORK NY 10038,10038
229 FRONT STREET NEW YORK NY 10038,10038
36 PECK SLIP NEW YORK NY 10038,10038
40 PECK SLIP NEW YORK NY 10038,10038
24 PECK SLIP NEW YORK NY 10038,10038
234 FRONT STREET NEW YORK NY 10038,10038
230 FRONT STREET NEW YORK NY 10038,10038
226 FRONT STREET NEW YORK NY 10038,10038
212 FRONT STREET NEW YORK NY 10038,10038
136 BEEKMAN STREET NEW YORK NY 10038,10038
134 BEEKMAN STREET NEW YORK NY 10038,10038
233 WATER STREET NEW YORK NY 10038,10038
241 WATER STREET NEW YORK NY 10038,10038
245 WATER STREET NEW YORK NY 10038,10038
251 WATER STREET NEW YORK NY 10038,10038
138 BEEKMAN STREET NEW YORK NY 10038,10038
247 WATER STREET NEW YORK NY 10038,10038
130 BEEKMAN STREET NEW YORK NY 10038,10038
220 FRONT STREET NEW YORK NY 10038,10038
214 FRONT STREET NEW YORK NY 10038,10038
304 PEARL STREET NEW YORK NY 10038,10038
52 BEEKMAN STREET NEW YORK NY 10038,10038
138 NASSAU STREET NEW YORK NY 10038,10038
150 NASSAU STREET NEW YORK NY 10038,10038
8 SPRUCE STREET NEW YORK NY 10038,10038
36 PARK ROW NEW YORK NY 10038,10038
39 PARK ROW NEW YORK NY 10038,10038
154 NASSAU STREET NEW YORK NY 10038,10038
276 WATER STREET NEW YORK NY 10038,10038
274 WATER STREET NEW YORK NY 10038,10038
270 WATER STREET NEW YORK NY 10038,10038
268 WATER STREET NEW YORK NY 10038,10038
1 PECK SLIP NEW YORK NY 10038,10038
320 PEARL STREET NEW YORK NY 10038,10038
334 PEARL STREET NEW YORK NY 10038,10038
PEARL STREET NEW YORK NY 10038,10038
300 PEARL STREET NEW YORK NY 10038,10038
324 PEARL STREET NEW YORK NY 10038,10038
272 WATER STREET NEW YORK NY 10038,10038
264 WATER STREET NEW YORK NY 10038,10038
160 SOUTH STREET NEW YORK NY 10038,10038
FRONT STREET NEW YORK NY 10038,10038
45 PECK SLIP NEW YORK NY 10038,10038
259 FRONT STREET NEW YORK NY 10038,10038
254 FRONT STREET NEW YORK NY 10038,10038
252 FRONT STREET NEW YORK NY 10038,10038
248 FRONT STREET NEW YORK NY 10038,10038
246 FRONT STREET NEW YORK NY 10038,10038
244 FRONT STREET NEW YORK NY 10038,10038
29 PECK SLIP NEW YORK NY 10038,10038
25 PECK SLIP NEW YORK NY 10038,10038
23 PECK SLIP NEW YORK NY 10038,10038
265 WATER STREET NEW YORK NY 10038,10038
269 WATER STREET NEW YORK NY 10038,10038
275 WATER STREET NEW YORK NY 10038,10038
277 WATER STREET NEW YORK NY 10038,10038
279 WATER STREET NEW YORK NY 10038,10038
PECK SLIP NEW YORK NY 10038,10038
267 WATER STREET NEW YORK NY 10038,10038
271 WATER STREET NEW YORK NY 10038,10038
273 WATER STREET NEW YORK NY 10038,10038
SOUTH STREET NEW YORK NY 10038,10038
20 MADISON STREET NEW YORK NY 10038,10038
78 CATHERINE STREET NEW YORK NY 10038,10038
86 CATHERINE STREET NEW YORK NY 10038,10038
AVENUE OF THE FINEST NEW YORK NY 10038,10038
411 PEARL STREET NEW YORK NY 10038,10038
375 PEARL STREET NEW YORK NY 10038,10038
MADISON STREET NEW YORK NY 10038,10038
25 MADISON STREET NEW YORK NY 10038,10038
27 MADISON STREET NEW YORK NY 10038,10038
35 MADISON STREET NEW YORK NY 10038,10038
37 MADISON STREET NEW YORK NY 10038,10038
31 JAMES STREET NEW YORK NY 10038,10038
25 JAMES STREET NEW YORK NY 10038,10038
185 PARK ROW NEW YORK NY 10038,10038
CHATHAM SQUARE NEW YORK NY 10038,10038
1 POLICE PLAZA NEW YORK NY 10007,10007
FRANKFORT STREET NEW YORK NY 10038,10038
1 CENTRE STREET NEW YORK NY 10007,10007
PARK ROW NEW YORK NY 10038,10038
52 CHAMBERS STREET NEW YORK NY 10007,10007
21 BARCLAY STREET NEW YORK NY 10007,10007
22 PARK PLACE NEW YORK NY 10007,10007
233 BROADWAY NEW YORK NY 10007,10007
99 CHURCH STREET NEW YORK NY 10007,10007
11 PARK PLACE NEW YORK NY 10007,10007
17 PARK PLACE NEW YORK NY 10007,10007
21 PARK PLACE NEW YORK NY 10007,10007
23 PARK PLACE NEW YORK NY 10007,10007
25 PARK PLACE NEW YORK NY 10007,10007
111 CHURCH STREET NEW YORK NY 10007,10007
6 MURRAY STREET NEW YORK NY 10007,10007
18 MURRAY STREET NEW YORK NY 10007,10007
250 BROADWAY NEW YORK NY 10007,10007
19 PARK PLACE NEW YORK NY 10007,10007
100 CHURCH STREET NEW YORK NY 10007,10007
43 PARK PLACE NEW YORK NY 10007,10007
45 PARK PLACE NEW YORK NY 10007,10007
53 PARK PLACE NEW YORK NY 10007,10007
120 CHURCH STREET NEW YORK NY 10007,10007
30 WEST BROADWAY NEW YORK NY 10007,10007
255 GREENWICH STREET NEW YORK NY 10007,10007
101 BARCLAY STREET NEW YORK NY 10007,10007
125 BARCLAY STREET NEW YORK NY 10007,10007
65 MURRAY STREET NEW YORK NY 10007,10007
67 MURRAY STREET NEW YORK NY 10007,10007
69 MURRAY STREET NEW YORK NY 10007,10007
75 MURRAY STREET NEW YORK NY 10007,10007
77 MURRAY STREET NEW YORK NY 10007,10007
83 WARREN STREET NEW YORK NY 10007,10007
79 WARREN STREET NEW YORK NY 10007,10007
75 WARREN STREET NEW YORK NY 10007,10007
73 WARREN STREET NEW YORK NY 10007,10007
69 WARREN STREET NEW YORK NY 10007,10007
81 WARREN STREET NEW YORK NY 10007,10007
275 GREENWICH STREET NEW YORK NY 10007,10007
71 WARREN STREET NEW YORK NY 10007,10007
71 MURRAY STREET NEW YORK NY 10007,10007
83 MURRAY STREET NEW YORK NY 10007,10007
81 MURRAY STREET NEW YORK NY 10007,10007
77 WARREN STREET NEW YORK NY 10007,10007
45 MURRAY STREET NEW YORK NY 10007,10007
51 MURRAY STREET NEW YORK NY 10007,10007
57 MURRAY STREET NEW YORK NY 10007,10007
59 MURRAY STREET NEW YORK NY 10007,10007
65 WEST BROADWAY NEW YORK NY 10007,10007
57 WARREN STREET NEW YORK NY 10007,10007
41 MURRAY STREET NEW YORK NY 10007,10007
45 WARREN STREET NEW YORK NY 10007,10007
49 MURRAY STREET NEW YORK NY 10007,10007
37 MURRAY STREET NEW YORK NY 10007,10007
41 WARREN STREET NEW YORK NY 10007,10007
49 WARREN STREET NEW YORK NY 10007,10007
53 MURRAY STREET NEW YORK NY 10007,10007
47 MURRAY STREET NEW YORK NY 10007,10007
53 WARREN STREET NEW YORK NY 10007,10007
55 WARREN STREET NEW YORK NY 10007,10007
37 WARREN STREET NEW YORK NY 10007,10007
21 MURRAY STREET NEW YORK NY 10007,10007
33 WARREN STREET NEW YORK NY 10007,10007
17 WARREN STREET NEW YORK NY 10007,10007
15 WARREN STREET NEW YORK NY 10007,10007
258 BROADWAY NEW YORK NY 10007,10007
253 BROADWAY NEW YORK NY 10007,10007
17 MURRAY STREET NEW YORK NY 10007,10007
9 MURRAY STREET NEW YORK NY 10007,10007
19 WARREN STREET NEW YORK NY 10007,10007
25 MURRAY STREET NEW YORK NY 10007,10007
19 MURRAY STREET NEW YORK NY 10007,10007
20 WARREN STREET NEW YORK NY 10007,10007
24 WARREN STREET NEW YORK NY 10007,10007
28 WARREN STREET NEW YORK NY 10007,10007
100 CHAMBERS STREET NEW YORK NY 10007,10007
98 CHAMBERS STREET NEW YORK NY 10007,10007
96 CHAMBERS STREET NEW YORK NY 10007,10007
94 CHAMBERS STREET NEW YORK NY 10007,10007
90 CHAMBERS STREET NEW YORK NY 10007,10007
265 BROADWAY NEW YORK NY 10007,10007
261 BROADWAY NEW YORK NY 10007,10007
18 WARREN STREET NEW YORK NY 10007,10007
8 WARREN STREET NEW YORK NY 10007,10007
270 BROADWAY NEW YORK NY 10007,10007
22 WARREN STREET NEW YORK NY 10007,10007
92 CHAMBERS STREET NEW YORK NY 10007,10007
88 CHAMBERS STREET NEW YORK NY 10007,10007
16 WARREN STREET NEW YORK NY 10007,10007
12 WARREN STREET NEW YORK NY 10007,10007
30 WARREN STREET NEW YORK NY 10007,10007
46 WARREN STREET NEW YORK NY 10007,10007
48 WARREN STREET NEW YORK NY 10007,10007
122 CHAMBERS STREET NEW YORK NY 10007,10007
56 WARREN STREET NEW YORK NY 10007,10007
126 CHAMBERS STREET NEW YORK NY 10007,10007
124 CHAMBERS STREET NEW YORK NY 10007,10007
118 CHAMBERS STREET NEW YORK NY 10007,10007
116 CHAMBERS STREET NEW YORK NY 10007,10007
114 CHAMBERS STREET NEW YORK NY 10007,10007
110 CHAMBERS STREET NEW YORK NY 10007,10007
50 WARREN STREET NEW YORK NY 10007,10007
38 WARREN STREET NEW YORK NY 10007,10007
60 WARREN STREET NEW YORK NY 10007,10007
54 WARREN STREET NEW YORK NY 10007,10007
85 WEST BROADWAY NEW YORK NY 10007,10007
108 CHAMBERS STREET NEW YORK NY 10007,10007
WARREN STREET NEW YORK NY 10007,10007
80 WARREN STREET NEW YORK NY 10007,10007
86 WARREN STREET NEW YORK NY 10007,10007
160 CHAMBERS STREET NEW YORK NY 10007,10007
162 CHAMBERS STREET NEW YORK NY 10007,10007
158 CHAMBERS STREET NEW YORK NY 10007,10007
156 CHAMBERS STREET NEW YORK NY 10007,10007
154 CHAMBERS STREET NEW YORK NY 10007,10007
144 CHAMBERS STREET NEW YORK NY 10007,10007
90 WEST BROADWAY NEW YORK NY 10007,10007
150 CHAMBERS STREET NEW YORK NY 10007,10007
295 GREENWICH STREET NEW YORK NY 10007,10007
92 WARREN STREET NEW YORK NY 10007,10007
146 CHAMBERS STREET NEW YORK NY 10007,10007
148 CHAMBERS STREET NEW YORK NY 10007,10007
72 WARREN STREET NEW YORK NY 10007,10007
74 WARREN STREET NEW YORK NY 10007,10007
CHAMBERS STREET NEW YORK NY 10007,10007
139 CHAMBERS STREET NEW YORK NY 10007,10007
143 CHAMBERS STREET NEW YORK NY 10007,10007
145 CHAMBERS STREET NEW YORK NY 10007,10007
121 READE STREET NEW YORK NY 10007,10007
155 CHAMBERS STREET NEW YORK NY 10007,10007
145 READE STREET NEW YORK NY 10013,10013
135 READE STREET NEW YORK NY 10013,10013
165 CHAMBERS STREET NEW YORK NY 10007,10007
311 GREENWICH STREET NEW YORK NY 10013,10013
137 READE STREET NEW YORK NY 10013,10013
153 CHAMBERS STREET NEW YORK NY 10007,10007
157 CHAMBERS STREET NEW YORK NY 10007,10007
126 READE STREET NEW YORK NY 10013,10013
134 READE STREET NEW YORK NY 10013,10013
144 READE STREET NEW YORK NY 10013,10013
146 READE STREET NEW YORK NY 10013,10013
148 READE STREET NEW YORK NY 10013,10013
150 READE STREET NEW YORK NY 10013,10013
152 READE STREET NEW YORK NY 10013,10013
154 READE STREET NEW YORK NY 10013,10013
156 READE STREET NEW YORK NY 10013,10013
315 GREENWICH STREET NEW YORK NY 10013,10013
317 GREENWICH STREET NEW YORK NY 10013,10013
321A GREENWICH STREET NEW YORK NY 10013,10013
323 GREENWICH STREET NEW YORK NY 10013,10013
323A GREENWICH STREET NEW YORK NY 10013,10013
188 DUANE STREET NEW YORK NY 10013,10013
182 DUANE STREET NEW YORK NY 10013,10013
180 DUANE STREET NEW YORK NY 10013,10013
178 DUANE STREET NEW YORK NY 10013,10013
172 DUANE STREET NEW YORK NY 10013,10013
HUDSON STREET NEW YORK NY 10013,10013
158 READE STREET NEW YORK NY 10013,10013
168 DUANE STREET NEW YORK NY 10013,10013
184 DUANE STREET NEW YORK NY 10013,10013
170 DUANE STREET NEW YORK NY 10013,10013
166 DUANE STREET NEW YORK NY 10013,10013
176 DUANE STREET NEW YORK NY 10013,10013
321 GREENWICH STREET NEW YORK NY 10013,10013
138 READE STREET NEW YORK NY 10013,10013
174 DUANE STREET NEW YORK NY 10013,10013
292 GREENWICH STREET NEW YORK NY 10007,10007
114 WARREN STREET NEW YORK NY 10007,10007
25 HARRISON STREET NEW YORK NY 10013,10013
27 HARRISON STREET NEW YORK NY 10013,10013
27A HARRISON STREET NEW YORK NY 10013,10013
29 HARRISON STREET NEW YORK NY 10013,10013
31 HARRISON STREET NEW YORK NY 10013,10013
33 HARRISON STREET NEW YORK NY 10013,10013
37 HARRISON STREET NEW YORK NY 10013,10013
39 HARRISON STREET NEW YORK NY 10013,10013
41 HARRISON STREET NEW YORK NY 10013,10013
310 GREENWICH STREET NEW YORK NY 10013,10013
GREENWICH STREET NEW YORK NY 10013,10013
208 WEST STREET NEW YORK NY 10007,10007
270 GREENWICH STREET NEW YORK NY 10007,10007
200 CHAMBERS STREET NEW YORK NY 10007,10007
111 MURRAY STREET NEW YORK NY 10007,10007
47 HUDSON STREET NEW YORK NY 10013,10013
55 HUDSON STREET NEW YORK NY 10013,10013
171 DUANE STREET NEW YORK NY 10013,10013
173 DUANE STREET NEW YORK NY 10013,10013
181 DUANE STREET NEW YORK NY 10013,10013
183 DUANE STREET NEW YORK NY 10013,10013
185 DUANE STREET NEW YORK NY 10013,10013
325 GREENWICH STREET NEW YORK NY 10013,10013
329 GREENWICH STREET NEW YORK NY 10013,10013
331 GREENWICH STREET NEW YORK NY 10013,10013
333 GREENWICH STREET NEW YORK NY 10013,10013
335 GREENWICH STREET NEW YORK NY 10013,10013
14 JAY STREET NEW YORK NY 10013,10013
8 JAY STREET NEW YORK NY 10013,10013
177 DUANE STREET NEW YORK NY 10013,10013
16 JAY STREET NEW YORK NY 10013,10013
16 HUDSON STREET NEW YORK NY 10013,10013
155 DUANE STREET NEW YORK NY 10013,10013
157 DUANE STREET NEW YORK NY 10013,10013
40 HUDSON STREET NEW YORK NY 10013,10013
44 HUDSON STREET NEW YORK NY 10013,10013
84 THOMAS STREET NEW YORK NY 10013,10013
142 WEST BROADWAY NEW YORK NY 10013,10013
138 WEST BROADWAY NEW YORK NY 10013,10013
136 WEST BROADWAY NEW YORK NY 10013,10013
134 WEST BROADWAY NEW YORK NY 10013,10013
132 WEST BROADWAY NEW YORK NY 10013,10013
130 WEST BROADWAY NEW YORK NY 10013,10013
56 HUDSON STREET NEW YORK NY 10013,10013
42 HUDSON STREET NEW YORK NY 10013,10013
36 HUDSON STREET NEW YORK NY 10013,10013
159 DUANE STREET NEW YORK NY 10013,10013
46 HUDSON STREET NEW YORK NY 10013,10013
111 CHAMBERS STREET NEW YORK NY 10007,10007
115 CHAMBERS STREET NEW YORK NY 10007,10007
121 CHAMBERS STREET NEW YORK NY 10007,10007
125 CHAMBERS STREET NEW YORK NY 10007,10007
113 READE STREET NEW YORK NY 10013,10013
111 READE STREET NEW YORK NY 10013,10013
105 READE STREET NEW YORK NY 10013,10013
105 CHAMBERS STREET NEW YORK NY 10013,10013
113 CHAMBERS STREET NEW YORK NY 10007,10007
109 READE STREET NEW YORK NY 10013,10013
97 READE STREET NEW YORK NY 10013,10013
123 CHAMBERS STREET NEW YORK NY 10007,10007
119 CHAMBERS STREET NEW YORK NY 10007,10007
93 READE STREET NEW YORK NY 10013,10013
105 CHAMBERS STREET NEW YORK NY 10007,10007
92 READE STREET NEW YORK NY 10013,10013
94 READE STREET NEW YORK NY 10013,10013
110 READE STREET NEW YORK NY 10013,10013
112 READE STREET NEW YORK NY 10013,10013
146 DUANE STREET NEW YORK NY 10013,10013
144 DUANE STREET NEW YORK NY 10013,10013
142 DUANE STREET NEW YORK NY 10013,10013
134 DUANE STREET NEW YORK NY 10013,10013
130 DUANE STREET NEW YORK NY 10013,10013
176 CHURCH STREET NEW YORK NY 10013,10013
100 READE STREET NEW YORK NY 10013,10013
150 DUANE STREET NEW YORK NY 10013,10013
104 READE STREET NEW YORK NY 10013,10013
132 DUANE STREET NEW YORK NY 10013,10013
148 DUANE STREET NEW YORK NY 10013,10013
131 DUANE STREET NEW YORK NY 10013,10013
145 DUANE STREET NEW YORK NY 10013,10013
147 DUANE STREET NEW YORK NY 10013,10013
149 DUANE STREET NEW YORK NY 10013,10013
135 WEST BROADWAY NEW YORK NY 10013,10013
137 WEST BROADWAY NEW YORK NY 10013,10013
141 WEST BROADWAY NEW YORK NY 10013,10013
70 THOMAS STREET NEW YORK NY 10013,10013
143 WEST BROADWAY NEW YORK NY 10013,10013
143 DUANE STREET NEW YORK NY 10013,10013
56 THOMAS STREET NEW YORK NY 10013,10013
68 THOMAS STREET NEW YORK NY 10013,10013
129 DUANE STREET NEW YORK NY 10013,10013
58 THOMAS STREET NEW YORK NY 10013,10013
60 THOMAS STREET NEW YORK NY 10013,10013
52 THOMAS STREET NEW YORK NY 10013,10013
137 DUANE STREET NEW YORK NY 10013,10013
71 THOMAS STREET NEW YORK NY 10013,10013
40 WORTH ST NEW YORK NY 10013,10013
75 CHAMBERS STREET NEW YORK NY 10007,10007
77 CHAMBERS STREET NEW YORK NY 10007,10007
79 CHAMBERS STREET NEW YORK NY 10007,10007
83 CHAMBERS STREET NEW YORK NY 10007,10007
85 CHAMBERS STREET NEW YORK NY 10007,10007
97 CHAMBERS STREET NEW YORK NY 10007,10007
99 CHAMBERS STREET NEW YORK NY 10007,10007
287 BROADWAY NEW YORK NY 10007,10007
277 BROADWAY NEW YORK NY 10007,10007
91 CHAMBERS STREET NEW YORK NY 10007,10007
57 READE STREET NEW YORK NY 10007,10007
87 CHAMBERS STREET NEW YORK NY 10007,10007
74 READE STREET NEW YORK NY 10007,10007
78 READE STREET NEW YORK NY 10007,10007
122 DUANE STREET NEW YORK NY 10007,10007
118 DUANE STREET NEW YORK NY 10007,10007
116 DUANE STREET NEW YORK NY 10007,10007
104 DUANE STREET NEW YORK NY 10007,10007
299 BROADWAY NEW YORK NY 10007,10007
291 BROADWAY NEW YORK NY 10007,10007
70 READE STREET NEW YORK NY 10007,10007
58 READE STREET NEW YORK NY 10007,10007
106 DUANE STREET NEW YORK NY 10007,10007
108 DUANE STREET NEW YORK NY 10007,10007
68 READE STREET NEW YORK NY 10007,10007
62 READE STREET NEW YORK NY 10007,10007
105 DUANE STREET NEW YORK NY 10007,10007
117 DUANE STREET NEW YORK NY 10007,10007
22 THOMAS STREET NEW YORK NY 10007,10007
18 THOMAS STREET NEW YORK NY 10007,10007
317 BROADWAY NEW YORK NY 10007,10007
315 BROADWAY NEW YORK NY 10007,10007
311 BROADWAY NEW YORK NY 10007,10007
305 BROADWAY NEW YORK NY 10007,10007
8 THOMAS STREET NEW YORK NY 10007,10007
33 THOMAS STREET NEW YORK NY 10007,10007
THOMAS STREET NEW YORK NY 10007,10007
325 BROADWAY NEW YORK NY 10007,10007
319 BROADWAY NEW YORK NY 10007,10007
321 BROADWAY NEW YORK NY 10007,10007
280 BROADWAY NEW YORK NY 10007,10007
37 CHAMBERS STREET NEW YORK NY 10007,10007
23 CHAMBERS STREET NEW YORK NY 10007,10007
4951 CHAMBERS STREET NEW YORK NY 10007,10007
290 BROADWAY NEW YORK NY 10007,10007
14 READE STREET NEW YORK NY 10007,10007
2 LAFAYETTE STREET NEW YORK NY 10007,10007
52 DUANE STREET NEW YORK NY 10007,10007
38 LAFAYETTE STREET NEW YORK NY 10278,10278
306 BROADWAY NEW YORK NY 10278,10278
27 DUANE STREET NEW YORK NY 10007,10007
20 CARDINAL HAYES PLACE NEW YORK NY 10007,10007
39 PEARL STREET NEW YORK NY 10007,10007
128 PARK ROW NEW YORK NY 10007,10007
122 PARK ROW NEW YORK NY 10007,10007
100 PARK ROW NEW YORK NY 10007,10007
464 PEARL STREET NEW YORK NY 10007,10007
474 PEARL STREET NEW YORK NY 10007,10007
196 PARK ROW NEW YORK NY 10007,10007
PARK ROW NEW YORK NY 10007,10007
1 CHATHAM SQUARE NEW YORK NY 10038,10038
10 MOTT STREET NEW YORK NY 10013,10013
12 MOTT STREET NEW YORK NY 10013,10013
14 MOTT STREET NEW YORK NY 10013,10013
16 MOTT STREET NEW YORK NY 10013,10013
18 MOTT STREET NEW YORK NY 10013,10013
20 MOTT STREET NEW YORK NY 10013,10013
22 MOTT STREET NEW YORK NY 10013,10013
24 MOTT STREET NEW YORK NY 10013,10013
26 MOTT STREET NEW YORK NY 10013,10013
28 MOTT STREET NEW YORK NY 10013,10013
30 MOTT STREET NEW YORK NY 10013,10013
32 MOTT STREET NEW YORK NY 10013,10013
34 MOTT STREET NEW YORK NY 10013,10013
29 PELL STREET NEW YORK NY 10013,10013
25 PELL STREET NEW YORK NY 10013,10013
23 PELL STREET NEW YORK NY 10013,10013
21 PELL STREET NEW YORK NY 10013,10013
19 PELL STREET NEW YORK NY 10013,10013
15 DOYERS STREET NEW YORK NY 10013,10013
11 DOYERS STREET NEW YORK NY 10013,10013
9 DOYERS STREET NEW YORK NY 10013,10013
3 DOYERS STREET NEW YORK NY 10013,10013
13 CHATHAM SQUARE NEW YORK NY 10038,10038
11 CHATHAM SQUARE NEW YORK NY 10038,10038
10 CHATHAM SQUARE NEW YORK NY 10038,10038
9 CHATHAM SQUARE NEW YORK NY 10038,10038
6 CHATHAM SQUARE NEW YORK NY 10038,10038
5 CHATHAM SQUARE NEW YORK NY 10038,10038
2 DOYERS STREET NEW YORK NY 10013,10013
4 DOYERS STREET NEW YORK NY 10013,10013
10 DOYERS STREET NEW YORK NY 10013,10013
16 DOYERS STREET NEW YORK NY 10013,10013
17 PELL STREET NEW YORK NY 10013,10013
13 PELL STREET NEW YORK NY 10013,10013
11 PELL STREET NEW YORK NY 10013,10013
9 PELL STREET NEW YORK NY 10013,10013
18 BOWERY NEW YORK NY 10013,10013
16 BOWERY NEW YORK NY 10013,10013
14 BOWERY NEW YORK NY 10013,10013
12 BOWERY NEW YORK NY 10013,10013
10 BOWERY NEW YORK NY 10013,10013
8 BOWERY NEW YORK NY 10013,10013
4 BOWERY NEW YORK NY 10013,10013
2 BOWERY NEW YORK NY 10013,10013
1 DOYERS STREET NEW YORK NY 10013,10013
7 CHATHAM SQUARE NEW YORK NY 10038,10038
10 PELL STREET NEW YORK NY 10013,10013
12 PELL STREET NEW YORK NY 10013,10013
16 PELL STREET NEW YORK NY 10013,10013
18 PELL STREET NEW YORK NY 10013,10013
20 PELL STREET NEW YORK NY 10013,10013
24 PELL STREET NEW YORK NY 10013,10013
26 PELL STREET NEW YORK NY 10013,10013
30 PELL STREET NEW YORK NY 10013,10013
34 PELL STREET NEW YORK NY 10013,10013
36 PELL STREET NEW YORK NY 10013,10013
42 MOTT STREET NEW YORK NY 10013,10013
46 MOTT STREET NEW YORK NY 10013,10013
48 MOTT STREET NEW YORK NY 10013,10013
69 BAYARD STREET NEW YORK NY 10013,10013
67 BAYARD STREET NEW YORK NY 10013,10013
65 BAYARD STREET NEW YORK NY 10013,10013
63 BAYARD STREET NEW YORK NY 10013,10013
61 BAYARD STREET NEW YORK NY 10013,10013
59 BAYARD STREET NEW YORK NY 10013,10013
57 BAYARD STREET NEW YORK NY 10013,10013
55 BAYARD STREET NEW YORK NY 10013,10013
53 BAYARD STREET NEW YORK NY 10013,10013
51 BAYARD STREET NEW YORK NY 10013,10013
49 BAYARD STREET NEW YORK NY 10013,10013
47 BAYARD STREET NEW YORK NY 10013,10013
45 BAYARD STREET NEW YORK NY 10013,10013
28 BOWERY NEW YORK NY 10013,10013
26 BOWERY NEW YORK NY 10013,10013
24 BOWERY NEW YORK NY 10013,10013
20 BOWERY NEW YORK NY 10013,10013
30 MULBERRY STREET NEW YORK NY 10013,10013
32 MULBERRY STREET NEW YORK NY 10013,10013
34 MULBERRY STREET NEW YORK NY 10013,10013
40 MULBERRY STREET NEW YORK NY 10013,10013
42 MULBERRY STREET NEW YORK NY 10013,10013
46 MULBERRY STREET NEW YORK NY 10013,10013
54 MULBERRY STREET NEW YORK NY 10013,10013
58 MULBERRY STREET NEW YORK NY 10013,10013
60 MULBERRY STREET NEW YORK NY 10013,10013
62 MULBERRY STREET NEW YORK NY 10013,10013
66 MULBERRY STREET NEW YORK NY 10013,10013
83 BAYARD STREET NEW YORK NY 10013,10013
81 BAYARD STREET NEW YORK NY 10013,10013
77 BAYARD STREET NEW YORK NY 10013,10013
51 MOTT STREET NEW YORK NY 10013,10013
47 MOTT STREET NEW YORK NY 10013,10013
45 MOTT STREET NEW YORK NY 10013,10013
43 MOTT STREET NEW YORK NY 10013,10013
41 MOTT STREET NEW YORK NY 10013,10013
39 MOTT STREET NEW YORK NY 10013,10013
33 MOTT STREET NEW YORK NY 10013,10013
23 MOTT STREET NEW YORK NY 10013,10013
103 MOSCO STREET NEW YORK NY 10013,10013
105 MOSCO STREET NEW YORK NY 10013,10013
21 MOTT STREET NEW YORK NY 10013,10013
19 MOTT STREET NEW YORK NY 10013,10013
17 MOTT STREET NEW YORK NY 10013,10013
15 MOTT STREET NEW YORK NY 10013,10013
13 MOTT STREET NEW YORK NY 10013,10013
11 MOTT STREET NEW YORK NY 10013,10013
9 MOTT STREET NEW YORK NY 10013,10013
5 MOTT STREET NEW YORK NY 10013,10013
1 MOTT STREET NEW YORK NY 10013,10013
197 WORTH STREET NEW YORK NY 10013,10013
191 WORTH STREET NEW YORK NY 10013,10013
20 MULBERRY STREET NEW YORK NY 10013,10013
26 MULBERRY STREET NEW YORK NY 10013,10013
28 MULBERRY STREET NEW YORK NY 10013,10013
55 MULBERRY STREET NEW YORK NY 10013,10013
80 CENTRE STREET NEW YORK NY 10013,10013
145-125 WHITE STREET NEW YORK NY 10013,10013
PEARL STREET NEW YORK NY 10007,10007
75 CENTRE STREET NEW YORK NY 10013,10013
93 CENTRE STREET NEW YORK NY 10013,10013
111 CENTRE STREET NEW YORK NY 10013,10013
336 BROADWAY NEW YORK NY 10013,10013
111 WORTH STREET NEW YORK NY 10013,10013
50 LAFAYETTE STREET NEW YORK NY 10013,10013
358 BROADWAY NEW YORK NY 10013,10013
360 BROADWAY NEW YORK NY 10013,10013
109 LEONARD STREET NEW YORK NY 10013,10013
356 BROADWAY NEW YORK NY 10013,10013
354 BROADWAY NEW YORK NY 10013,10013
350 BROADWAY NEW YORK NY 10013,10013
364 BROADWAY NEW YORK NY 10013,10013
368 BROADWAY NEW YORK NY 10013,10013
370 BROADWAY NEW YORK NY 10013,10013
83 WHITE STREET NEW YORK NY 10013,10013
76 LAFAYETTE STREET NEW YORK NY 10013,10013
40 FRANKLIN STREET NEW YORK NY 10013,10013
54 FRANKLIN STREET NEW YORK NY 10013,10013
374 BROADWAY NEW YORK NY 10013,10013
81 WHITE STREET NEW YORK NY 10013,10013
77 WHITE STREET NEW YORK NY 10013,10013
50 FRANKLIN STREET NEW YORK NY 10013,10013
372 BROADWAY NEW YORK NY 10013,10013
74 LEONARD STREET NEW YORK NY 10013,10013
343 BROADWAY NEW YORK NY 10013,10013
339 BROADWAY NEW YORK NY 10013,10013
66 LEONARD STREET NEW YORK NY 10013,10013
65 WORTH STREET NEW YORK NY 10013,10013
79 WORTH STREET NEW YORK NY 10013,10013
335 BROADWAY NEW YORK NY 10013,10013
85 WORTH STREET NEW YORK NY 10013,10013
83 LEONARD STREET NEW YORK NY 10013,10013
79 LEONARD STREET NEW YORK NY 10013,10013
75 LEONARD STREET NEW YORK NY 10013,10013
73 LEONARD STREET NEW YORK NY 10013,10013
71 LEONARD STREET NEW YORK NY 10013,10013
69 LEONARD STREET NEW YORK NY 10013,10013
253 CHURCH STREET NEW YORK NY 10013,10013
97 FRANKLIN STREET NEW YORK NY 10013,10013
91 FRANKLIN STREET NEW YORK NY 10013,10013
89 FRANKLIN STREET NEW YORK NY 10013,10013
87 FRANKLIN STREET NEW YORK NY 10013,10013
85 FRANKLIN STREET NEW YORK NY 10013,10013
81 FRANKLIN STREET NEW YORK NY 10013,10013
79 FRANKLIN STREET NEW YORK NY 10013,10013
77 FRANKLIN STREET NEW YORK NY 10013,10013
75 FRANKLIN STREET NEW YORK NY 10013,10013
71 FRANKLIN STREET NEW YORK NY 10013,10013
359 BROADWAY NEW YORK NY 10013,10013
349 BROADWAY NEW YORK NY 10013,10013
BROADWAY NEW YORK NY 10013,10013
6567 LEONARD STREET NEW YORK NY 10013,10013
95 FRANKLIN STREET NEW YORK NY 10013,10013
85 LEONARD STREET NEW YORK NY 10013,10013
87 LEONARD STREET NEW YORK NY 10013,10013
67 FRANKLIN STREET NEW YORK NY 10013,10013
91 LEONARD STREET NEW YORK NY 10013,10013
70 FRANKLIN STREET NEW YORK NY 10013,10013
74 FRANKLIN STREET NEW YORK NY 10013,10013
76 FRANKLIN STREET NEW YORK NY 10013,10013
78 FRANKLIN STREET NEW YORK NY 10013,10013
80 FRANKLIN STREET NEW YORK NY 10013,10013
82 FRANKLIN STREET NEW YORK NY 10013,10013
84 FRANKLIN STREET NEW YORK NY 10013,10013
273 CHURCH STREET NEW YORK NY 10013,10013
275 CHURCH STREET NEW YORK NY 10013,10013
277 CHURCH STREET NEW YORK NY 10013,10013
279 CHURCH STREET NEW YORK NY 10013,10013
281 CHURCH STREET NEW YORK NY 10013,10013
41 WHITE STREET NEW YORK NY 10013,10013
43 WHITE STREET NEW YORK NY 10013,10013
47 WHITE STREET NEW YORK NY 10013,10013
373 BROADWAY NEW YORK NY 10013,10013
365 BROADWAY NEW YORK NY 10013,10013
377 BROADWAY NEW YORK NY 10013,10013
39 WHITE STREET NEW YORK NY 10013,10013
55 WHITE STREET NEW YORK NY 10013,10013
90 FRANKLIN STREET NEW YORK NY 10013,10013
88 FRANKLIN STREET NEW YORK NY 10013,10013
371 BROADWAY NEW YORK NY 10013,10013
51 WHITE STREET NEW YORK NY 10013,10013
57 WORTH STREET NEW YORK NY 10013,10013
53 WORTH STREET NEW YORK NY 10013,10013
39 WORTH STREET NEW YORK NY 10013,10013
35 WORTH STREET NEW YORK NY 10013,10013
33 WORTH STREET NEW YORK NY 10013,10013
175 WEST BROADWAY NEW YORK NY 10013,10013
177 WEST BROADWAY NEW YORK NY 10013,10013
179 WEST BROADWAY NEW YORK NY 10013,10013
40 LEONARD STREET NEW YORK NY 10013,10013
WEST BROADWAY NEW YORK NY 10013,10013
56 LEONARD STREET NEW YORK NY 10013,10013
59 LEONARD STREET NEW YORK NY 10013,10013
57 LEONARD STREET NEW YORK NY 10013,10013
LEONARD STREET NEW YORK NY 10013,10013
111 FRANKLIN STREET NEW YORK NY 10013,10013
105 FRANKLIN STREET NEW YORK NY 10013,10013
103 FRANKLIN STREET NEW YORK NY 10013,10013
51 LEONARD STREET NEW YORK NY 10013,10013
55 LEONARD STREET NEW YORK NY 10013,10013
102 FRANKLIN STREET NEW YORK NY 10013,10013
104 FRANKLIN STREET NEW YORK NY 10013,10013
106 FRANKLIN STREET NEW YORK NY 10013,10013
108 FRANKLIN STREET NEW YORK NY 10013,10013
114 FRANKLIN STREET NEW YORK NY 10013,10013
116 FRANKLIN STREET NEW YORK NY 10013,10013
217 WEST BROADWAY NEW YORK NY 10013,10013
225 WEST BROADWAY NEW YORK NY 10013,10013
229 WEST BROADWAY NEW YORK NY 10013,10013
3 WHITE STREET NEW YORK NY 10013,10013
9 WHITE STREET NEW YORK NY 10013,10013
13 WHITE STREET NEW YORK NY 10013,10013
112 FRANKLIN STREET NEW YORK NY 10013,10013
211 WEST BROADWAY NEW YORK NY 10013,10013
1 AVENUE OF THE AMERICAS NEW YORK NY 10013,10013
170 WEST BROADWAY NEW YORK NY 10013,10013
7 WORTH STREET NEW YORK NY 10013,10013
1 WORTH STREET NEW YORK NY 10013,10013
74 HUDSON STREET NEW YORK NY 10013,10013
84 HUDSON STREET NEW YORK NY 10013,10013
10 LEONARD STREET NEW YORK NY 10013,10013
176 WEST BROADWAY NEW YORK NY 10013,10013
33 LEONARD STREET NEW YORK NY 10013,10013
29-31 LEONARD STREET NEW YORK NY 10013,10013
23 LEONARD STREET NEW YORK NY 10013,10013
17 LEONARD STREET NEW YORK NY 10013,10013
100 HUDSON STREET NEW YORK NY 10013,10013
153 FRANKLIN STREET NEW YORK NY 10013,10013
149 FRANKLIN STREET NEW YORK NY 10013,10013
143 FRANKLIN STREET NEW YORK NY 10013,10013
139 FRANKLIN STREET NEW YORK NY 10013,10013
137 FRANKLIN STREET NEW YORK NY 10013,10013
19 LEONARD STREET NEW YORK NY 10013,10013
25 LEONARD STREET NEW YORK NY 10013,10013
155 FRANKLIN STREET NEW YORK NY 10013,10013
5 WORTH STREET NEW YORK NY 10013,10013
27 LEONARD STREET NEW YORK NY 10013,10013
14 LEONARD STREET NEW YORK NY 10013,10013
15 LEONARD STREET NEW YORK NY 10013,10013
24 LEONARD ST NEW YORK NY 10013,10013
73 HUDSON STREET NEW YORK NY 10013,10013
75 HUDSON STREET NEW YORK NY 10013,10013
81 HUDSON STREET NEW YORK NY 10013,10013
9 JAY STREET NEW YORK NY 10013,10013
13 JAY STREET NEW YORK NY 10013,10013
19 JAY STREET NEW YORK NY 10013,10013
353 GREENWICH STREET NEW YORK NY 10013,10013
17 HARRISON STREET NEW YORK NY 10013,10013
4 STAPLE STREET NEW YORK NY 10013,10013
15 HARRISON STREET NEW YORK NY 10013,10013
71 HUDSON STREET NEW YORK NY 10013,10013
67 HUDSON STREET NEW YORK NY 10013,10013
11 JAY STREET NEW YORK NY 10013,10013
11 HARRISON STREET NEW YORK NY 10013,10013
17 JAY STREET NEW YORK NY 10013,10013
13 HARRISON STREET NEW YORK NY 10013,10013
345 GREENWICH STREET NEW YORK NY 10013,10013
339 GREENWICH STREET NEW YORK NY 10013,10013
77 HUDSON STREET NEW YORK NY 10013,10013
5 HARRISON STREET NEW YORK NY 10013,10013
349 GREENWICH STREET NEW YORK NY 10013,10013
7 HARRISON STREET NEW YORK NY 10013,10013
15 JAY STREET NEW YORK NY 10013,10013
10 HARRISON STREET NEW YORK NY 10013,10013
14 HARRISON STREET NEW YORK NY 10013,10013
18 HARRISON STREET NEW YORK NY 10013,10013
20 HARRISON STREET NEW YORK NY 10013,10013
369 GREENWICH STREET NEW YORK NY 10013,10013
187 FRANKLIN STREET NEW YORK NY 10013,10013
185 FRANKLIN STREET NEW YORK NY 10013,10013
181 FRANKLIN STREET NEW YORK NY 10013,10013
177 FRANKLIN STREET NEW YORK NY 10013,10013
175 FRANKLIN STREET NEW YORK NY 10013,10013
173 FRANKLIN STREET NEW YORK NY 10013,10013
22 HARRISON STREET NEW YORK NY 10013,10013
24 HARRISON STREET NEW YORK NY 10013,10013
355 GREENWICH STREET NEW YORK NY 10013,10013
363 GREENWICH STREET NEW YORK NY 10013,10013
6 HARRISON STREET NEW YORK NY 10013,10013
93 HUDSON STREET NEW YORK NY 10013,10013
12 HARRISON STREET NEW YORK NY 10013,10013
8 HARRISON STREET NEW YORK NY 10013,10013
211 WEST STREET NEW YORK NY 10013,10013
MARGINAL STREET NEW YORK NY 10013,10013
MARGINAL STREET NEW YORK NY 10013,10013
178 FRANKLIN STREET NEW YORK NY 10013,10013
182 FRANKLIN STREET NEW YORK NY 10013,10013
184 FRANKLIN STREET NEW YORK NY 10013,10013
186 FRANKLIN STREET NEW YORK NY 10013,10013
377 GREENWICH STREET NEW YORK NY 10013,10013
56 NORTH MOORE STREET NEW YORK NY 10013,10013
117 HUDSON STREET NEW YORK NY 10013,10013
105 HUDSON STREET NEW YORK NY 10013,10013
375 GREENWICH STREET NEW YORK NY 10013,10013
64 NORTH MOORE STREET NEW YORK NY 10013,10013
111 HUDSON STREET NEW YORK NY 10013,10013
176 FRANKLIN STREET NEW YORK NY 10013,10013
55 NORTH MOORE STREET NEW YORK NY 10013,10013
385 GREENWICH STREET NEW YORK NY 10013,10013
65 NORTH MOORE STREET NEW YORK NY 10013,10013
387 GREENWICH STREET NEW YORK NY 10013,10013
53 NORTH MOORE STREET NEW YORK NY 10013,10013
61 NORTH MOORE STREET NEW YORK NY 10013,10013
48 BEACH STREET NEW YORK NY 10013,10013
144 FRANKLIN STREET NEW YORK NY 10013,10013
148 FRANKLIN STREET NEW YORK NY 10013,10013
156 FRANKLIN STREET NEW YORK NY 10013,10013
160 FRANKLIN STREET NEW YORK NY 10013,10013
118 HUDSON STREET NEW YORK NY 10013,10013
42 NORTH MOORE STREET NEW YORK NY 10013,10013
34 NORTH MOORE STREET NEW YORK NY 10013,10013
28 NORTH MOORE STREET NEW YORK NY 10013,10013
26 NORTH MOORE STREET NEW YORK NY 10013,10013
20 NORTH MOORE STREET NEW YORK NY 10013,10013
18 NORTH MOORE STREET NEW YORK NY 10013,10013
16 NORTH MOORE STREET NEW YORK NY 10013,10013
10 NORTH MOORE STREET NEW YORK NY 10013,10013
232 WEST BROADWAY NEW YORK NY 10013,10013
228 WEST BROADWAY NEW YORK NY 10013,10013
226 WEST BROADWAY NEW YORK NY 10013,10013
220 WEST BROADWAY NEW YORK NY 10013,10013
104 HUDSON STREET NEW YORK NY 10013,10013
32 NORTH MOORE STREET NEW YORK NY 10013,10013
158 FRANKLIN STREET NEW YORK NY 10013,10013
112 HUDSON STREET NEW YORK NY 10013,10013
152 FRANKLIN STREET NEW YORK NY 10013,10013
132 FRANKLIN STREET NEW YORK NY 10013,10013
38 NORTH MOORE STREET NEW YORK NY 10013,10013
114 HUDSON STREET NEW YORK NY 10013,10013
122 HUDSON STREET NEW YORK NY 10013,10013
14 BEACH STREET NEW YORK NY 10013,10013
10 BEACH STREET NEW YORK NY 10013,10013
8 BEACH STREET NEW YORK NY 10013,10013
248 WEST BROADWAY NEW YORK NY 10013,10013
246 WEST BROADWAY NEW YORK NY 10013,10013
7 NORTH MOORE STREET NEW YORK NY 10013,10013
WEST BROADWAY NEW YORK NY 10013,10013
39 NORTH MOORE STREET NEW YORK NY 10013,10013
9 NORTH MOORE STREET NEW YORK NY 10013,10013
31 NORTH MOORE STREET NEW YORK NY 10013,10013
27 NORTH MOORE STREET NEW YORK NY 10013,10013
25 NORTH MOORE STREET NEW YORK NY 10013,10013
124 HUDSON STREET NEW YORK NY 10013,10013
41 NORTH MOORE STREET NEW YORK NY 10013,10013
240 WEST BROADWAY NEW YORK NY 10013,10013
24 VARICK STREET NEW YORK NY 10013,10013
2 AVENUE OF THE AMER NEW YORK NY 10013,10013
14 WHITE STREET NEW YORK NY 10013,10013
8 WHITE STREET NEW YORK NY 10013,10013
4 WHITE STREET NEW YORK NY 10013,10013
2 WHITE STREET NEW YORK NY 10013,10013
241 WEST BROADWAY NEW YORK NY 10013,10013
245 WEST BROADWAY NEW YORK NY 10013,10013
247 WEST BROADWAY NEW YORK NY 10013,10013
23 AVENUE OF THE AMER NEW YORK NY 10013,10013
11 AVENUE OF THE AMER NEW YORK NY 10013,10013
12 WHITE STREET NEW YORK NY 10013,10013
14 WHITE STREET NEW YORK NY 10013,10013
16 WALKER STREET NEW YORK NY 10013,10013
54 WHITE STREET NEW YORK NY 10013,10013
52 WHITE STREET NEW YORK NY 10013,10013
50 WHITE STREET NEW YORK NY 10013,10013
44 WHITE STREET NEW YORK NY 10013,10013
40 WHITE STREET NEW YORK NY 10013,10013
38 WHITE STREET NEW YORK NY 10013,10013
36 WHITE STREET NEW YORK NY 10013,10013
34 WHITE STREET NEW YORK NY 10013,10013
289 CHURCH STREET NEW YORK NY 10013,10013
291 CHURCH STREET NEW YORK NY 10013,10013
293 CHURCH STREET NEW YORK NY 10013,10013
295 CHURCH STREET NEW YORK NY 10013,10013
297 CHURCH STREET NEW YORK NY 10013,10013
31 WALKER STREET NEW YORK NY 10013,10013
35 WALKER STREET NEW YORK NY 10013,10013
39 WALKER STREET NEW YORK NY 10013,10013
49 WALKER STREET NEW YORK NY 10013,10013
59 WALKER STREET NEW YORK NY 10013,10013
393 BROADWAY NEW YORK NY 10013,10013
385 BROADWAY NEW YORK NY 10013,10013
381 BROADWAY NEW YORK NY 10013,10013
395 BROADWAY NEW YORK NY 10013,10013
57 WALKER STREET NEW YORK NY 10013,10013
55 WALKER STREET NEW YORK NY 10013,10013
47 WALKER STREET NEW YORK NY 10013,10013
37 WALKER STREET NEW YORK NY 10013,10013
42 WHITE STREET NEW YORK NY 10013,10013
58 WHITE STREET NEW YORK NY 10013,10013
43 WALKER STREET NEW YORK NY 10013,10013
51 WALKER STREET NEW YORK NY 10013,10013
46 WHITE STREET NEW YORK NY 10013,10013
60 WHITE STREET NEW YORK NY 10013,10013
66 WHITE STREET NEW YORK NY 10013,10013
391 BROADWAY NEW YORK NY 10013,10013
52 WALKER STREET NEW YORK NY 10013,10013
46 WALKER STREET NEW YORK NY 10013,10013
42 WALKER STREET NEW YORK NY 10013,10013
40 WALKER STREET NEW YORK NY 10013,10013
38 WALKER STREET NEW YORK NY 10013,10013
36 WALKER STREET NEW YORK NY 10013,10013
34 WALKER STREET NEW YORK NY 10013,10013
311 CHURCH STREET NEW YORK NY 10013,10013
313 CHURCH STREET NEW YORK NY 10013,10013
315 CHURCH STREET NEW YORK NY 10013,10013
319 CHURCH STREET NEW YORK NY 10013,10013
40 LISPENARD STREET NEW YORK NY 10013,10013
56 LISPENARD STREET NEW YORK NY 10013,10013
58 LISPENARD STREET NEW YORK NY 10013,10013
60 LISPENARD STREET NEW YORK NY 10013,10013
413 BROADWAY NEW YORK NY 10013,10013
407 BROADWAY NEW YORK NY 10013,10013
60 WALKER STREET NEW YORK NY 10013,10013
48 WALKER STREET NEW YORK NY 10013,10013
44 WALKER STREET NEW YORK NY 10013,10013
44 LISPENARD STREET NEW YORK NY 10013,10013
58 WALKER STREET NEW YORK NY 10013,10013
405 BROADWAY NEW YORK NY 10013,10013
50 LISPENARD STREET NEW YORK NY 10013,10013
46 LISPENARD STREET NEW YORK NY 10013,10013
52 LISPENARD STREET NEW YORK NY 10013,10013
42 LISPENARD STREET NEW YORK NY 10013,10013
56 WALKER STREET NEW YORK NY 10013,10013
380 BROADWAY NEW YORK NY 10013,10013
384 BROADWAY NEW YORK NY 10013,10013
388 BROADWAY NEW YORK NY 10013,10013
390 BROADWAY NEW YORK NY 10013,10013
392 BROADWAY NEW YORK NY 10013,10013
394 BROADWAY NEW YORK NY 10013,10013
396 BROADWAY NEW YORK NY 10013,10013
79 WALKER STREET NEW YORK NY 10013,10013
85 WALKER STREET NEW YORK NY 10013,10013
87 WALKER STREET NEW YORK NY 10013,10013
89 WALKER STREET NEW YORK NY 10013,10013
91 WALKER STREET NEW YORK NY 10013,10013
92 LAFAYETTE STREET NEW YORK NY 10013,10013
90 WHITE STREET NEW YORK NY 10013,10013
88 WHITE STREET NEW YORK NY 10013,10013
84 WHITE STREET NEW YORK NY 10013,10013
80 WHITE STREET NEW YORK NY 10013,10013
81 WALKER STREET NEW YORK NY 10013,10013
83 WALKER STREET NEW YORK NY 10013,10013
400 BROADWAY NEW YORK NY 10013,10013
402 BROADWAY NEW YORK NY 10013,10013
404 BROADWAY NEW YORK NY 10013,10013
408 BROADWAY NEW YORK NY 10013,10013
412 BROADWAY NEW YORK NY 10013,10013
414 BROADWAY NEW YORK NY 10013,10013
416 BROADWAY NEW YORK NY 10013,10013
274 CANAL STREET NEW YORK NY 10013,10013
268 CANAL STREET NEW YORK NY 10013,10013
264 CANAL STREET NEW YORK NY 10013,10013
262 CANAL STREET NEW YORK NY 10013,10013
254 CANAL STREET NEW YORK NY 10013,10013
92 WALKER STREET NEW YORK NY 10013,10013
88 WALKER STREET NEW YORK NY 10013,10013
86 WALKER STREET NEW YORK NY 10013,10013
84 WALKER STREET NEW YORK NY 10013,10013
82 WALKER STREET NEW YORK NY 10013,10013
78 WALKER STREET NEW YORK NY 10013,10013
72 WALKER STREET NEW YORK NY 10013,10013
87 LAFAYETTE STREET NEW YORK NY 10013,10013
101 LAFAYETTE STREET NEW YORK NY 10013,10013
133 CENTRE STREET NEW YORK NY 10013,10013
246 CANAL STREET NEW YORK NY 10013,10013
244 CANAL STREET NEW YORK NY 10013,10013
242 CANAL STREET NEW YORK NY 10013,10013
240 CANAL STREET NEW YORK NY 10013,10013
109 LAFAYETTE STREET NEW YORK NY 10013,10013
139 CENTRE STREET NEW YORK NY 10013,10013
139 CENTRE STREET NEW YORK NY 10013,10013
234 CANAL STREET NEW YORK NY 10013,10013
232 CANAL STREET NEW YORK NY 10013,10013
224 CANAL STREET NEW YORK NY 10013,10013
125 WALKER STREET NEW YORK NY 10013,10013
79 BAXTER STREET NEW YORK NY 10013,10013
81 BAXTER STREET NEW YORK NY 10013,10013
83 BAXTER STREET NEW YORK NY 10013,10013
87 BAXTER STREET NEW YORK NY 10013,10013
89 BAXTER STREET NEW YORK NY 10013,10013
91 BAXTER STREET NEW YORK NY 10013,10013
95 BAXTER STREET NEW YORK NY 10013,10013
218 CANAL STREET NEW YORK NY 10013,10013
216 CANAL STREET NEW YORK NY 10013,10013
214 CANAL STREET NEW YORK NY 10013,10013
91 MULBERRY STREET NEW YORK NY 10013,10013
89 MULBERRY STREET NEW YORK NY 10013,10013
87 MULBERRY STREET NEW YORK NY 10013,10013
85 MULBERRY STREET NEW YORK NY 10013,10013
83 MULBERRY STREET NEW YORK NY 10013,10013
79 MULBERRY STREET NEW YORK NY 10013,10013
77 MULBERRY STREET NEW YORK NY 10013,10013
75 MULBERRY STREET NEW YORK NY 10013,10013
73 MULBERRY STREET NEW YORK NY 10013,10013
94 BAYARD STREET NEW YORK NY 10013,10013
71 MULBERRY STREET NEW YORK NY 10013,10013
98 BAYARD STREET NEW YORK NY 10013,10013
102 BAYARD STREET NEW YORK NY 10013,10013
104 BAYARD STREET NEW YORK NY 10013,10013
106 BAYARD STREET NEW YORK NY 10013,10013
71 1/2 MULBERRY STREET NEW YORK NY 10013,10013
210 CANAL STREET NEW YORK NY 10013,10013
70 MULBERRY STREET NEW YORK NY 10013,10013
76 MULBERRY STREET NEW YORK NY 10013,10013
78 MULBERRY STREET NEW YORK NY 10013,10013
82 MULBERRY STREET NEW YORK NY 10013,10013
84 MULBERRY STREET NEW YORK NY 10013,10013
86 MULBERRY STREET NEW YORK NY 10013,10013
88 MULBERRY STREET NEW YORK NY 10013,10013
196 CANAL STREET NEW YORK NY 10013,10013
83 MOTT STREET NEW YORK NY 10013,10013
81 MOTT STREET NEW YORK NY 10013,10013
79 MOTT STREET NEW YORK NY 10013,10013
77 MOTT STREET NEW YORK NY 10013,10013
73 MOTT STREET NEW YORK NY 10013,10013
69 MOTT STREET NEW YORK NY 10013,10013
67 MOTT STREET NEW YORK NY 10013,10013
65 MOTT STREET NEW YORK NY 10013,10013
63 MOTT STREET NEW YORK NY 10013,10013
61 MOTT STREET NEW YORK NY 10013,10013
59 MOTT STREET NEW YORK NY 10013,10013
57 MOTT STREET NEW YORK NY 10013,10013
76 BAYARD STREET NEW YORK NY 10013,10013
78 BAYARD STREET NEW YORK NY 10013,10013
198 CANAL STREET NEW YORK NY 10013,10013
202 CANAL STREET NEW YORK NY 10013,10013
72 BAYARD STREET NEW YORK NY 10013,10013
58 MOTT STREET NEW YORK NY 10013,10013
60 MOTT STREET NEW YORK NY 10013,10013
66 MOTT STREET NEW YORK NY 10013,10013
68 MOTT STREET NEW YORK NY 10013,10013
70 MOTT STREET NEW YORK NY 10013,10013
72 MOTT STREET NEW YORK NY 10013,10013
74 MOTT STREET NEW YORK NY 10013,10013
76 MOTT STREET NEW YORK NY 10013,10013
178 CANAL STREET NEW YORK NY 10013,10013
174 CANAL STREET NEW YORK NY 10013,10013
172 1/2 CANAL STREET NEW YORK NY 10013,10013
170 CANAL STREET NEW YORK NY 10013,10013
164 CANAL STREET NEW YORK NY 10013,10013
19 ELIZABETH STREET NEW YORK NY 10013,10013
9 ELIZABETH STREET NEW YORK NY 10013,10013
7 ELIZABETH STREET NEW YORK NY 10013,10013
5 ELIZABETH STREET NEW YORK NY 10013,10013
60 BAYARD STREET NEW YORK NY 10013,10013
62 BAYARD STREET NEW YORK NY 10013,10013
66 BAYARD STREET NEW YORK NY 10013,10013
68 BAYARD STREET NEW YORK NY 10013,10013
70 BAYARD STREET NEW YORK NY 10013,10013
13 ELIZABETH STREET NEW YORK NY 10013,10013
10 ELIZABETH STREET NEW YORK NY 10013,10013
28 ELIZABETH STREET NEW YORK NY 10013,10013
160 CANAL STREET NEW YORK NY 10013,10013
158 CANAL STREET NEW YORK NY 10013,10013
156 CANAL STREET NEW YORK NY 10013,10013
54 BOWERY NEW YORK NY 10013,10013
50 BOWERY NEW YORK NY 10013,10013
46 BOWERY NEW YORK NY 10013,10013
44 BOWERY NEW YORK NY 10013,10013
42 BOWERY NEW YORK NY 10013,10013
40 BOWERY NEW YORK NY 10013,10013
2 ELIZABETH STREET NEW YORK NY 10013,10013
38 ELIZABETH STREET NEW YORK NY 10013,10013
44 ELIZABETH STREET NEW YORK NY 10013,10013
54 ELIZABETH STREET NEW YORK NY 10013,10013
58 ELIZABETH STREET NEW YORK NY 10013,10013
144 HESTER STREET NEW YORK NY 10013,10013
140 HESTER STREET NEW YORK NY 10013,10013
84 BOWERY NEW YORK NY 10013,10013
80 BOWERY NEW YORK NY 10013,10013
78 BOWERY NEW YORK NY 10013,10013
76 BOWERY NEW YORK NY 10013,10013
74 BOWERY NEW YORK NY 10013,10013
70 BOWERY NEW YORK NY 10013,10013
64 BOWERY NEW YORK NY 10013,10013
86 BOWERY NEW YORK NY 10013,10013
94 MOTT STREET NEW YORK NY 10013,10013
100 MOTT STREET NEW YORK NY 10013,10013
102 MOTT STREET NEW YORK NY 10013,10013
59 ELIZABETH STREET NEW YORK NY 10013,10013
49 ELIZABETH STREET NEW YORK NY 10013,10013
41 ELIZABETH STREET NEW YORK NY 10013,10013
167 CANAL STREET NEW YORK NY 10013,10013
171 CANAL STREET NEW YORK NY 10013,10013
175 CANAL STREET NEW YORK NY 10013,10013
177 CANAL STREET NEW YORK NY 10013,10013
179 CANAL STREET NEW YORK NY 10013,10013
181 CANAL STREET NEW YORK NY 10013,10013
183 CANAL STREET NEW YORK NY 10013,10013
158 HESTER STREET NEW YORK NY 10013,10013
53 ELIZABETH STREET NEW YORK NY 10013,10013
102 MULBERRY STREET NEW YORK NY 10013,10013
106 MULBERRY STREET NEW YORK NY 10013,10013
110 MULBERRY STREET NEW YORK NY 10013,10013
112 MULBERRY STREET NEW YORK NY 10013,10013
114 MULBERRY STREET NEW YORK NY 10013,10013
118 MULBERRY STREET NEW YORK NY 10013,10013
120 MULBERRY STREET NEW YORK NY 10013,10013
122 MULBERRY STREET NEW YORK NY 10013,10013
124 MULBERRY STREET NEW YORK NY 10013,10013
126 MULBERRY STREET NEW YORK NY 10013,10013
178 HESTER STREET NEW YORK NY 10013,10013
176 HESTER STREET NEW YORK NY 10013,10013
174 HESTER STREET NEW YORK NY 10013,10013
119 MOTT STREET NEW YORK NY 10013,10013
117 MOTT STREET NEW YORK NY 10013,10013
115 MOTT STREET NEW YORK NY 10013,10013
113 MOTT STREET NEW YORK NY 10013,10013
111 MOTT STREET NEW YORK NY 10013,10013
109 MOTT STREET NEW YORK NY 10013,10013
107 MOTT STREET NEW YORK NY 10013,10013
101 MOTT STREET NEW YORK NY 10013,10013
185 CANAL STREET NEW YORK NY 10013,10013
191 CANAL STREET NEW YORK NY 10013,10013
195 CANAL STREET NEW YORK NY 10013,10013
103 MOTT STREET NEW YORK NY 10013,10013
180 HESTER STREET NEW YORK NY 10013,10013
113 BAXTER STREET NEW YORK NY 10013,10013
119 BAXTER STREET NEW YORK NY 10013,10013
121 BAXTER STREET NEW YORK NY 10013,10013
190 HESTER STREET NEW YORK NY 10013,10013
188 HESTER STREET NEW YORK NY 10013,10013
186 HESTER STREET NEW YORK NY 10013,10013
182 HESTER STREET NEW YORK NY 10013,10013
123 MULBERRY STREET NEW YORK NY 10013,10013
121 MULBERRY STREET NEW YORK NY 10013,10013
119 MULBERRY STREET NEW YORK NY 10013,10013
117 MULBERRY STREET NEW YORK NY 10013,10013
115 MULBERRY STREET NEW YORK NY 10013,10013
113 MULBERRY STREET NEW YORK NY 10013,10013
109 MULBERRY STREET NEW YORK NY 10013,10013
203 CANAL STREET NEW YORK NY 10013,10013
207 CANAL STREET NEW YORK NY 10013,10013
209 CANAL STREET NEW YORK NY 10013,10013
213 CANAL STREET NEW YORK NY 10013,10013
219 CANAL STREET NEW YORK NY 10013,10013
123 BAXTER STREET NEW YORK NY 10013,10013
235 CANAL STREET NEW YORK NY 10013,10013
204 CENTRE STREET NEW YORK NY 10013,10013
204 CENTRE STREET NEW YORK NY 10013,10013
204 CENTRE STREET NEW YORK NY 10013,10013
208 HESTER STREET NEW YORK NY 10013,10013
204 HESTER STREET NEW YORK NY 10013,10013
202 HESTER STREET NEW YORK NY 10013,10013
200 HESTER STREET NEW YORK NY 10013,10013
128 BAXTER STREET NEW YORK NY 10013,10013
126 BAXTER STREET NEW YORK NY 10013,10013
118 BAXTER STREET NEW YORK NY 10013,10013
114 BAXTER STREET NEW YORK NY 10013,10013
247 CANAL STREET NEW YORK NY 10013,10013
123 LAFAYETTE STREET NEW YORK NY 10013,10013
3 HOWARD STREET NEW YORK NY 10013,10013
239 CANAL STREET NEW YORK NY 10013,10013
243 CANAL STREET NEW YORK NY 10013,10013
245 CANAL STREET NEW YORK NY 10013,10013
129 LAFAYETTE STREET NEW YORK NY 10013,10013
277 CANAL STREET NEW YORK NY 10013,10013
428 BROADWAY NEW YORK NY 10013,10013
35 HOWARD STREET NEW YORK NY 10013,10013
33 HOWARD STREET NEW YORK NY 10013,10013
27 HOWARD STREET NEW YORK NY 10013,10013
25 HOWARD STREET NEW YORK NY 10013,10013
19 HOWARD STREET NEW YORK NY 10013,10013
138 LAFAYETTE STREET NEW YORK NY 10013,10013
126 LAFAYETTE STREET NEW YORK NY 10013,10013
251 CANAL STREET NEW YORK NY 10013,10013
255 CANAL STREET NEW YORK NY 10013,10013
257 CANAL STREET NEW YORK NY 10013,10013
261 CANAL STREET NEW YORK NY 10013,10013
269 CANAL STREET NEW YORK NY 10013,10013
271 CANAL STREET NEW YORK NY 10013,10013
273 CANAL STREET NEW YORK NY 10013,10013
275 CANAL STREET NEW YORK NY 10013,10013
424 BROADWAY NEW YORK NY 10013,10013
29 HOWARD STREET NEW YORK NY 10013,10013
321 CHURCH STREET NEW YORK NY 10013,10013
325 CHURCH STREET NEW YORK NY 10013,10013
327 CHURCH STREET NEW YORK NY 10013,10013
342 CANAL STREET NEW YORK NY 10013,10013
336 CANAL STREET NEW YORK NY 10013,10013
324 CANAL STREET NEW YORK NY 10013,10013
322 CANAL STREET NEW YORK NY 10013,10013
312 CANAL STREET NEW YORK NY 10013,10013
310 CANAL STREET NEW YORK NY 10013,10013
308 CANAL STREET NEW YORK NY 10013,10013
302 CANAL STREET NEW YORK NY 10013,10013
300 CANAL STREET NEW YORK NY 10013,10013
296 CANAL STREET NEW YORK NY 10013,10013
45 LISPENARD STREET NEW YORK NY 10013,10013
35 LISPENARD STREET NEW YORK NY 10013,10013
332 CANAL STREET NEW YORK NY 10013,10013
37 LISPENARD STREET NEW YORK NY 10013,10013
304 CANAL STREET NEW YORK NY 10013,10013
350 CANAL STREET NEW YORK NY 10013,10013
5 LISPENARD STREET NEW YORK NY 10013,10013
3 LISPENARD STREET NEW YORK NY 10013,10013
1 LISPENARD STREET NEW YORK NY 10013,10013
285 WEST BROADWAY NEW YORK NY 10013,10013
380 CANAL STREET NEW YORK NY 10013,10013
378 CANAL STREET NEW YORK NY 10013,10013
374 CANAL STREET NEW YORK NY 10013,10013
370 CANAL STREET NEW YORK NY 10013,10013
7 LISPENARD STREET NEW YORK NY 10013,10013
283 WEST BROADWAY NEW YORK NY 10013,10013
52 VARICK STREET NEW YORK NY 10013,10013
2 YORK STREET NEW YORK NY 10013,10013
15 CANAL STREET NEW YORK NY 10013,10013
260 WEST BROADWAY NEW YORK NY 10013,10013
19 BEACH STREET NEW YORK NY 10013,10013
1 YORK STREET NEW YORK NY 10013,10013
50 VARICK STREET NEW YORK NY 10013,10013
11 BEACH STREET NEW YORK NY 10013,10013
HUDSON STREET NEW YORK NY 10013,10013
53 BEACH STREET NEW YORK NY 10013,10013
399 GREENWICH STREET NEW YORK NY 10013,10013
401 GREENWICH STREET NEW YORK NY 10013,10013
413 GREENWICH STREET NEW YORK NY 10013,10013
17 HUBERT STREET NEW YORK NY 10013,10013
11 HUBERT STREET NEW YORK NY 10013,10013
135 HUDSON STREET NEW YORK NY 10013,10013
49 BEACH STREET NEW YORK NY 10013,10013
405 GREENWICH STREET NEW YORK NY 10013,10013
145 HUDSON STREET NEW YORK NY 10013,10013
7 HUBERT STREET NEW YORK NY 10013,10013
407 GREENWICH STREET NEW YORK NY 10013,10013
403 GREENWICH STREET NEW YORK NY 10013,10013
10 HUBERT STREET NEW YORK NY 10013,10013
57 LAIGHT STREET NEW YORK NY 10013,10013
153 HUDSON STREET NEW YORK NY 10013,10013
161 HUDSON STREET NEW YORK NY 10013,10013
151 HUDSON STREET NEW YORK NY 10013,10013
415 GREENWICH STREET NEW YORK NY 10013,10013
157 HUDSON STREET NEW YORK NY 10013,10013
388 GREENWICH STREET NEW YORK NY 10013,10013
397 WASHINGTON STREET NEW YORK NY 10013,10013
399 WASHINGTON STREET NEW YORK NY 10013,10013
79 LAIGHT STREET NEW YORK NY 10013,10013
408 GREENWICH STREET NEW YORK NY 10013,10013
250 WEST STREET NEW YORK NY 10013,10013
71 LAIGHT STREET NEW YORK NY 10013,10013
70 LAIGHT STREET NEW YORK NY 10013,10013
74 LAIGHT STREET NEW YORK NY 10013,10013
434 GREENWICH STREET NEW YORK NY 10013,10013
430 GREENWICH STREET NEW YORK NY 10013,10013
428 GREENWICH STREET NEW YORK NY 10013,10013
426 GREENWICH STREET NEW YORK NY 10013,10013
424 GREENWICH STREET NEW YORK NY 10013,10013
92 LAIGHT STREET NEW YORK NY 10013,10013
88 LAIGHT STREET NEW YORK NY 10013,10013
78 LAIGHT STREET NEW YORK NY 10013,10013
415 WASHINGTON STREET NEW YORK NY 10013,10013
67 VESTRY STREET NEW YORK NY 10013,10013
54 LAIGHT STREET NEW YORK NY 10013,10013
437 GREENWICH STREET NEW YORK NY 10013,10013
37 VESTRY STREET NEW YORK NY 10013,10013
177 HUDSON STREET NEW YORK NY 10013,10013
165 HUDSON STREET NEW YORK NY 10013,10013
429 GREENWICH STREET NEW YORK NY 10013,10013
39 VESTRY STREET NEW YORK NY 10013,10013
35 VESTRY STREET NEW YORK NY 10013,10013
169 HUDSON STREET NEW YORK NY 10013,10013
31 VESTRY STREET NEW YORK NY 10013,10013
52 LAIGHT STREET NEW YORK NY 10013,10013
68 VARICK STREET NEW YORK NY 10013,10013
63 VARICK STREET NEW YORK NY 10013,10013
34 LAIGHT STREET NEW YORK NY 10013,10013
36 LAIGHT STREET NEW YORK NY 10013,10013
17 VESTRY STREET NEW YORK NY 10013,10013
19 VESTRY STREET NEW YORK NY 10013,10013
174 HUDSON STREET NEW YORK NY 10013,10013
11 VESTRY STREET NEW YORK NY 10013,10013
28 LAIGHT STREET NEW YORK NY 10013,10013
38 LAIGHT STREET NEW YORK NY 10013,10013
48 LAIGHT STREET NEW YORK NY 10013,10013
32 LAIGHT STREET NEW YORK NY 10013,10013
46 LAIGHT STREET NEW YORK NY 10013,10013
VESTRY STREET NEW YORK NY 10013,10013
200 HUDSON STREET NEW YORK NY 10013,10013
12 VESTRY STREET NEW YORK NY 10013,10013
32 VESTRY STREET NEW YORK NY 10013,10013
28 VESTRY STREET NEW YORK NY 10013,10013
195 HUDSON STREET NEW YORK NY 10013,10013
443 GREENWICH STREET NEW YORK NY 10013,10013
440 WASHINGTON STREET NEW YORK NY 10013,10013
428 WASHINGTON STREET NEW YORK NY 10013,10013
426 WASHINGTON STREET NEW YORK NY 10013,10013
427 WASHINGTON STREET NEW YORK NY 10013,10013
431 WASHINGTON STREET NEW YORK NY 10013,10013
433 WASHINGTON STREET NEW YORK NY 10013,10013
435 WASHINGTON STREET NEW YORK NY 10013,10013
437 WASHINGTON STREET NEW YORK NY 10013,10013
439 WASHINGTON STREET NEW YORK NY 10013,10013
452 GREENWICH STREET NEW YORK NY 10013,10013
450 GREENWICH STREET NEW YORK NY 10013,10013
444 GREENWICH STREET NEW YORK NY 10013,10013
442 GREENWICH STREET NEW YORK NY 10013,10013
438 GREENWICH STREET NEW YORK NY 10013,10013
448 GREENWICH STREET NEW YORK NY 10013,10013
70 VESTRY STREET NEW YORK NY 10013,10013
451 WASHINGTON STREET NEW YORK NY 10013,10013
464 GREENWICH STREET NEW YORK NY 10013,10013
460 GREENWICH STREET NEW YORK NY 10013,10013
458 GREENWICH STREET NEW YORK NY 10013,10013
454 GREENWICH STREET NEW YORK NY 10013,10013
131 WATTS STREET NEW YORK NY 10013,10013
462 GREENWICH STREET NEW YORK NY 10013,10013
449 WASHINGTON STREET NEW YORK NY 10013,10013
450 WASHINGTON STREET NEW YORK NY 10013,10013
465 GREENWICH STREET NEW YORK NY 10013,10013
123 WATTS STREET NEW YORK NY 10013,10013
115 WATTS STREET NEW YORK NY 10013,10013
205 HUDSON STREET NEW YORK NY 10013,10013
CANAL STREET NEW YORK NY 10013,10013
16 DESBROSSES STREET NEW YORK NY 10013,10013
431 CANAL STREET NEW YORK NY 10013,10013
CANAL STREET NEW YORK NY 10013,10013
CANAL STREET NEW YORK NY 10013,10013
381 CANAL STREET NEW YORK NY 10013,10013
383 CANAL STREET NEW YORK NY 10013,10013
385 CANAL STREET NEW YORK NY 10013,10013
387 CANAL STREET NEW YORK NY 10013,10013
391 CANAL STREET NEW YORK NY 10013,10013
393 CANAL STREET NEW YORK NY 10013,10013
35 GRAND STREET NEW YORK NY 10013,10013
41 GRAND STREET NEW YORK NY 10013,10013
43 GRAND STREET NEW YORK NY 10013,10013
47 GRAND STREET NEW YORK NY 10013,10013
306 WEST BROADWAY NEW YORK NY 10013,10013
THOMPSON STREET NEW YORK NY 10013,10013
23 GRAND STREET NEW YORK NY 10013,10013
27 GRAND STREET NEW YORK NY 10013,10013
17 THOMPSON STREET NEW YORK NY 10013,10013
417 CANAL STREET NEW YORK NY 10013,10013
357 CANAL STREET NEW YORK NY 10013,10013
359 CANAL STREET NEW YORK NY 10013,10013
361 CANAL STREET NEW YORK NY 10013,10013
363 CANAL STREET NEW YORK NY 10013,10013
365 CANAL STREET NEW YORK NY 10013,10013
369 CANAL STREET NEW YORK NY 10013,10013
373 CANAL STREET NEW YORK NY 10013,10013
375 CANAL STREET NEW YORK NY 10013,10013
307 WEST BROADWAY NEW YORK NY 10013,10013
53 GRAND STREET NEW YORK NY 10013,10013
55 GRAND STREET NEW YORK NY 10013,10013
57 GRAND STREET NEW YORK NY 10013,10013
59 GRAND STREET NEW YORK NY 10013,10013
323 WEST BROADWAY NEW YORK NY 10013,10013
3 WOOSTER STREET NEW YORK NY 10013,10013
311 WEST BROADWAY NEW YORK NY 10013,10013
27 WOOSTER STREET NEW YORK NY 10013,10013
325 WEST BROADWAY NEW YORK NY 10013,10013
335 CANAL STREET NEW YORK NY 10013,10013
343 CANAL STREET NEW YORK NY 10013,10013
345 CANAL STREET NEW YORK NY 10013,10013
349 CANAL STREET NEW YORK NY 10013,10013
351 CANAL STREET NEW YORK NY 10013,10013
12 WOOSTER STREET NEW YORK NY 10013,10013
14 WOOSTER STREET NEW YORK NY 10013,10013
18 WOOSTER STREET NEW YORK NY 10013,10013
71 GRAND STREET NEW YORK NY 10013,10013
75 GRAND STREET NEW YORK NY 10013,10013
31 GREENE STREET NEW YORK NY 10013,10013
29 GREENE STREET NEW YORK NY 10013,10013
27 GREENE STREET NEW YORK NY 10013,10013
23 GREENE STREET NEW YORK NY 10013,10013
15 GREENE STREET NEW YORK NY 10013,10013
19 GREENE STREET NEW YORK NY 10013,10013
1 MERCER STREET NEW YORK NY 10013,10013
315 CANAL STREET NEW YORK NY 10013,10013
317 CANAL STREET NEW YORK NY 10013,10013
319 CANAL STREET NEW YORK NY 10013,10013
321 CANAL STREET NEW YORK NY 10013,10013
323 CANAL STREET NEW YORK NY 10013,10013
325 CANAL STREET NEW YORK NY 10013,10013
327 CANAL STREET NEW YORK NY 10013,10013
329 CANAL STREET NEW YORK NY 10013,10013
12 GREENE STREET NEW YORK NY 10013,10013
16 GREENE STREET NEW YORK NY 10013,10013
28 GREENE STREET NEW YORK NY 10013,10013
89 GRAND STREET NEW YORK NY 10013,10013
91 GRAND STREET NEW YORK NY 10013,10013
93 GRAND STREET NEW YORK NY 10013,10013
95 GRAND STREET NEW YORK NY 10013,10013
35 MERCER STREET NEW YORK NY 10013,10013
31 MERCER STREET NEW YORK NY 10013,10013
29 MERCER STREET NEW YORK NY 10013,10013
19 MERCER STREET NEW YORK NY 10013,10013
5 MERCER STREET NEW YORK NY 10013,10013
3 MERCER STREET NEW YORK NY 10013,10013
1A MERCER STREET NEW YORK NY 10013,10013
9 MERCER STREET NEW YORK NY 10013,10013
8 GREENE STREET NEW YORK NY 10013,10013
20 GREENE STREET NEW YORK NY 10013,10013
15 MERCER STREET NEW YORK NY 10013,10013
21 MERCER STREET NEW YORK NY 10013,10013
25 MERCER STREET NEW YORK NY 10013,10013
32 GREENE STREET NEW YORK NY 10013,10013
10 GREENE STREET NEW YORK NY 10013,10013
301 CANAL STREET NEW YORK NY 10013,10013
303 CANAL STREET NEW YORK NY 10013,10013
305 CANAL STREET NEW YORK NY 10013,10013
309 CANAL STREET NEW YORK NY 10013,10013
427 BROADWAY NEW YORK NY 10013,10013
425 BROADWAY NEW YORK NY 10013,10013
433 BROADWAY NEW YORK NY 10013,10013
48 HOWARD STREET NEW YORK NY 10013,10013
50 HOWARD STREET NEW YORK NY 10013,10013
18 MERCER STREET NEW YORK NY 10013,10013
107 GRAND STREET NEW YORK NY 10013,10013
459 BROADWAY NEW YORK NY 10013,10013
455 BROADWAY NEW YORK NY 10013,10013
451 BROADWAY NEW YORK NY 10013,10013
449 BROADWAY NEW YORK NY 10013,10013
447 BROADWAY NEW YORK NY 10013,10013
441 BROADWAY NEW YORK NY 10013,10013
443 BROADWAY NEW YORK NY 10013,10013
54 HOWARD STREET NEW YORK NY 10013,10013
307 CANAL STREET NEW YORK NY 10013,10013
434 BROADWAY NEW YORK NY 10013,10013
440 BROADWAY NEW YORK NY 10013,10013
442 BROADWAY NEW YORK NY 10013,10013
444 BROADWAY NEW YORK NY 10013,10013
446 BROADWAY NEW YORK NY 10013,10013
450 BROADWAY NEW YORK NY 10013,10013
452 BROADWAY NEW YORK NY 10013,10013
454 BROADWAY NEW YORK NY 10013,10013
456 BROADWAY NEW YORK NY 10013,10013
458 BROADWAY NEW YORK NY 10013,10013
125 GRAND STREET NEW YORK NY 10013,10013
32 HOWARD STREET NEW YORK NY 10013,10013
34 HOWARD STREET NEW YORK NY 10013,10013
129 GRAND STREET NEW YORK NY 10013,10013
9 CROSBY STREET NEW YORK NY 10013,10013
13 CROSBY STREET NEW YORK NY 10013,10013
133 GRAND STREET NEW YORK NY 10013,10013
135 GRAND STREET NEW YORK NY 10013,10013
137 GRAND STREET NEW YORK NY 10013,10013
141 GRAND STREET NEW YORK NY 10013,10013
143 GRAND STREET NEW YORK NY 10013,10013
145 GRAND STREET NEW YORK NY 10013,10013
147 GRAND STREET NEW YORK NY 10013,10013
151 GRAND STREET NEW YORK NY 10013,10013
148 LAFAYETTE STREET NEW YORK NY 10013,10013
22 HOWARD STREET NEW YORK NY 10013,10013
28 HOWARD STREET NEW YORK NY 10013,10013
2 HOWARD STREET NEW YORK NY 10013,10013
155 GRAND STREET NEW YORK NY 10013,10013
159 GRAND STREET NEW YORK NY 10013,10013
217 CENTRE STREET NEW YORK NY 10013,10013
211 CENTRE STREET NEW YORK NY 10013,10013
161 GRAND STREET NEW YORK NY 10013,10013
202 CENTRE STREET NEW YORK NY 10013,10013
206 CENTRE STREET NEW YORK NY 10013,10013
208 CENTRE STREET NEW YORK NY 10013,10013
210 CENTRE STREET NEW YORK NY 10013,10013
212 CENTRE STREET NEW YORK NY 10013,10013
214 CENTRE STREET NEW YORK NY 10013,10013
216 CENTRE STREET NEW YORK NY 10013,10013
218 CENTRE STREET NEW YORK NY 10013,10013
220 CENTRE STREET NEW YORK NY 10013,10013
165 GRAND STREET NEW YORK NY 10013,10013
150 BAXTER STREET NEW YORK NY 10013,10013
148 BAXTER STREET NEW YORK NY 10013,10013
144 BAXTER STREET NEW YORK NY 10013,10013
217 HESTER STREET NEW YORK NY 10013,10013
136 BAXTER STREET NEW YORK NY 10013,10013
145 BAXTER STREET NEW YORK NY 10013,10013
181 GRAND STREET NEW YORK NY 10013,10013
183 GRAND STREET NEW YORK NY 10013,10013
149 MULBERRY STREET NEW YORK NY 10013,10013
143 MULBERRY STREET NEW YORK NY 10013,10013
141 MULBERRY STREET NEW YORK NY 10013,10013
139 MULBERRY STREET NEW YORK NY 10013,10013
131 MULBERRY STREET NEW YORK NY 10013,10013
193 HESTER STREET NEW YORK NY 10013,10013
195 HESTER STREET NEW YORK NY 10013,10013
197 HESTER STREET NEW YORK NY 10013,10013
137 BAXTER STREET NEW YORK NY 10013,10013
173 GRAND STREET NEW YORK NY 10013,10013
145 MULBERRY STREET NEW YORK NY 10013,10013
133 MULBERRY STREET NEW YORK NY 10013,10013
185 GRAND STREET NEW YORK NY 10013,10013
140 MULBERRY STREET NEW YORK NY 10013,10013
142 MULBERRY STREET NEW YORK NY 10013,10013
146 MULBERRY STREET NEW YORK NY 10013,10013
191 GRAND STREET NEW YORK NY 10013,10013
195 GRAND STREET NEW YORK NY 10013,10013
201 GRAND STREET NEW YORK NY 10013,10013
203 GRAND STREET NEW YORK NY 10013,10013
143 MOTT STREET NEW YORK NY 10013,10013
141 MOTT STREET NEW YORK NY 10013,10013
139 MOTT STREET NEW YORK NY 10013,10013
137 MOTT STREET NEW YORK NY 10013,10013
135 MOTT STREET NEW YORK NY 10013,10013
133 MOTT STREET NEW YORK NY 10013,10013
131 MOTT STREET NEW YORK NY 10013,10013
129 MOTT STREET NEW YORK NY 10013,10013
127 MOTT STREET NEW YORK NY 10013,10013
123 MOTT STREET NEW YORK NY 10013,10013
121 MOTT STREET NEW YORK NY 10013,10013
183 HESTER STREET NEW YORK NY 10013,10013
185 HESTER STREET NEW YORK NY 10013,10013
187 HESTER STREET NEW YORK NY 10013,10013
189 HESTER STREET NEW YORK NY 10013,10013
191 HESTER STREET NEW YORK NY 10013,10013
132 MULBERRY STREET NEW YORK NY 10013,10013
181 HESTER STREET NEW YORK NY 10013,10013
122 MOTT STREET NEW YORK NY 10013,10013
124 MOTT STREET NEW YORK NY 10013,10013
205 GRAND STREET NEW YORK NY 10013,10013
207 GRAND STREET NEW YORK NY 10013,10013
209 GRAND STREET NEW YORK NY 10013,10013
219 GRAND STREET NEW YORK NY 10013,10013
95 ELIZABETH STREET NEW YORK NY 10013,10013
91 ELIZABETH STREET NEW YORK NY 10013,10013
83 ELIZABETH STREET NEW YORK NY 10013,10013
77 ELIZABETH STREET NEW YORK NY 10013,10013
75 ELIZABETH STREET NEW YORK NY 10013,10013
161 HESTER STREET NEW YORK NY 10013,10013
163 HESTER STREET NEW YORK NY 10013,10013
165 HESTER STREET NEW YORK NY 10013,10013
167 HESTER STREET NEW YORK NY 10013,10013
169 HESTER STREET NEW YORK NY 10013,10013
171 HESTER STREET NEW YORK NY 10013,10013
173 HESTER STREET NEW YORK NY 10013,10013
128 MOTT STREET NEW YORK NY 10013,10013
217 GRAND STREET NEW YORK NY 10013,10013
87 ELIZABETH STREET NEW YORK NY 10013,10013
84 ELIZABETH STREET NEW YORK NY 10013,10013
86 ELIZABETH STREET NEW YORK NY 10013,10013
88 ELIZABETH STREET NEW YORK NY 10013,10013
90 ELIZABETH STREET NEW YORK NY 10013,10013
92 ELIZABETH STREET NEW YORK NY 10013,10013
223 GRAND STREET NEW YORK NY 10013,10013
223 GRAND STREET NEW YORK NY 10013,10013
229 GRAND STREET NEW YORK NY 10013,10013
116 BOWERY NEW YORK NY 10013,10013
114 BOWERY NEW YORK NY 10013,10013
112 BOWERY NEW YORK NY 10013,10013
110 BOWERY NEW YORK NY 10013,10013
108 BOWERY NEW YORK NY 10013,10013
104 BOWERY NEW YORK NY 10013,10013
102 BOWERY NEW YORK NY 10013,10013
100 BOWERY NEW YORK NY 10013,10013
98 BOWERY NEW YORK NY 10013,10013
96 BOWERY NEW YORK NY 10013,10013
94 BOWERY NEW YORK NY 10013,10013
90 BOWERY NEW YORK NY 10013,10013
80 ELIZABETH STREET NEW YORK NY 10013,10013
SOUTH STREET NEW YORK NY 10038,10038
SOUTH STREET NEW YORK NY 10038,10038
260 SOUTH STREET NEW YORK NY 10002,10002
MARGINAL STREET WHARF NEW YORK NY 10002,10002
MARGINAL STREET WHARF NEW YORK NY 10002,10002
SOUTH STREET NEW YORK NY 10002,10002
322 FDR DRIVE NEW YORK NY 10002,10002
645 WATER STREET NEW YORK NY 10002,10002
71 JACKSON STREET NEW YORK NY 10002,10002
605 WATER STREET NEW YORK NY 10002,10002
621 WATER STREET NEW YORK NY 10002,10002
286 SOUTH STREET NEW YORK NY 10002,10002
292 SOUTH STREET NEW YORK NY 10002,10002
CHERRY STREET NEW YORK NY 10002,10002
275 SOUTH STREET NEW YORK NY 10002,10002
SOUTH STREET NEW YORK NY 10002,10002
285 SOUTH STREET NEW YORK NY 10002,10002
291 CHERRY STREET NEW YORK NY 10002,10002
265 CHERRY STREET NEW YORK NY 10002,10002
275 CHERRY STREET NEW YORK NY 10002,10002
82 RUTGERS SLIP NEW YORK NY 10002,10002
80 RUTGERS SLIP NEW YORK NY 10002,10002
235 CHERRY STREET NEW YORK NY 10002,10002
225 CHERRY STREET NEW YORK NY 10002,10002
222 SOUTH STREET NEW YORK NY 10002,10002
74 PIKE SLIP NEW YORK NY 10002,10002
169 CHERRY STREET NEW YORK NY 10002,10002
70 WATER STREET NEW YORK NY 10002,10002
220 SOUTH STREET NEW YORK NY 10002,10002
203 SOUTH STREET NEW YORK NY 10002,10002
394 WATER STREET NEW YORK NY 10038,10038
100 CHERRY STREET NEW YORK NY 10038,10038
166 MARKET STREET NEW YORK NY 10002,10002
PIKE STREET NEW YORK NY 10002,10002
76 MONROE STREET NEW YORK NY 10002,10002
58 MARKET STREET NEW YORK NY 10002,10002
45 PIKE STREET NEW YORK NY 10002,10002
230 CHERRY STREET NEW YORK NY 10002,10002
300 CHERRY STREET NEW YORK NY 10002,10002
MADISON STREET NEW YORK NY 10002,10002
272 CHERRY STREET NEW YORK NY 10002,10002
318 CHERRY STREET NEW YORK NY 10002,10002
290 MADISON STREET NEW YORK NY 10002,10002
604 WATER STREET NEW YORK NY 10002,10002
356 CHERRY STREET NEW YORK NY 10002,10002
198 MONROE STREET NEW YORK NY 10002,10002
55 MONTGOMERY STREET NEW YORK NY 10002,10002
35 MONTGOMERY STREET NEW YORK NY 10002,10002
636 WATER STREET NEW YORK NY 10002,10002
656 WATER STREET NEW YORK NY 10002,10002
668 WATER STREET NEW YORK NY 10002,10002
397 FDR DRIVE NEW YORK NY 10002,10002
430 FDR DRIVE WEST LANE NEW YORK NY 10002,10002
14 JACKSON STREET NEW YORK NY 10002,10002
453 FDR DRIVE NEW YORK NY 10002,10002
545 GRAND STREET NEW YORK NY 10002,10002
545 GRAND STREET NEW YORK NY 10002,10002
305 MADISON STREET NEW YORK NY 10002,10002
280 HENRY STREET NEW YORK NY 10002,10002
333 MADISON STREET NEW YORK NY 10002,10002
345 MADISON STREET NEW YORK NY 10002,10002
371 MADISON STREET NEW YORK NY 10002,10002
1 JACKSON STREET NEW YORK NY 10002,10002
259 MADISON STREET NEW YORK NY 10002,10002
227 MADISON STREET NEW YORK NY 10002,10002
203 MADISON STREET NEW YORK NY 10002,10002
207 MADISON STREET NEW YORK NY 10002,10002
209 MADISON STREET NEW YORK NY 10002,10002
211 MADISON STREET NEW YORK NY 10002,10002
213 MADISON STREET NEW YORK NY 10002,10002
215 MADISON STREET NEW YORK NY 10002,10002
217 MADISON STREET NEW YORK NY 10002,10002
219 MADISON STREET NEW YORK NY 10002,10002
221 MADISON STREET NEW YORK NY 10002,10002
223 MADISON STREET NEW YORK NY 10002,10002
225 MADISON STREET NEW YORK NY 10002,10002
174 HENRY STREET NEW YORK NY 10002,10002
172 HENRY STREET NEW YORK NY 10002,10002
168 HENRY STREET NEW YORK NY 10002,10002
166 HENRY STREET NEW YORK NY 10002,10002
164 HENRY STREET NEW YORK NY 10002,10002
162 HENRY STREET NEW YORK NY 10002,10002
160 HENRY STREET NEW YORK NY 10002,10002
158 HENRY STREET NEW YORK NY 10002,10002
152 HENRY STREET NEW YORK NY 10002,10002
150 HENRY STREET NEW YORK NY 10002,10002
148 HENRY STREET NEW YORK NY 10002,10002
146 HENRY STREET NEW YORK NY 10002,10002
23 RUTGERS STREET NEW YORK NY 10002,10002
25 RUTGERS STREET NEW YORK NY 10002,10002
27 RUTGERS STREET NEW YORK NY 10002,10002
29 RUTGERS STREET NEW YORK NY 10002,10002
157 MADISON STREET NEW YORK NY 10002,10002
189 MADISON STREET NEW YORK NY 10002,10002
191 MADISON STREET NEW YORK NY 10002,10002
193 MADISON STREET NEW YORK NY 10002,10002
195 MADISON STREET NEW YORK NY 10002,10002
197 MADISON STREET NEW YORK NY 10002,10002
28 RUTGERS STREET NEW YORK NY 10002,10002
26 RUTGERS STREET NEW YORK NY 10002,10002
24 RUTGERS STREET NEW YORK NY 10002,10002
22 RUTGERS STREET NEW YORK NY 10002,10002
140 HENRY STREET NEW YORK NY 10002,10002
138 HENRY STREET NEW YORK NY 10002,10002
136 HENRY STREET NEW YORK NY 10002,10002
134 HENRY STREET NEW YORK NY 10002,10002
142 HENRY STREET NEW YORK NY 10002,10002
30 RUTGERS STREET NEW YORK NY 10002,10002
32 RUTGERS STREET NEW YORK NY 10002,10002
47 MONROE STREET NEW YORK NY 10002,10002
49 MONROE STREET NEW YORK NY 10002,10002
51 MONROE STREET NEW YORK NY 10002,10002
53 MONROE STREET NEW YORK NY 10002,10002
55 MONROE STREET NEW YORK NY 10002,10002
57 MONROE STREET NEW YORK NY 10002,10002
73 MONROE STREET NEW YORK NY 10002,10002
75 MONROE STREET NEW YORK NY 10002,10002
154 MADISON STREET NEW YORK NY 10002,10002
144 MADISON STREET NEW YORK NY 10002,10002
130 MADISON STREET NEW YORK NY 10002,10002
MADISON STREET NEW YORK NY 10002,10002
42 MARKET STREET NEW YORK NY 10002,10002
54 MARKET STREET NEW YORK NY 10002,10002
56 MARKET STREET NEW YORK NY 10002,10002
48 MARKET STREET NEW YORK NY 10002,10002
148 MADISON STREET NEW YORK NY 10002,10002
44 MARKET STREET NEW YORK NY 10002,10002
125 MADISON STREET NEW YORK NY 10002,10002
127 MADISON STREET NEW YORK NY 10002,10002
72 HENRY STREET NEW YORK NY 10002,10002
24 MARKET STREET NEW YORK NY 10002,10002
26 MARKET STREET NEW YORK NY 10002,10002
30 MARKET STREET NEW YORK NY 10002,10002
32 MARKET STREET NEW YORK NY 10002,10002
34 MARKET STREET NEW YORK NY 10002,10002
36 MARKET STREET NEW YORK NY 10002,10002
38 MARKET STREET NEW YORK NY 10002,10002
40 MARKET STREET NEW YORK NY 10002,10002
141 MADISON STREET NEW YORK NY 10002,10002
5 MONROE STREET NEW YORK NY 10002,10002
7 MONROE STREET NEW YORK NY 10002,10002
9 MONROE STREET NEW YORK NY 10002,10002
13 MONROE STREET NEW YORK NY 10002,10002
15 MONROE STREET NEW YORK NY 10002,10002
17 MONROE STREET NEW YORK NY 10002,10002
19 MONROE STREET NEW YORK NY 10002,10002
21 MONROE STREET NEW YORK NY 10002,10002
23 MONROE STREET NEW YORK NY 10002,10002
25 MONROE STREET NEW YORK NY 10002,10002
27 MONROE STREET NEW YORK NY 10002,10002
37 MONROE STREET NEW YORK NY 10002,10002
55 MARKET STREET NEW YORK NY 10002,10002
53 MARKET STREET NEW YORK NY 10002,10002
51 MARKET STREET NEW YORK NY 10002,10002
49 MARKET STREET NEW YORK NY 10002,10002
47 MARKET STREET NEW YORK NY 10002,10002
45 MARKET STREET NEW YORK NY 10002,10002
43 MARKET STREET NEW YORK NY 10002,10002
41 MARKET STREET NEW YORK NY 10002,10002
120 MADISON STREET NEW YORK NY 10002,10002
118 MADISON STREET NEW YORK NY 10002,10002
116 MADISON STREET NEW YORK NY 10002,10002
114 MADISON STREET NEW YORK NY 10002,10002
112 MADISON STREET NEW YORK NY 10002,10002
110 MADISON STREET NEW YORK NY 10002,10002
108 MADISON STREET NEW YORK NY 10002,10002
106 MADISON STREET NEW YORK NY 10002,10002
104 MADISON STREET NEW YORK NY 10002,10002
100 MADISON STREET NEW YORK NY 10002,10002
98 MADISON STREET NEW YORK NY 10002,10002
96 MADISON STREET NEW YORK NY 10002,10002
94 MADISON STREET NEW YORK NY 10002,10002
90 MADISON STREET NEW YORK NY 10002,10002
88 MADISON STREET NEW YORK NY 10002,10002
86 MADISON STREET NEW YORK NY 10002,10002
84 MADISON STREET NEW YORK NY 10002,10002
82 MADISON STREET NEW YORK NY 10002,10002
43 CATHERINE STREET NEW YORK NY 10038,10038
45 CATHERINE STREET NEW YORK NY 10038,10038
47 CATHERINE STREET NEW YORK NY 10038,10038
49 CATHERINE STREET NEW YORK NY 10038,10038
51 CATHERINE STREET NEW YORK NY 10038,10038
53 CATHERINE STREET NEW YORK NY 10038,10038
102 MADISON STREET NEW YORK NY 10002,10002
11 MONROE STREET NEW YORK NY 10002,10002
31 MONROE STREET NEW YORK NY 10002,10002
39 MONROE STREET NEW YORK NY 10002,10002
75 MADISON STREET NEW YORK NY 10002,10002
77 MADISON STREET NEW YORK NY 10002,10002
81 MADISON STREET NEW YORK NY 10002,10002
83 MADISON STREET NEW YORK NY 10002,10002
87 MADISON STREET NEW YORK NY 10002,10002
89 MADISON STREET NEW YORK NY 10002,10002
93 MADISON STREET NEW YORK NY 10002,10002
97 MADISON STREET NEW YORK NY 10002,10002
99 MADISON STREET NEW YORK NY 10002,10002
101 MADISON STREET NEW YORK NY 10002,10002
103 MADISON STREET NEW YORK NY 10002,10002
105 MADISON STREET NEW YORK NY 10002,10002
107 MADISON STREET NEW YORK NY 10002,10002
109 MADISON STREET NEW YORK NY 10002,10002
37 MARKET STREET NEW YORK NY 10002,10002
35 MARKET STREET NEW YORK NY 10002,10002
31 MARKET STREET NEW YORK NY 10002,10002
58 HENRY STREET NEW YORK NY 10002,10002
56 HENRY STREET NEW YORK NY 10002,10002
54 HENRY STREET NEW YORK NY 10002,10002
52 HENRY STREET NEW YORK NY 10002,10002
44 HENRY STREET NEW YORK NY 10002,10002
38 HENRY STREET NEW YORK NY 10002,10002
38 HENRY STREET NEW YORK NY 10002,10002
HENRY STREET NEW YORK NY 10002,10002
32 HENRY STREET NEW YORK NY 10002,10002
30 HENRY STREET NEW YORK NY 10002,10002
28 HENRY STREET NEW YORK NY 10002,10002
26 HENRY STREET NEW YORK NY 10002,10002
24 HENRY STREET NEW YORK NY 10002,10002
25 CATHERINE STREET NEW YORK NY 10038,10038
251/2 CATHERINE STREET NEW YORK NY 10038,10038
29 CATHERINE STREET NEW YORK NY 10038,10038
31 CATHERINE STREET NEW YORK NY 10038,10038
33 CATHERINE STREET NEW YORK NY 10038,10038
37 CATHERINE STREET NEW YORK NY 10038,10038
39 CATHERINE STREET NEW YORK NY 10038,10038
25 MARKET STREET NEW YORK NY 10002,10002
46 HENRY STREET NEW YORK NY 10002,10002
95 MADISON STREET NEW YORK NY 10002,10002
47 MADISON STREET NEW YORK NY 10038,10038
31 OLIVER STREET NEW YORK NY 10038,10038
27 OLIVER STREET NEW YORK NY 10038,10038
23 OLIVER STREET NEW YORK NY 10038,10038
21 OLIVER STREET NEW YORK NY 10038,10038
19 OLIVER STREET NEW YORK NY 10038,10038
17 OLIVER STREET NEW YORK NY 10038,10038
15 OLIVER STREET NEW YORK NY 10038,10038
13 OLIVER STREET NEW YORK NY 10038,10038
11 OLIVER STREET NEW YORK NY 10038,10038
9 OLIVER STREET NEW YORK NY 10038,10038
59 ST JAMES PLACE NEW YORK NY 10038,10038
55 ST JAMES PLACE NEW YORK NY 10038,10038
51 ST JAMES PLACE NEW YORK NY 10038,10038
47 ST JAMES PLACE NEW YORK NY 10038,10038
45 ST JAMES PLACE NEW YORK NY 10038,10038
24 JAMES STREET NEW YORK NY 10038,10038
30 JAMES STREET NEW YORK NY 10038,10038
32 JAMES STREET NEW YORK NY 10038,10038
39 MADISON STREET NEW YORK NY 10038,10038
MADISON STREET NEW YORK NY 10038,10038
2 HENRY STREET NEW YORK NY 10038,10038
24 CATHERINE STREET NEW YORK NY 10038,10038
22 1/2 CATHERINE STREET NEW YORK NY 10038,10038
22 CATHERINE STREET NEW YORK NY 10038,10038
9 EAST BROADWAY NEW YORK NY 10038,10038
7 EAST BROADWAY NEW YORK NY 10038,10038
5 EAST BROADWAY NEW YORK NY 10038,10038
3 EAST BROADWAY NEW YORK NY 10038,10038
1 EAST BROADWAY NEW YORK NY 10038,10038
22 CHATHAM SQUARE NEW YORK NY 10038,10038
23 CHATHAM SQUARE NEW YORK NY 10038,10038
2 OLIVER STREET NEW YORK NY 10038,10038
12 OLIVER STREET NEW YORK NY 10038,10038
OLIVER STREET NEW YORK NY 10038,10038
OLIVER STREET NEW YORK NY 10038,10038
25 OLIVER STREET NEW YORK NY 10038,10038
29 OLIVER STREET NEW YORK NY 10038,10038
11 EAST BROADWAY NEW YORK NY 10038,10038
23 HENRY STREET NEW YORK NY 10002,10002
25 HENRY STREET NEW YORK NY 10002,10002
27 HENRY STREET NEW YORK NY 10002,10002
29 HENRY STREET NEW YORK NY 10002,10002
31 HENRY STREET NEW YORK NY 10002,10002
33 HENRY STREET NEW YORK NY 10002,10002
35 HENRY STREET NEW YORK NY 10002,10002
37 HENRY STREET NEW YORK NY 10002,10002
39 HENRY STREET NEW YORK NY 10002,10002
41 HENRY STREET NEW YORK NY 10002,10002
43 HENRY STREET NEW YORK NY 10002,10002
45 HENRY STREET NEW YORK NY 10002,10002
59 HENRY STREET NEW YORK NY 10002,10002
15 MARKET STREET NEW YORK NY 10002,10002
13 MARKET STREET NEW YORK NY 10002,10002
11 MARKET STREET NEW YORK NY 10002,10002
67 EAST BROADWAY NEW YORK NY 10002,10002
65 EAST BROADWAY NEW YORK NY 10002,10002
63 EAST BROADWAY NEW YORK NY 10002,10002
61 EAST BROADWAY NEW YORK NY 10002,10002
59 EAST BROADWAY NEW YORK NY 10002,10002
57 EAST BROADWAY NEW YORK NY 10002,10002
55 EAST BROADWAY NEW YORK NY 10002,10002
53 EAST BROADWAY NEW YORK NY 10002,10002
51 EAST BROADWAY NEW YORK NY 10002,10002
49 EAST BROADWAY NEW YORK NY 10002,10002
47 EAST BROADWAY NEW YORK NY 10002,10002
45 EAST BROADWAY NEW YORK NY 10002,10002
43 EAST BROADWAY NEW YORK NY 10002,10002
39 EAST BROADWAY NEW YORK NY 10002,10002
35 EAST BROADWAY NEW YORK NY 10002,10002
33 EAST BROADWAY NEW YORK NY 10002,10002
29 EAST BROADWAY NEW YORK NY 10002,10002
27 EAST BROADWAY NEW YORK NY 10002,10002
25 EAST BROADWAY NEW YORK NY 10002,10002
15 CATHERINE STREET NEW YORK NY 10038,10038
17 CATHERINE STREET NEW YORK NY 10038,10038
21 CATHERINE STREET NEW YORK NY 10038,10038
23 CATHERINE STREET NEW YORK NY 10038,10038
17 EAST BROADWAY NEW YORK NY 10038,10038
2 EAST BROADWAY NEW YORK NY 10038,10038
16 EAST BROADWAY NEW YORK NY 10038,10038
20 EAST BROADWAY NEW YORK NY 10002,10002
22 EAST BROADWAY NEW YORK NY 10002,10002
24 EAST BROADWAY NEW YORK NY 10002,10002
26 EAST BROADWAY NEW YORK NY 10002,10002
28 EAST BROADWAY NEW YORK NY 10002,10002
30 EAST BROADWAY NEW YORK NY 10002,10002
32 EAST BROADWAY NEW YORK NY 10002,10002
34 EAST BROADWAY NEW YORK NY 10002,10002
36 EAST BROADWAY NEW YORK NY 10002,10002
38 EAST BROADWAY NEW YORK NY 10002,10002
40 EAST BROADWAY NEW YORK NY 10002,10002
42 EAST BROADWAY NEW YORK NY 10002,10002
46 EAST BROADWAY NEW YORK NY 10002,10002
48 EAST BROADWAY NEW YORK NY 10002,10002
50 EAST BROADWAY NEW YORK NY 10002,10002
52 EAST BROADWAY NEW YORK NY 10002,10002
54 EAST BROADWAY NEW YORK NY 10002,10002
56 EAST BROADWAY NEW YORK NY 10002,10002
58 EAST BROADWAY NEW YORK NY 10002,10002
60 EAST BROADWAY NEW YORK NY 10002,10002
62 EAST BROADWAY NEW YORK NY 10002,10002
64 EAST BROADWAY NEW YORK NY 10002,10002
66 EAST BROADWAY NEW YORK NY 10002,10002
68 EAST BROADWAY NEW YORK NY 10002,10002
70 EAST BROADWAY NEW YORK NY 10002,10002
MARKET STREET NEW YORK NY 10002,10002
57 DIVISION STREET NEW YORK NY 10002,10002
53 DIVISION STREET NEW YORK NY 10002,10002
49 DIVISION STREET NEW YORK NY 10002,10002
47 DIVISION STREET NEW YORK NY 10002,10002
45 DIVISION STREET NEW YORK NY 10002,10002
41 DIVISION STREET NEW YORK NY 10002,10002
39 DIVISION STREET NEW YORK NY 10002,10002
37 DIVISION STREET NEW YORK NY 10002,10002
31 DIVISION STREET NEW YORK NY 10002,10002
27 DIVISION STREET NEW YORK NY 10002,10002
25 DIVISION STREET NEW YORK NY 10002,10002
23 DIVISION STREET NEW YORK NY 10002,10002
21 DIVISION STREET NEW YORK NY 10002,10002
19 DIVISION STREET NEW YORK NY 10002,10002
17 DIVISION STREET NEW YORK NY 10002,10002
15 DIVISION STREET NEW YORK NY 10002,10002
13 DIVISION STREET NEW YORK NY 10002,10002
11 DIVISION STREET NEW YORK NY 10002,10002
9 DIVISION STREET NEW YORK NY 10002,10002
7 DIVISION STREET NEW YORK NY 10002,10002
5 DIVISION STREET NEW YORK NY 10002,10002
1 DIVISION STREET NEW YORK NY 10038,10038
8 CATHERINE STREET NEW YORK NY 10038,10038
10 MARKET STREET NEW YORK NY 10002,10002
75 EAST BROADWAY NEW YORK NY 10002,10002
HENRY STREET NEW YORK NY 10002,10002
83 HENRY STREET NEW YORK NY 10002,10002
85 HENRY STREET NEW YORK NY 10002,10002
91 HENRY STREET NEW YORK NY 10002,10002
93 HENRY STREET NEW YORK NY 10002,10002
95 HENRY STREET NEW YORK NY 10002,10002
105 EAST BROADWAY NEW YORK NY 10002,10002
103 EAST BROADWAY NEW YORK NY 10002,10002
101 EAST BROADWAY NEW YORK NY 10002,10002
99 EAST BROADWAY NEW YORK NY 10002,10002
97 EAST BROADWAY NEW YORK NY 10002,10002
95 EAST BROADWAY NEW YORK NY 10002,10002
91 EAST BROADWAY NEW YORK NY 10002,10002
89 EAST BROADWAY NEW YORK NY 10002,10002
87 EAST BROADWAY NEW YORK NY 10002,10002
85 EAST BROADWAY NEW YORK NY 10002,10002
88 EAST BROADWAY NEW YORK NY 10002,10002
90 EAST BROADWAY NEW YORK NY 10002,10002
92 EAST BROADWAY NEW YORK NY 10002,10002
94 EAST BROADWAY NEW YORK NY 10002,10002
96 EAST BROADWAY NEW YORK NY 10002,10002
85 DIVISION STREET NEW YORK NY 10002,10002
83 DIVISION STREET NEW YORK NY 10002,10002
81 DIVISION STREET NEW YORK NY 10002,10002
79 DIVISION STREET NEW YORK NY 10002,10002
98 EAST BROADWAY NEW YORK NY 10002,10002
107 EAST BROADWAY NEW YORK NY 10002,10002
100 EAST BROADWAY NEW YORK NY 10002,10002
111 HENRY STREET NEW YORK NY 10002,10002
113 HENRY STREET NEW YORK NY 10002,10002
117 HENRY STREET NEW YORK NY 10002,10002
119 HENRY STREET NEW YORK NY 10002,10002
121 HENRY STREET NEW YORK NY 10002,10002
123 HENRY STREET NEW YORK NY 10002,10002
125 HENRY STREET NEW YORK NY 10002,10002
127 HENRY STREET NEW YORK NY 10002,10002
129 HENRY STREET NEW YORK NY 10002,10002
131 HENRY STREET NEW YORK NY 10002,10002
133 HENRY STREET NEW YORK NY 10002,10002
135 HENRY STREET NEW YORK NY 10002,10002
137 HENRY STREET NEW YORK NY 10002,10002
139 HENRY STREET NEW YORK NY 10002,10002
141 HENRY STREET NEW YORK NY 10002,10002
143 HENRY STREET NEW YORK NY 10002,10002
10 RUTGERS STREET NEW YORK NY 10002,10002
153 EAST BROADWAY NEW YORK NY 10002,10002
151 EAST BROADWAY NEW YORK NY 10002,10002
149 EAST BROADWAY NEW YORK NY 10002,10002
147 EAST BROADWAY NEW YORK NY 10002,10002
141 EAST BROADWAY NEW YORK NY 10002,10002
139 EAST BROADWAY NEW YORK NY 10002,10002
137 EAST BROADWAY NEW YORK NY 10002,10002
135 EAST BROADWAY NEW YORK NY 10002,10002
133 EAST BROADWAY NEW YORK NY 10002,10002
129 EAST BROADWAY NEW YORK NY 10002,10002
127 EAST BROADWAY NEW YORK NY 10002,10002
121 EAST BROADWAY NEW YORK NY 10002,10002
13 PIKE STREET NEW YORK NY 10002,10002
17 PIKE STREET NEW YORK NY 10002,10002
19 PIKE STREET NEW YORK NY 10002,10002
120 EAST BROADWAY NEW YORK NY 10002,10002
124 EAST BROADWAY NEW YORK NY 10002,10002
126 EAST BROADWAY NEW YORK NY 10002,10002
128 EAST BROADWAY NEW YORK NY 10002,10002
134 EAST BROADWAY NEW YORK NY 10002,10002
144 EAST BROADWAY NEW YORK NY 10002,10002
146 EAST BROADWAY NEW YORK NY 10002,10002
148 EAST BROADWAY NEW YORK NY 10002,10002
150 EAST BROADWAY NEW YORK NY 10002,10002
152 EAST BROADWAY NEW YORK NY 10002,10002
154 EAST BROADWAY NEW YORK NY 10002,10002
156 EAST BROADWAY NEW YORK NY 10002,10002
158 EAST BROADWAY NEW YORK NY 10002,10002
160 EAST BROADWAY NEW YORK NY 10002,10002
162 EAST BROADWAY NEW YORK NY 10002,10002
26 CANAL STREET NEW YORK NY 10002,10002
28 CANAL STREET NEW YORK NY 10002,10002
32 CANAL STREET NEW YORK NY 10002,10002
143 DIVISION STREET NEW YORK NY 10002,10002
139 DIVISION STREET NEW YORK NY 10002,10002
140 EAST BROADWAY NEW YORK NY 10002,10002
127 DIVISION STREET NEW YORK NY 10002,10002
123 DIVISION STREET NEW YORK NY 10002,10002
121 DIVISION STREET NEW YORK NY 10002,10002
115 DIVISION STREET NEW YORK NY 10002,10002
113 DIVISION STREET NEW YORK NY 10002,10002
111 DIVISION STREET NEW YORK NY 10002,10002
3 PIKE STREET NEW YORK NY 10002,10002
141 DIVISION STREET NEW YORK NY 10002,10002
135 DIVISION STREET NEW YORK NY 10002,10002
136 EAST BROADWAY NEW YORK NY 10002,10002
13 HENRY STREET NEW YORK NY 10002,10002
173 HENRY STREET NEW YORK NY 10002,10002
14 JEFFERSON STREET NEW YORK NY 10002,10002
189 EAST BROADWAY NEW YORK NY 10002,10002
187 EAST BROADWAY NEW YORK NY 10002,10002
185 EAST BROADWAY NEW YORK NY 10002,10002
181 EAST BROADWAY NEW YORK NY 10002,10002
179 EAST BROADWAY NEW YORK NY 10002,10002
177 EAST BROADWAY NEW YORK NY 10002,10002
171 EAST BROADWAY NEW YORK NY 10002,10002
169 EAST BROADWAY NEW YORK NY 10002,10002
167 EAST BROADWAY NEW YORK NY 10002,10002
165 EAST BROADWAY NEW YORK NY 10002,10002
155 HENRY STREET NEW YORK NY 10002,10002
165 HENRY STREET NEW YORK NY 10002,10002
173 EAST BROADWAY NEW YORK NY 10002,10002
183 EAST BROADWAY NEW YORK NY 10002,10002
191 HENRY STREET NEW YORK NY 10002,10002
193 HENRY STREET NEW YORK NY 10002,10002
195 HENRY STREET NEW YORK NY 10002,10002
197 HENRY STREET NEW YORK NY 10002,10002
199 HENRY STREET NEW YORK NY 10002,10002
201 HENRY STREET NEW YORK NY 10002,10002
203 HENRY STREET NEW YORK NY 10002,10002
205 HENRY STREET NEW YORK NY 10002,10002
207 HENRY STREET NEW YORK NY 10002,10002
219 EAST BROADWAY NEW YORK NY 10002,10002
217 EAST BROADWAY NEW YORK NY 10002,10002
215 EAST BROADWAY NEW YORK NY 10002,10002
213 EAST BROADWAY NEW YORK NY 10002,10002
211 EAST BROADWAY NEW YORK NY 10002,10002
209 EAST BROADWAY NEW YORK NY 10002,10002
205 EAST BROADWAY NEW YORK NY 10002,10002
EAST BROADWAY NEW YORK NY 10002,10002
193 EAST BROADWAY NEW YORK NY 10002,10002
179 HENRY STREET NEW YORK NY 10002,10002
209 HENRY STREET NEW YORK NY 10002,10002
211 HENRY STREET NEW YORK NY 10002,10002
213 HENRY STREET NEW YORK NY 10002,10002
215 HENRY STREET NEW YORK NY 10002,10002
217 HENRY STREET NEW YORK NY 10002,10002
219 HENRY STREET NEW YORK NY 10002,10002
221 HENRY STREET NEW YORK NY 10002,10002
223 HENRY STREET NEW YORK NY 10002,10002
225 HENRY STREET NEW YORK NY 10002,10002
227 HENRY STREET NEW YORK NY 10002,10002
229 HENRY STREET NEW YORK NY 10002,10002
231 HENRY STREET NEW YORK NY 10002,10002
233 HENRY STREET NEW YORK NY 10002,10002
237 HENRY STREET NEW YORK NY 10002,10002
239 HENRY STREET NEW YORK NY 10002,10002
241 HENRY STREET NEW YORK NY 10002,10002
243 HENRY STREET NEW YORK NY 10002,10002
HENRY STREET NEW YORK NY 10002,10002
259 EAST BROADWAY NEW YORK NY 10002,10002
257 EAST BROADWAY NEW YORK NY 10002,10002
255 EAST BROADWAY NEW YORK NY 10002,10002
253 EAST BROADWAY NEW YORK NY 10002,10002
251 EAST BROADWAY NEW YORK NY 10002,10002
249 EAST BROADWAY NEW YORK NY 10002,10002
247 EAST BROADWAY NEW YORK NY 10002,10002
245 EAST BROADWAY NEW YORK NY 10002,10002
243 EAST BROADWAY NEW YORK NY 10002,10002
241 EAST BROADWAY NEW YORK NY 10002,10002
239 EAST BROADWAY NEW YORK NY 10002,10002
237 EAST BROADWAY NEW YORK NY 10002,10002
235 EAST BROADWAY NEW YORK NY 10002,10002
233 EAST BROADWAY NEW YORK NY 10002,10002
225 EAST BROADWAY NEW YORK NY 10002,10002
223 EAST BROADWAY NEW YORK NY 10002,10002
271 HENRY STREET NEW YORK NY 10002,10002
287 HENRY STREET NEW YORK NY 10002,10002
299 HENRY STREET NEW YORK NY 10002,10002
305 HENRY STREET NEW YORK NY 10002,10002
309 HENRY STREET NEW YORK NY 10002,10002
317 HENRY STREET NEW YORK NY 10002,10002
521 GRAND STREET NEW YORK NY 10002,10002
523 GRAND STREET NEW YORK NY 10002,10002
525 GRAND STREET NEW YORK NY 10002,10002
527 GRAND STREET NEW YORK NY 10002,10002
517 GRAND STREET NEW YORK NY 10002,10002
515 GRAND STREET NEW YORK NY 10002,10002
513 GRAND STREET NEW YORK NY 10002,10002
511 GRAND STREET NEW YORK NY 10002,10002
509 GRAND STREET NEW YORK NY 10002,10002
505 GRAND STREET NEW YORK NY 10002,10002
503 GRAND STREET NEW YORK NY 10002,10002
311 EAST BROADWAY NEW YORK NY 10002,10002
283 EAST BROADWAY NEW YORK NY 10002,10002
281 EAST BROADWAY NEW YORK NY 10002,10002
279 EAST BROADWAY NEW YORK NY 10002,10002
HENRY STREET NEW YORK NY 10002,10002
263 HENRY STREET NEW YORK NY 10002,10002
265 HENRY STREET NEW YORK NY 10002,10002
269 HENRY STREET NEW YORK NY 10002,10002
313 HENRY STREET NEW YORK NY 10002,10002
1 BOWERY NEW YORK NY 10002,10002
FORSYTH STREET NEW YORK NY 10002,10002
26 FORSYTH STREET NEW YORK NY 10002,10002
27 FORSYTH STREET NEW YORK NY 10002,10002
28 FORSYTH STREET NEW YORK NY 10002,10002
104 CANAL STREET NEW YORK NY 10002,10002
102 CANAL STREET NEW YORK NY 10002,10002
100 CANAL STREET NEW YORK NY 10002,10002
27 ELDRIDGE STREET NEW YORK NY 10002,10002
21 ELDRIDGE STREET NEW YORK NY 10002,10002
19 ELDRIDGE STREET NEW YORK NY 10002,10002
17 ELDRIDGE STREET NEW YORK NY 10002,10002
15 ELDRIDGE STREET NEW YORK NY 10002,10002
13 ELDRIDGE STREET NEW YORK NY 10002,10002
11 ELDRIDGE STREET NEW YORK NY 10002,10002
9 ELDRIDGE STREET NEW YORK NY 10002,10002
7 ELDRIDGE STREET NEW YORK NY 10002,10002
5 ELDRIDGE STREET NEW YORK NY 10002,10002
1 ELDRIDGE STREET NEW YORK NY 10002,10002
86 CANAL STREET NEW YORK NY 10002,10002
8 ELDRIDGE STREET NEW YORK NY 10002,10002
10 ELDRIDGE STREET NEW YORK NY 10002,10002
12 ELDRIDGE STREET NEW YORK NY 10002,10002
20 ELDRIDGE STREET NEW YORK NY 10002,10002
22 ELDRIDGE STREET NEW YORK NY 10002,10002
24 ELDRIDGE STREET NEW YORK NY 10002,10002
26 ELDRIDGE STREET NEW YORK NY 10002,10002
80 CANAL STREET NEW YORK NY 10002,10002
78 CANAL STREET NEW YORK NY 10002,10002
76 CANAL STREET NEW YORK NY 10002,10002
74 CANAL STREET NEW YORK NY 10002,10002
70 CANAL STREET NEW YORK NY 10002,10002
11 ALLEN STREET NEW YORK NY 10002,10002
9 ALLEN STREET NEW YORK NY 10002,10002
7 ALLEN STREET NEW YORK NY 10002,10002
5 ALLEN STREET NEW YORK NY 10002,10002
3 ALLEN STREET NEW YORK NY 10002,10002
98 DIVISION STREET NEW YORK NY 10002,10002
88 DIVISION STREET NEW YORK NY 10002,10002
6 1/2 ELDRIDGE STREET NEW YORK NY 10002,10002
18 ELDRIDGE STREET NEW YORK NY 10002,10002
60 CANAL STREET NEW YORK NY 10002,10002
4 ALLEN STREET NEW YORK NY 10002,10002
2 ORCHARD STREET NEW YORK NY 10002,10002
50 CANAL STREET NEW YORK NY 10002,10002
46 CANAL STREET NEW YORK NY 10002,10002
44 CANAL STREET NEW YORK NY 10002,10002
40 CANAL STREET NEW YORK NY 10002,10002
38 CANAL STREET NEW YORK NY 10002,10002
136 DIVISION STREET NEW YORK NY 10002,10002
48 CANAL STREET NEW YORK NY 10002,10002
1 ORCHARD STREET NEW YORK NY 10002,10002
8 LUDLOW STREET NEW YORK NY 10002,10002
22 LUDLOW STREET NEW YORK NY 10002,10002
24 LUDLOW STREET NEW YORK NY 10002,10002
46 HESTER STREET NEW YORK NY 10002,10002
44 HESTER STREET NEW YORK NY 10002,10002
25 ESSEX STREET NEW YORK NY 10002,10002
23 ESSEX STREET NEW YORK NY 10002,10002
21 ESSEX STREET NEW YORK NY 10002,10002
19 ESSEX STREET NEW YORK NY 10002,10002
17 ESSEX STREET NEW YORK NY 10002,10002
13 ESSEX STREET NEW YORK NY 10002,10002
11 ESSEX STREET NEW YORK NY 10002,10002
5 ESSEX STREET NEW YORK NY 10002,10002
3 ESSEX STREET NEW YORK NY 10002,10002
23 CANAL STREET NEW YORK NY 10002,10002
33 CANAL STREET NEW YORK NY 10002,10002
35 CANAL STREET NEW YORK NY 10002,10002
37 CANAL STREET NEW YORK NY 10002,10002
26 LUDLOW STREET NEW YORK NY 10002,10002
48 HESTER STREET NEW YORK NY 10002,10002
7 ESSEX STREET NEW YORK NY 10002,10002
20 ORCHARD STREET NEW YORK NY 10002,10002
22 ORCHARD STREET NEW YORK NY 10002,10002
24 ORCHARD STREET NEW YORK NY 10002,10002
26 ORCHARD STREET NEW YORK NY 10002,10002
28 ORCHARD STREET NEW YORK NY 10002,10002
32 ORCHARD STREET NEW YORK NY 10002,10002
34 ORCHARD STREET NEW YORK NY 10002,10002
36 ORCHARD STREET NEW YORK NY 10002,10002
38 ORCHARD STREET NEW YORK NY 10002,10002
64 HESTER STREET NEW YORK NY 10002,10002
58 HESTER STREET NEW YORK NY 10002,10002
56 HESTER STREET NEW YORK NY 10002,10002
23 LUDLOW STREET NEW YORK NY 10002,10002
17 LUDLOW STREET NEW YORK NY 10002,10002
13 LUDLOW STREET NEW YORK NY 10002,10002
7 LUDLOW STREET NEW YORK NY 10002,10002
39 CANAL STREET NEW YORK NY 10002,10002
41 CANAL STREET NEW YORK NY 10002,10002
43 CANAL STREET NEW YORK NY 10002,10002
45 CANAL STREET NEW YORK NY 10002,10002
47 CANAL STREET NEW YORK NY 10002,10002
49 CANAL STREET NEW YORK NY 10002,10002
51 CANAL STREET NEW YORK NY 10002,10002
18 ORCHARD STREET NEW YORK NY 10002,10002
21 LUDLOW STREET NEW YORK NY 10002,10002
30 ORCHARD STREET NEW YORK NY 10002,10002
74 HESTER STREET NEW YORK NY 10002,10002
72 HESTER STREET NEW YORK NY 10002,10002
70 HESTER STREET NEW YORK NY 10002,10002
68 HESTER STREET NEW YORK NY 10002,10002
35 ORCHARD STREET NEW YORK NY 10002,10002
33 ORCHARD STREET NEW YORK NY 10002,10002
31 ORCHARD STREET NEW YORK NY 10002,10002
29 ORCHARD STREET NEW YORK NY 10002,10002
27 ORCHARD STREET NEW YORK NY 10002,10002
25 ORCHARD STREET NEW YORK NY 10002,10002
23 ORCHARD STREET NEW YORK NY 10002,10002
21 ORCHARD STREET NEW YORK NY 10002,10002
19 ORCHARD STREET NEW YORK NY 10002,10002
15 ORCHARD STREET NEW YORK NY 10002,10002
55 CANAL STREET NEW YORK NY 10002,10002
59 CANAL STREET NEW YORK NY 10002,10002
61 CANAL STREET NEW YORK NY 10002,10002
17 ORCHARD STREET NEW YORK NY 10002,10002
34 ELDRIDGE STREET NEW YORK NY 10002,10002
38 ELDRIDGE STREET NEW YORK NY 10002,10002
42 ELDRIDGE STREET NEW YORK NY 10002,10002
44 ELDRIDGE STREET NEW YORK NY 10002,10002
46 ELDRIDGE STREET NEW YORK NY 10002,10002
48 ELDRIDGE STREET NEW YORK NY 10002,10002
50 ELDRIDGE STREET NEW YORK NY 10002,10002
54 ELDRIDGE STREET NEW YORK NY 10002,10002
58 ELDRIDGE STREET NEW YORK NY 10002,10002
94 HESTER STREET NEW YORK NY 10002,10002
92 HESTER STREET NEW YORK NY 10002,10002
86 HESTER STREET NEW YORK NY 10002,10002
84 HESTER STREET NEW YORK NY 10002,10002
37 ALLEN STREET NEW YORK NY 10002,10002
35 ALLEN STREET NEW YORK NY 10002,10002
33 ALLEN STREET NEW YORK NY 10002,10002
31 ALLEN STREET NEW YORK NY 10002,10002
29 ALLEN STREET NEW YORK NY 10002,10002
27 ALLEN STREET NEW YORK NY 10002,10002
25 ALLEN STREET NEW YORK NY 10002,10002
23 ALLEN STREET NEW YORK NY 10002,10002
21 ALLEN STREET NEW YORK NY 10002,10002
19 ALLEN STREET NEW YORK NY 10002,10002
73 CANAL STREET NEW YORK NY 10002,10002
75 CANAL STREET NEW YORK NY 10002,10002
81 CANAL STREET NEW YORK NY 10002,10002
99 CANAL STREET NEW YORK NY 10002,10002
36 FORSYTH STREET NEW YORK NY 10002,10002
95 CANAL STREET NEW YORK NY 10002,10002
93 CANAL STREET NEW YORK NY 10002,10002
91 CANAL STREET NEW YORK NY 10002,10002
89 CANAL STREET NEW YORK NY 10002,10002
39 ELDRIDGE STREET NEW YORK NY 10002,10002
263 GRAND STREET NEW YORK NY 10002,10002
141 CANAL STREET NEW YORK NY 10002,10002
145 CANAL STREET NEW YORK NY 10002,10002
149 CANAL STREET NEW YORK NY 10002,10002
151 CANAL STREET NEW YORK NY 10002,10002
81 BOWERY NEW YORK NY 10002,10002
83 BOWERY NEW YORK NY 10002,10002
85 BOWERY NEW YORK NY 10002,10002
91 BOWERY NEW YORK NY 10002,10002
126 HESTER STREET NEW YORK NY 10002,10002
122 HESTER STREET NEW YORK NY 10002,10002
67 CHRYSTIE STREET NEW YORK NY 10002,10002
65 CHRYSTIE STREET NEW YORK NY 10002,10002
61 CHRYSTIE STREET NEW YORK NY 10002,10002
55 CHRYSTIE STREET NEW YORK NY 10002,10002
47 CHRYSTIE STREET NEW YORK NY 10002,10002
125 CANAL STREET NEW YORK NY 10002,10002
133 CANAL STREET NEW YORK NY 10002,10002
87 BOWERY NEW YORK NY 10002,10002
77 BOWERY NEW YORK NY 10002,10002
89 BOWERY NEW YORK NY 10002,10002
95 BOWERY NEW YORK NY 10002,10002
97 BOWERY NEW YORK NY 10002,10002
99 BOWERY NEW YORK NY 10002,10002
101 BOWERY NEW YORK NY 10002,10002
103 BOWERY NEW YORK NY 10002,10002
105 BOWERY NEW YORK NY 10002,10002
107 BOWERY NEW YORK NY 10002,10002
111 BOWERY NEW YORK NY 10002,10002
113 BOWERY NEW YORK NY 10002,10002
115 BOWERY NEW YORK NY 10002,10002
119 BOWERY NEW YORK NY 10002,10002
121 BOWERY NEW YORK NY 10002,10002
123 BOWERY NEW YORK NY 10002,10002
237 GRAND STREET NEW YORK NY 10002,10002
243 GRAND STREET NEW YORK NY 10002,10002
245 GRAND STREET NEW YORK NY 10002,10002
247 GRAND STREET NEW YORK NY 10002,10002
249 GRAND STREET NEW YORK NY 10002,10002
99 CHRYSTIE STREET NEW YORK NY 10002,10002
97 CHRYSTIE STREET NEW YORK NY 10002,10002
95 CHRYSTIE STREET NEW YORK NY 10002,10002
89 CHRYSTIE STREET NEW YORK NY 10002,10002
87 CHRYSTIE STREET NEW YORK NY 10002,10002
85 CHRYSTIE STREET NEW YORK NY 10002,10002
83 CHRYSTIE STREET NEW YORK NY 10002,10002
79 CHRYSTIE STREET NEW YORK NY 10002,10002
77 CHRYSTIE STREET NEW YORK NY 10002,10002
75 CHRYSTIE STREET NEW YORK NY 10002,10002
119 HESTER STREET NEW YORK NY 10002,10002
66 FORSYTH STREET NEW YORK NY 10002,10002
68 FORSYTH STREET NEW YORK NY 10002,10002
70 FORSYTH STREET NEW YORK NY 10002,10002
72 FORSYTH STREET NEW YORK NY 10002,10002
74 FORSYTH STREET NEW YORK NY 10002,10002
76 FORSYTH STREET NEW YORK NY 10002,10002
78 FORSYTH STREET NEW YORK NY 10002,10002
80 FORSYTH STREET NEW YORK NY 10002,10002
82 FORSYTH STREET NEW YORK NY 10002,10002
86 FORSYTH STREET NEW YORK NY 10002,10002
271 GRAND STREET NEW YORK NY 10002,10002
273 GRAND STREET NEW YORK NY 10002,10002
277 GRAND STREET NEW YORK NY 10002,10002
281 GRAND STREET NEW YORK NY 10002,10002
283 GRAND STREET NEW YORK NY 10002,10002
289 GRAND STREET NEW YORK NY 10002,10002
87 ELDRIDGE STREET NEW YORK NY 10002,10002
85 ELDRIDGE STREET NEW YORK NY 10002,10002
83 ELDRIDGE STREET NEW YORK NY 10002,10002
81 ELDRIDGE STREET NEW YORK NY 10002,10002
79 ELDRIDGE STREET NEW YORK NY 10002,10002
77 ELDRIDGE STREET NEW YORK NY 10002,10002
75 ELDRIDGE STREET NEW YORK NY 10002,10002
73 ELDRIDGE STREET NEW YORK NY 10002,10002
71 ELDRIDGE STREET NEW YORK NY 10002,10002
69 ELDRIDGE STREET NEW YORK NY 10002,10002
107 HESTER STREET NEW YORK NY 10002,10002
111 HESTER STREET NEW YORK NY 10002,10002
113 HESTER STREET NEW YORK NY 10002,10002
115 HESTER STREET NEW YORK NY 10002,10002
117 HESTER STREET NEW YORK NY 10002,10002
84 FORSYTH STREET NEW YORK NY 10002,10002
45 ALLEN STREET NEW YORK NY 10002,10002
84 ELDRIDGE STREET NEW YORK NY 10002,10002
86 ELDRIDGE STREET NEW YORK NY 10002,10002
90 ELDRIDGE STREET NEW YORK NY 10002,10002
291 GRAND STREET NEW YORK NY 10002,10002
295 GRAND STREET NEW YORK NY 10002,10002
297 GRAND STREET NEW YORK NY 10002,10002
299 GRAND STREET NEW YORK NY 10002,10002
301 GRAND STREET NEW YORK NY 10002,10002
303 GRAND STREET NEW YORK NY 10002,10002
305 GRAND STREET NEW YORK NY 10002,10002
59 ALLEN STREET NEW YORK NY 10002,10002
55 ALLEN STREET NEW YORK NY 10002,10002
315 GRAND STREET NEW YORK NY 10002,10002
319 GRAND STREET NEW YORK NY 10002,10002
59 ORCHARD STREET NEW YORK NY 10002,10002
57 ORCHARD STREET NEW YORK NY 10002,10002
55 ORCHARD STREET NEW YORK NY 10002,10002
53 ORCHARD STREET NEW YORK NY 10002,10002
51 ORCHARD STREET NEW YORK NY 10002,10002
47 ORCHARD STREET NEW YORK NY 10002,10002
43 ORCHARD STREET NEW YORK NY 10002,10002
41 ORCHARD STREET NEW YORK NY 10002,10002
83 HESTER STREET NEW YORK NY 10002,10002
42 ALLEN STREET NEW YORK NY 10002,10002
48 ALLEN STREET NEW YORK NY 10002,10002
44 ORCHARD STREET NEW YORK NY 10002,10002
54 ORCHARD STREET NEW YORK NY 10002,10002
58 ORCHARD STREET NEW YORK NY 10002,10002
62 ORCHARD STREET NEW YORK NY 10002,10002
323 GRAND STREET NEW YORK NY 10002,10002
325 GRAND STREET NEW YORK NY 10002,10002
327 GRAND STREET NEW YORK NY 10002,10002
329 GRAND STREET NEW YORK NY 10002,10002
331 GRAND STREET NEW YORK NY 10002,10002
333 GRAND STREET NEW YORK NY 10002,10002
337 GRAND STREET NEW YORK NY 10002,10002
339 GRAND STREET NEW YORK NY 10002,10002
55 LUDLOW STREET NEW YORK NY 10002,10002
53 LUDLOW STREET NEW YORK NY 10002,10002
51 LUDLOW STREET NEW YORK NY 10002,10002
47 LUDLOW STREET NEW YORK NY 10002,10002
45 LUDLOW STREET NEW YORK NY 10002,10002
41 LUDLOW STREET NEW YORK NY 10002,10002
39 LUDLOW STREET NEW YORK NY 10002,10002
48 ORCHARD STREET NEW YORK NY 10002,10002
60 ORCHARD STREET NEW YORK NY 10002,10002
36 LUDLOW STREET NEW YORK NY 10002,10002
38 LUDLOW STREET NEW YORK NY 10002,10002
40 LUDLOW STREET NEW YORK NY 10002,10002
42 LUDLOW STREET NEW YORK NY 10002,10002
48 LUDLOW STREET NEW YORK NY 10002,10002
52 LUDLOW STREET NEW YORK NY 10002,10002
54 LUDLOW STREET NEW YORK NY 10002,10002
54 1/2 LUDLOW STREET NEW YORK NY 10002,10002
56 LUDLOW STREET NEW YORK NY 10002,10002
341 GRAND STREET NEW YORK NY 10002,10002
343 GRAND STREET NEW YORK NY 10002,10002
349 GRAND STREET NEW YORK NY 10002,10002
351 GRAND STREET NEW YORK NY 10002,10002
353 GRAND STREET NEW YORK NY 10002,10002
355 GRAND STREET NEW YORK NY 10002,10002
49 ESSEX STREET NEW YORK NY 10002,10002
47 ESSEX STREET NEW YORK NY 10002,10002
45 ESSEX STREET NEW YORK NY 10002,10002
43 ESSEX STREET NEW YORK NY 10002,10002
41 ESSEX STREET NEW YORK NY 10002,10002
39 ESSEX STREET NEW YORK NY 10002,10002
35 ESSEX STREET NEW YORK NY 10002,10002
33 ESSEX STREET NEW YORK NY 10002,10002
31 ESSEX STREET NEW YORK NY 10002,10002
29 ESSEX STREET NEW YORK NY 10002,10002
27 ESSEX STREET NEW YORK NY 10002,10002
51 HESTER STREET NEW YORK NY 10002,10002
53 HESTER STREET NEW YORK NY 10002,10002
59 HESTER STREET NEW YORK NY 10002,10002
61 HESTER STREET NEW YORK NY 10002,10002
49 HESTER STREET NEW YORK NY 10002,10002
345 GRAND STREET NEW YORK NY 10002,10002
55 HESTER STREET NEW YORK NY 10002,10002
57 ESSEX STREET NEW YORK NY 10002,10002
28 ESSEX STREET NEW YORK NY 10002,10002
357 GRAND STREET NEW YORK NY 10002,10002
192 EAST BROADWAY NEW YORK NY 10002,10002
190 EAST BROADWAY NEW YORK NY 10002,10002
409 GRAND STREET NEW YORK NY 10002,10002
465 GRAND STREET NEW YORK NY 10002,10002
GRAND STREET NEW YORK NY 10002,10002
222 EAST BROADWAY NEW YORK NY 10002,10002
GRAND STREET NEW YORK NY 10002,10002
GRAND STREET NEW YORK NY 10002,10002
570 GRAND STREET NEW YORK NY 10002,10002
321 DELANCEY STREET NEW YORK NY 10002,10002
MANGIN STREET NEW YORK NY 10002,10002
288 DELANCEY STREET NEW YORK NY 10002,10002
326 DELANCEY STREET NEW YORK NY 10002,10002
286 DELANCEY STREET NEW YORK NY 10002,10002
DELANCEY STREET NEW YORK NY 10002,10002
140 BARUCH PLACE NEW YORK NY 10002,10002
525 EAST HOUSTON STREET NEW YORK NY 10002,10002
123 MANGIN STREET NEW YORK NY 10002,10002
303 DELANCEY STREET NEW YORK NY 10002,10002
504 GRAND STREET NEW YORK NY 10002,10002
500 GRAND STREET NEW YORK NY 10002,10002
21 COLUMBIA STREET NEW YORK NY 10002,10002
530 GRAND STREET NEW YORK NY 10002,10002
285 DELANCEY STREET NEW YORK NY 10002,10002
297 DELANCEY STREET NEW YORK NY 10002,10002
275 DELANCEY STREET NEW YORK NY 10002,10002
251 DELANCEY STREET NEW YORK NY 10002,10002
293 DELANCEY STREET NEW YORK NY 10002,10002
87 DELANCEY STREET NEW YORK NY 10002,10002
262 DELANCEY STREET NEW YORK NY 10002,10002
116 COLUMBIA STREET NEW YORK NY 10002,10002
DELANCEY STREET NEW YORK NY 10002,10002
15 BIALYSTOKER PLACE NEW YORK NY 10002,10002
10 PITT STREET NEW YORK NY 10002,10002
7 BIALYSTOKER PLACE NEW YORK NY 10002,10002
31 BIALYSTOKER PLACE NEW YORK NY 10002,10002
466 GRAND STREET NEW YORK NY 10002,10002
25 BIALYSTOKER PLACE NEW YORK NY 10002,10002
10 PITT STREET NEW YORK NY 10002,10002
WILLETT STREET NEW YORK NY 10002,10002
60 PITT STREET NEW YORK NY 10002,10002
EAST HOUSTON STREET NEW YORK NY 10002,10002
460 GRAND STREET NEW YORK NY 10002,10002
440 GRAND STREET NEW YORK NY 10002,10002
GRAND STREET NEW YORK NY 10002,10002
426 GRAND STREET NEW YORK NY 10002,10002
CLINTON STREET NEW YORK NY 10002,10002
145 BROOME STREET NEW YORK NY 10002,10002
17 PITT STREET NEW YORK NY 10002,10002
157 BROOME STREET NEW YORK NY 10002,10002
165 BROOME STREET NEW YORK NY 10002,10002
GRAND STREET NEW YORK NY 10002,10002
410 GRAND STREET NEW YORK NY 10002,10002
BROOME STREET NEW YORK NY 10002,10002
DELANCEY STREET NEW YORK NY 10002,10002
132 BROOME STREET NEW YORK NY 10002,10002
142 BROOME STREET NEW YORK NY 10002,10002
80 ATTORNEY STREET NEW YORK NY 10002,10002
80 RIDGE STREET NEW YORK NY 10002,10002
203 RIVINGTON STREET NEW YORK NY 10002,10002
67 PITT STREET NEW YORK NY 10002,10002
65 PITT STREET NEW YORK NY 10002,10002
63 PITT STREET NEW YORK NY 10002,10002
57 PITT STREET NEW YORK NY 10002,10002
55 PITT STREET NEW YORK NY 10002,10002
53 PITT STREET NEW YORK NY 10002,10002
212 DELANCEY STREET NEW YORK NY 10002,10002
78 RIDGE STREET NEW YORK NY 10002,10002
208 DELANCEY STREET NEW YORK NY 10002,10002
178 RIVINGTON STREET NEW YORK NY 10002,10002
189 STANTON STREET NEW YORK NY 10002,10002
195 STANTON STREET NEW YORK NY 10002,10002
129 RIDGE STREET NEW YORK NY 10002,10002
110 RIDGE STREET NEW YORK NY 10002,10002
114 RIDGE STREET NEW YORK NY 10002,10002
118 RIDGE STREET NEW YORK NY 10002,10002
120 RIDGE STREET NEW YORK NY 10002,10002
124 RIDGE STREET NEW YORK NY 10002,10002
138 RIDGE STREET NEW YORK NY 10002,10002
209 STANTON STREET NEW YORK NY 10002,10002
213 STANTON STREET NEW YORK NY 10002,10002
99 PITT STREET NEW YORK NY 10002,10002
97 PITT STREET NEW YORK NY 10002,10002
95 PITT STREET NEW YORK NY 10002,10002
93 PITT STREET NEW YORK NY 10002,10002
91 PITT STREET NEW YORK NY 10002,10002
89 PITT STREET NEW YORK NY 10002,10002
85 PITT STREET NEW YORK NY 10002,10002
210 RIVINGTON STREET NEW YORK NY 10002,10002
206 RIVINGTON STREET NEW YORK NY 10002,10002
202 RIVINGTON STREET NEW YORK NY 10002,10002
106 RIDGE STREET NEW YORK NY 10002,10002
68 CLINTON STREET NEW YORK NY 10002,10002
48 CLINTON STREET NEW YORK NY 10002,10002
42 CLINTON STREET NEW YORK NY 10002,10002
40 CLINTON STREET NEW YORK NY 10002,10002
STANTON STREET NEW YORK NY 10002,10002
173 STANTON STREET NEW YORK NY 10002,10002
175 STANTON STREET NEW YORK NY 10002,10002
177 STANTON STREET NEW YORK NY 10002,10002
179 STANTON STREET NEW YORK NY 10002,10002
STANTON STREET NEW YORK NY 10002,10002
141 ATTORNEY STREET NEW YORK NY 10002,10002
ATTORNEY STREET NEW YORK NY 10002,10002
ATTORNEY STREET NEW YORK NY 10002,10002
176 RIVINGTON STREET NEW YORK NY 10002,10002
174 RIVINGTON STREET NEW YORK NY 10002,10002
172 RIVINGTON STREET NEW YORK NY 10002,10002
170 RIVINGTON STREET NEW YORK NY 10002,10002
168 RIVINGTON STREET NEW YORK NY 10002,10002
72 CLINTON STREET NEW YORK NY 10002,10002
50 CLINTON STREET NEW YORK NY 10002,10002
66 CLINTON STREET NEW YORK NY 10002,10002
152 ATTORNEY STREET NEW YORK NY 10002,10002
162 ATTORNEY STREET NEW YORK NY 10002,10002
164 ATTORNEY STREET NEW YORK NY 10002,10002
168 ATTORNEY STREET NEW YORK NY 10002,10002
172 ATTORNEY STREET NEW YORK NY 10002,10002
319 EAST HOUSTON STREET NEW YORK NY 10002,10002
321 EAST HOUSTON STREET NEW YORK NY 10002,10002
323 EAST HOUSTON STREET NEW YORK NY 10002,10002
325 EAST HOUSTON STREET NEW YORK NY 10002,10002
331 EAST HOUSTON STREET NEW YORK NY 10002,10002
333 EAST HOUSTON STREET NEW YORK NY 10002,10002
155 RIDGE STREET NEW YORK NY 10002,10002
153 RIDGE STREET NEW YORK NY 10002,10002
151 RIDGE STREET NEW YORK NY 10002,10002
149 RIDGE STREET NEW YORK NY 10002,10002
147 RIDGE STREET NEW YORK NY 10002,10002
200 STANTON STREET NEW YORK NY 10002,10002
190 STANTON STREET NEW YORK NY 10002,10002
188 STANTON STREET NEW YORK NY 10002,10002
186 STANTON STREET NEW YORK NY 10002,10002
115 PITT STREET NEW YORK NY 10002,10002
133 PITT STREET NEW YORK NY 10002,10002
154 ATTORNEY STREET NEW YORK NY 10002,10002
196 STANTON STREET NEW YORK NY 10002,10002
148 ATTORNEY STREET NEW YORK NY 10002,10002
50 NORFOLK STREET NEW YORK NY 10002,10002
DELANCEY STREET NEW YORK NY 10002,10002
384 GRAND STREET NEW YORK NY 10002,10002
145 CLINTON STREET NEW YORK NY 10002,10002
180 BROOME STREET NEW YORK NY 10002,10002
202 BROOME STREET NEW YORK NY 10002,10002
60 NORFOLK STREET NEW YORK NY 10002,10002
199 BROOME STREET NEW YORK NY 10002,10002
DELANCEY STREET NEW YORK NY 10002,10002
150 BROOME STREET NEW YORK NY 10002,10002
175 DELANCEY STREET NEW YORK NY 10002,10002
98 SUFFOLK STREET NEW YORK NY 10002,10002
100 SUFFOLK STREET NEW YORK NY 10002,10002
102 SUFFOLK STREET NEW YORK NY 10002,10002
104 SUFFOLK STREET NEW YORK NY 10002,10002
106 SUFFOLK STREET NEW YORK NY 10002,10002
110 SUFFOLK STREET NEW YORK NY 10002,10002
112 SUFFOLK STREET NEW YORK NY 10002,10002
114 SUFFOLK STREET NEW YORK NY 10002,10002
116 SUFFOLK STREET NEW YORK NY 10002,10002
118 SUFFOLK STREET NEW YORK NY 10002,10002
120 SUFFOLK STREET NEW YORK NY 10002,10002
147 RIVINGTON STREET NEW YORK NY 10002,10002
149 RIVINGTON STREET NEW YORK NY 10002,10002
151 RIVINGTON STREET NEW YORK NY 10002,10002
153 RIVINGTON STREET NEW YORK NY 10002,10002
155 RIVINGTON STREET NEW YORK NY 10002,10002
157 RIVINGTON STREET NEW YORK NY 10002,10002
159 RIVINGTON STREET NEW YORK NY 10002,10002
161 RIVINGTON STREET NEW YORK NY 10002,10002
163 RIVINGTON STREET NEW YORK NY 10002,10002
87 CLINTON STREET NEW YORK NY 10002,10002
89 CLINTON STREET NEW YORK NY 10002,10002
91 CLINTON STREET NEW YORK NY 10002,10002
93 CLINTON STREET NEW YORK NY 10002,10002
95 CLINTON STREET NEW YORK NY 10002,10002
97 CLINTON STREET NEW YORK NY 10002,10002
99 CLINTON STREET NEW YORK NY 10002,10002
101 CLINTON STREET NEW YORK NY 10002,10002
103 CLINTON STREET NEW YORK NY 10002,10002
105 CLINTON STREET NEW YORK NY 10002,10002
107 CLINTON STREET NEW YORK NY 10002,10002
156 DELANCEY STREET NEW YORK NY 10002,10002
150 DELANCEY STREET NEW YORK NY 10002,10002
100 CLINTON STREET NEW YORK NY 10002,10002
98 CLINTON STREET NEW YORK NY 10002,10002
90 CLINTON STREET NEW YORK NY 10002,10002
88 CLINTON STREET NEW YORK NY 10002,10002
86 CLINTON STREET NEW YORK NY 10002,10002
84 CLINTON STREET NEW YORK NY 10002,10002
80 CLINTON STREET NEW YORK NY 10002,10002
78 CLINTON STREET NEW YORK NY 10002,10002
165 RIVINGTON STREET NEW YORK NY 10002,10002
173 RIVINGTON STREET NEW YORK NY 10002,10002
177 RIVINGTON STREET NEW YORK NY 10002,10002
179 RIVINGTON STREET NEW YORK NY 10002,10002
91 ATTORNEY STREET NEW YORK NY 10002,10002
87 ATTORNEY STREET NEW YORK NY 10002,10002
85 ATTORNEY STREET NEW YORK NY 10002,10002
178 DELANCEY STREET NEW YORK NY 10002,10002
176 DELANCEY STREET NEW YORK NY 10002,10002
174 DELANCEY STREET NEW YORK NY 10002,10002
172 DELANCEY STREET NEW YORK NY 10002,10002
170 DELANCEY STREET NEW YORK NY 10002,10002
168 DELANCEY STREET NEW YORK NY 10002,10002
168 1/2 DELANCEY STREET NEW YORK NY 10002,10002
166 DELANCEY STREET NEW YORK NY 10002,10002
153 STANTON STREET NEW YORK NY 10002,10002
157 STANTON STREET NEW YORK NY 10002,10002
159 STANTON STREET NEW YORK NY 10002,10002
161 STANTON STREET NEW YORK NY 10002,10002
163 STANTON STREET NEW YORK NY 10002,10002
165 STANTON STREET NEW YORK NY 10002,10002
43 CLINTON STREET NEW YORK NY 10002,10002
45 CLINTON STREET NEW YORK NY 10002,10002
47 CLINTON STREET NEW YORK NY 10002,10002
49 CLINTON STREET NEW YORK NY 10002,10002
55 CLINTON STREET NEW YORK NY 10002,10002
57 CLINTON STREET NEW YORK NY 10002,10002
61 CLINTON STREET NEW YORK NY 10002,10002
63 CLINTON STREET NEW YORK NY 10002,10002
69 CLINTON STREET NEW YORK NY 10002,10002
160 RIVINGTON STREET NEW YORK NY 10002,10002
158 RIVINGTON STREET NEW YORK NY 10002,10002
156 RIVINGTON STREET NEW YORK NY 10002,10002
130 SUFFOLK STREET NEW YORK NY 10002,10002
67 CLINTON STREET NEW YORK NY 10002,10002
150 RIVINGTON STREET NEW YORK NY 10002,10002
166 SUFFOLK STREET NEW YORK NY 10002,10002
168 SUFFOLK STREET NEW YORK NY 10002,10002
170 SUFFOLK STREET NEW YORK NY 10002,10002
SUFFOLK STREET NEW YORK NY 10002,10002
176 SUFFOLK STREET NEW YORK NY 10002,10002
178 SUFFOLK STREET NEW YORK NY 10002,10002
180 SUFFOLK STREET NEW YORK NY 10002,10002
271 EAST HOUSTON STREET NEW YORK NY 10002,10002
273 EAST HOUSTON STREET NEW YORK NY 10002,10002
279 EAST HOUSTON STREET NEW YORK NY 10002,10002
283 EAST HOUSTON STREET NEW YORK NY 10002,10002
293 EAST HOUSTON STREET NEW YORK NY 10002,10002
9 CLINTON STREET NEW YORK NY 10002,10002
13 CLINTON STREET NEW YORK NY 10002,10002
17 CLINTON STREET NEW YORK NY 10002,10002
19 CLINTON STREET NEW YORK NY 10002,10002
23 CLINTON STREET NEW YORK NY 10002,10002
25 CLINTON STREET NEW YORK NY 10002,10002
168 STANTON STREET NEW YORK NY 10002,10002
164 STANTON STREET NEW YORK NY 10002,10002
162 STANTON STREET NEW YORK NY 10002,10002
160 STANTON STREET NEW YORK NY 10002,10002
158 STANTON STREET NEW YORK NY 10002,10002
156 STANTON STREET NEW YORK NY 10002,10002
154 STANTON STREET NEW YORK NY 10002,10002
30 CLINTON STREET NEW YORK NY 10002,10002
26 CLINTON STREET NEW YORK NY 10002,10002
16 CLINTON STREET NEW YORK NY 10002,10002
10 CLINTON STREET NEW YORK NY 10002,10002
6 CLINTON STREET NEW YORK NY 10002,10002
299 EAST HOUSTON STREET NEW YORK NY 10002,10002
301 EAST HOUSTON STREET NEW YORK NY 10002,10002
303 EAST HOUSTON STREET NEW YORK NY 10002,10002
305 EAST HOUSTON STREET NEW YORK NY 10002,10002
309 EAST HOUSTON STREET NEW YORK NY 10002,10002
313 EAST HOUSTON STREET NEW YORK NY 10002,10002
315 EAST HOUSTON STREET NEW YORK NY 10002,10002
317 EAST HOUSTON STREET NEW YORK NY 10002,10002
173 ATTORNEY STREET NEW YORK NY 10002,10002
171 ATTORNEY STREET NEW YORK NY 10002,10002
165 ATTORNEY STREET NEW YORK NY 10002,10002
163 ATTORNEY STREET NEW YORK NY 10002,10002
161 ATTORNEY STREET NEW YORK NY 10002,10002
155 ATTORNEY STREET NEW YORK NY 10002,10002
153 ATTORNEY STREET NEW YORK NY 10002,10002
147 ATTORNEY STREET NEW YORK NY 10002,10002
184 STANTON STREET NEW YORK NY 10002,10002
182 STANTON STREET NEW YORK NY 10002,10002
180 STANTON STREET NEW YORK NY 10002,10002
178 STANTON STREET NEW YORK NY 10002,10002
176 STANTON STREET NEW YORK NY 10002,10002
20 CLINTON STREET NEW YORK NY 10002,10002
32 CLINTON STREET NEW YORK NY 10002,10002
287 EAST HOUSTON STREET NEW YORK NY 10002,10002
14 CLINTON STREET NEW YORK NY 10002,10002
62 ESSEX STREET NEW YORK NY 10002,10002
125 DELANCEY STREET NEW YORK NY 10002,10002
121 RIVINGTON STREET NEW YORK NY 10002,10002
125 RIVINGTON STREET NEW YORK NY 10002,10002
127 RIVINGTON STREET NEW YORK NY 10002,10002
129 RIVINGTON STREET NEW YORK NY 10002,10002
121 NORFOLK STREET NEW YORK NY 10002,10002
111 NORFOLK STREET NEW YORK NY 10002,10002
107 NORFOLK STREET NEW YORK NY 10002,10002
126 DELANCEY STREET NEW YORK NY 10002,10002
124 DELANCEY STREET NEW YORK NY 10002,10002
122 DELANCEY STREET NEW YORK NY 10002,10002
116 DELANCEY STREET NEW YORK NY 10002,10002
102 NORFOLK STREET NEW YORK NY 10002,10002
106 NORFOLK STREET NEW YORK NY 10002,10002
108 NORFOLK STREET NEW YORK NY 10002,10002
107 SUFFOLK STREET NEW YORK NY 10002,10002
131 RIVINGTON STREET NEW YORK NY 10002,10002
135 RIVINGTON STREET NEW YORK NY 10002,10002
137 RIVINGTON STREET NEW YORK NY 10002,10002
99 SUFFOLK STREET NEW YORK NY 10002,10002
140 DELANCEY STREET NEW YORK NY 10002,10002
138 DELANCEY STREET NEW YORK NY 10002,10002
136 DELANCEY STREET NEW YORK NY 10002,10002
134 DELANCEY STREET NEW YORK NY 10002,10002
134 DELANCEY STREET NEW YORK NY 10002,10002
103 NORFOLK STREET NEW YORK NY 10002,10002
109 NORFOLK STREET NEW YORK NY 10002,10002
115 NORFOLK STREET NEW YORK NY 10002,10002
100 NORFOLK STREET NEW YORK NY 10002,10002
121 STANTON STREET NEW YORK NY 10002,10002
125 STANTON STREET NEW YORK NY 10002,10002
127 STANTON STREET NEW YORK NY 10002,10002
STANTON STREET NEW YORK NY 10002,10002
NORFOLK STREET NEW YORK NY 10002,10002
NORFOLK STREET NEW YORK NY 10002,10002
153 NORFOLK STREET NEW YORK NY 10002,10002
151 NORFOLK STREET NEW YORK NY 10002,10002
141 NORFOLK STREET NEW YORK NY 10002,10002
139 NORFOLK STREET NEW YORK NY 10002,10002
137 NORFOLK STREET NEW YORK NY 10002,10002
135 NORFOLK STREET NEW YORK NY 10002,10002
128 RIVINGTON STREET NEW YORK NY 10002,10002
126 RIVINGTON STREET NEW YORK NY 10002,10002
122 RIVINGTON STREET NEW YORK NY 10002,10002
120 RIVINGTON STREET NEW YORK NY 10002,10002
118 RIVINGTON STREET NEW YORK NY 10002,10002
145 STANTON STREET NEW YORK NY 10002,10002
146 ESSEX STREET NEW YORK NY 10002,10002
133 NORFOLK STREET NEW YORK NY 10002,10002
140 ESSEX STREET NEW YORK NY 10002,10002
126 STANTON STREET NEW YORK NY 10002,10002
164 ESSEX STREET NEW YORK NY 10002,10002
166 NORFOLK STREET NEW YORK NY 10002,10002
168 NORFOLK STREET NEW YORK NY 10002,10002
170 NORFOLK STREET NEW YORK NY 10002,10002
172 NORFOLK STREET NEW YORK NY 10002,10002
178 NORFOLK STREET NEW YORK NY 10002,10002
182 NORFOLK STREET NEW YORK NY 10002,10002
184 NORFOLK STREET NEW YORK NY 10002,10002
188 NORFOLK STREET NEW YORK NY 10002,10002
245 EAST HOUSTON STREET NEW YORK NY 10002,10002
249 EAST HOUSTON STREET NEW YORK NY 10002,10002
251 EAST HOUSTON STREET NEW YORK NY 10002,10002
253 EAST HOUSTON STREET NEW YORK NY 10002,10002
255 EAST HOUSTON STREET NEW YORK NY 10002,10002
169 SUFFOLK STREET NEW YORK NY 10002,10002
167 SUFFOLK STREET NEW YORK NY 10002,10002
161 SUFFOLK STREET NEW YORK NY 10002,10002
157 SUFFOLK STREET NEW YORK NY 10002,10002
155 SUFFOLK STREET NEW YORK NY 10002,10002
153 SUFFOLK STREET NEW YORK NY 10002,10002
150 STANTON STREET NEW YORK NY 10002,10002
148 STANTON STREET NEW YORK NY 10002,10002
146 STANTON STREET NEW YORK NY 10002,10002
144 STANTON STREET NEW YORK NY 10002,10002
142 STANTON STREET NEW YORK NY 10002,10002
138 STANTON STREET NEW YORK NY 10002,10002
152 STANTON STREET NEW YORK NY 10002,10002
265 EAST HOUSTON STREET NEW YORK NY 10002,10002
10 AVENUE D NEW YORK NY 10009,10009
AVENUE D NEW YORK NY 10009,10009
446 AVENUE D NEW YORK NY 10009,10009
134 AVENUE D NEW YORK NY 10009,10009
132 AVENUE D NEW YORK NY 10009,10009
152 AVENUE D NEW YORK NY 10009,10009
184 AVENUE D NEW YORK NY 10009,10009
AVENUE D NEW YORK NY 10009,10009
10 AVENUE C NEW YORK NY 10009,10009
14 AVENUE C NEW YORK NY 10009,10009
18 AVENUE C NEW YORK NY 10009,10009
20 AVENUE C NEW YORK NY 10009,10009
22 AVENUE C NEW YORK NY 10009,10009
24 AVENUE C NEW YORK NY 10009,10009
270 EAST 3 STREET NEW YORK NY 10009,10009
272 EAST 3 STREET NEW YORK NY 10009,10009
274 EAST 3 STREET NEW YORK NY 10009,10009
276 EAST 3 STREET NEW YORK NY 10009,10009
278 EAST 3 STREET NEW YORK NY 10009,10009
282 EAST 3 STREET NEW YORK NY 10009,10009
286 EAST 3 STREET NEW YORK NY 10009,10009
288 EAST 3 STREET NEW YORK NY 10009,10009
290 EAST 3 STREET NEW YORK NY 10009,10009
292 EAST 3 STREET NEW YORK NY 10009,10009
298 EAST 3 STREET NEW YORK NY 10009,10009
300 EAST 3 STREET NEW YORK NY 10009,10009
302 EAST 3 STREET NEW YORK NY 10009,10009
306 EAST 3 STREET NEW YORK NY 10009,10009
314 EAST 3 STREET NEW YORK NY 10009,10009
316 EAST 3 STREET NEW YORK NY 10009,10009
320 EAST 3 STREET NEW YORK NY 10009,10009
322 EAST 3 STREET NEW YORK NY 10009,10009
19 AVENUE D NEW YORK NY 10009,10009
17 AVENUE D NEW YORK NY 10009,10009
15 AVENUE D NEW YORK NY 10009,10009
11 AVENUE D NEW YORK NY 10009,10009
310 EAST 2 STREET NEW YORK NY 10009,10009
300 EAST 2 STREET NEW YORK NY 10009,10009
290 EAST 2 STREET NEW YORK NY 10009,10009
286 EAST 2 STREET NEW YORK NY 10009,10009
280 EAST 2 STREET NEW YORK NY 10009,10009
270 EAST 2 STREET NEW YORK NY 10009,10009
264 EAST 2 STREET NEW YORK NY 10009,10009
296 EAST 2 STREET NEW YORK NY 10009,10009
298 EAST 2ND STREET NEW YORK NY 10009,10009
302 EAST 2ND STREET NEW YORK NY 10009,10009
40 AVENUE C NEW YORK NY 10009,10009
42 AVENUE C NEW YORK NY 10009,10009
310 EAST 4 STREET NEW YORK NY 10009,10009
EAST 4 STREET NEW YORK NY 10009,10009
EAST 4 STREET NEW YORK NY 10009,10009
EAST 4 STREET NEW YORK NY 10009,10009
320 EAST 4 STREET NEW YORK NY 10009,10009
322 EAST 4 STREET NEW YORK NY 10009,10009
326 EAST 4 STREET NEW YORK NY 10009,10009
328 EAST 4 STREET NEW YORK NY 10009,10009
330 EAST 4 STREET NEW YORK NY 10009,10009
332 EAST 4 STREET NEW YORK NY 10009,10009
336 EAST 4 STREET NEW YORK NY 10009,10009
340 EAST 4 STREET NEW YORK NY 10009,10009
346 EAST 4 STREET NEW YORK NY 10009,10009
EAST 4 STREET NEW YORK NY 10009,10009
356 EAST 4 STREET NEW YORK NY 10009,10009
37 AVENUE D NEW YORK NY 10009,10009
35 AVENUE D NEW YORK NY 10009,10009
25 AVENUE D NEW YORK NY 10009,10009
327 EAST 3 STREET NEW YORK NY 10009,10009
321 EAST 3 STREET NEW YORK NY 10009,10009
317 EAST 3 STREET NEW YORK NY 10009,10009
311 EAST 3 STREET NEW YORK NY 10009,10009
299 EAST 3 STREET NEW YORK NY 10009,10009
297 EAST 3 STREET NEW YORK NY 10009,10009
EAST 3 STREET NEW YORK NY 10009,10009
EAST 3 STREET NEW YORK NY 10009,10009
291 EAST 3 STREET NEW YORK NY 10009,10009
289 EAST 3 STREET NEW YORK NY 10009,10009
287 EAST 3 STREET NEW YORK NY 10009,10009
285 EAST 3 STREET NEW YORK NY 10009,10009
279 EAST 3 STREET NEW YORK NY 10009,10009
38 AVENUE C NEW YORK NY 10009,10009
324 EAST 4 STREET NEW YORK NY 10009,10009
54 AVENUE C NEW YORK NY 10009,10009
56 AVENUE C NEW YORK NY 10009,10009
58 AVENUE C NEW YORK NY 10009,10009
60 AVENUE C NEW YORK NY 10009,10009
64 AVENUE C NEW YORK NY 10009,10009
702 EAST 5 STREET NEW YORK NY 10009,10009
EAST 5 STREET NEW YORK NY 10009,10009
706 EAST 5 STREET NEW YORK NY 10009,10009
EAST 5 STREET NEW YORK NY 10009,10009
EAST 5 STREET NEW YORK NY 10009,10009
EAST 5 STREET NEW YORK NY 10009,10009
EAST 5 STREET NEW YORK NY 10009,10009
EAST 5 STREET NEW YORK NY 10009,10009
EAST 5 STREET NEW YORK NY 10009,10009
724 EAST 5 STREET NEW YORK NY 10009,10009
734 EAST 5 STREET NEW YORK NY 10009,10009
EAST 5 STREET NEW YORK NY 10009,10009
EAST 5 STREET NEW YORK NY 10009,10009
55 AVENUE D NEW YORK NY 10009,10009
53 AVENUE D NEW YORK NY 10009,10009
45 AVENUE D NEW YORK NY 10009,10009
41 AVENUE D NEW YORK NY 10009,10009
353 EAST 4 STREET NEW YORK NY 10009,10009
347 EAST 4 STREET NEW YORK NY 10009,10009
345 EAST 4 STREET NEW YORK NY 10009,10009
EAST 4 STREET NEW YORK NY 10009,10009
EAST 4 STREET NEW YORK NY 10009,10009
EAST 4 STREET NEW YORK NY 10009,10009
EAST 4 STREET NEW YORK NY 10009,10009
307 EAST 4 STREET NEW YORK NY 10009,10009
305 EAST 4 STREET NEW YORK NY 10009,10009
62 AVE C NEW YORK NY 10009,10009
72 AVENUE C NEW YORK NY 10009,10009
738 EAST 6 STREET NEW YORK NY 10009,10009
740 EAST 6 STREET NEW YORK NY 10009,10009
742 EAST 6 STREET NEW YORK NY 10009,10009
746 EAST 6 STREET NEW YORK NY 10009,10009
748 EAST 6 STREET NEW YORK NY 10009,10009
750 EAST 6 STREET NEW YORK NY 10009,10009
752 EAST 6 STREET NEW YORK NY 10009,10009
67 AVENUE D NEW YORK NY 10009,10009
65 AVENUE D NEW YORK NY 10009,10009
63 AVENUE D NEW YORK NY 10009,10009
721 EAST 5 STREET NEW YORK NY 10009,10009
717 EAST 5 STREET NEW YORK NY 10009,10009
715 EAST 5 STREET NEW YORK NY 10009,10009
709 EAST 5 STREET NEW YORK NY 10009,10009
754 EAST 6 STREET NEW YORK NY 10009,10009
753 EAST 5 STREET NEW YORK NY 10009,10009
AVENUE C NEW YORK NY 10009,10009
94 AVENUE C NEW YORK NY 10009,10009
96 AVENUE C NEW YORK NY 10009,10009
98 AVENUE C NEW YORK NY 10009,10009
102 AVENUE C NEW YORK NY 10009,10009
234 EAST 7 STREET NEW YORK NY 10009,10009
236 EAST 7 STREET NEW YORK NY 10009,10009
238 EAST 7 STREET NEW YORK NY 10009,10009
242 EAST 7 STREET NEW YORK NY 10009,10009
246 EAST 7 STREET NEW YORK NY 10009,10009
248 EAST 7 STREET NEW YORK NY 10009,10009
250 EAST 7 STREET NEW YORK NY 10009,10009
254 EAST 7 STREET NEW YORK NY 10009,10009
258 EAST 7 STREET NEW YORK NY 10009,10009
260 EAST 7 STREET NEW YORK NY 10009,10009
262 EAST 7 STREET NEW YORK NY 10009,10009
264 EAST 7 STREET NEW YORK NY 10009,10009
266 EAST 7 STREET NEW YORK NY 10009,10009
268 EAST 7 STREET NEW YORK NY 10009,10009
270 EAST 7 STREET NEW YORK NY 10009,10009
272 EAST 7 STREET NEW YORK NY 10009,10009
274 EAST 7 STREET NEW YORK NY 10009,10009
276 EAST 7 STREET NEW YORK NY 10009,10009
91 AVENUE D NEW YORK NY 10009,10009
77 AVENUE D NEW YORK NY 10009,10009
745 EAST 6 STREET NEW YORK NY 10009,10009
743 EAST 6 STREET NEW YORK NY 10009,10009
725 EAST 6 STREET NEW YORK NY 10009,10009
721 EAST 6 STREET NEW YORK NY 10009,10009
719 EAST 6 STREET NEW YORK NY 10009,10009
709 EAST 6 STREET NEW YORK NY 10009,10009
703 EAST 6 STREET NEW YORK NY 10009,10009
701 EAST 6 STREET NEW YORK NY 10009,10009
280 EAST 7 STREET NEW YORK NY 10009,10009
79 AVENUE D NEW YORK NY 10009,10009
110 AVENUE C NEW YORK NY 10009,10009
112 AVENUE C NEW YORK NY 10009,10009
118 AVENUE C NEW YORK NY 10009,10009
120 AVENUE C NEW YORK NY 10009,10009
122 AVENUE C NEW YORK NY 10009,10009
124 AVENUE C NEW YORK NY 10009,10009
354 EAST 8 STREET NEW YORK NY 10009,10009
356 EAST 8 STREET NEW YORK NY 10009,10009
EAST 8 STREET NEW YORK NY 10009,10009
EAST 8 STREET NEW YORK NY 10009,10009
368 EAST 8 STREET NEW YORK NY 10009,10009
EAST 8 STREET NEW YORK NY 10009,10009
EAST 8 STREET NEW YORK NY 10009,10009
EAST 8 STREET NEW YORK NY 10009,10009
EAST 8 STREET NEW YORK NY 10009,10009
EAST 8 STREET NEW YORK NY 10009,10009
390 EAST 8 STREET NEW YORK NY 10009,10009
394 EAST 8 STREET NEW YORK NY 10009,10009
107 AVENUE D NEW YORK NY 10009,10009
93 AVENUE D NEW YORK NY 10009,10009
275 EAST 7 STREET NEW YORK NY 10009,10009
273 EAST 7 STREET NEW YORK NY 10009,10009
271 EAST 7 STREET NEW YORK NY 10009,10009
269 EAST 7 STREET NEW YORK NY 10009,10009
267 EAST 7 STREET NEW YORK NY 10009,10009
265 EAST 7 STREET NEW YORK NY 10009,10009
263 EAST 7 STREET NEW YORK NY 10009,10009
257 EAST 7 STREET NEW YORK NY 10009,10009
255 EAST 7 STREET NEW YORK NY 10009,10009
249 EAST 7 STREET NEW YORK NY 10009,10009
247 EAST 7 STREET NEW YORK NY 10009,10009
245 EAST 7 STREET NEW YORK NY 10009,10009
243 EAST 7 STREET NEW YORK NY 10009,10009
241 EAST 7 STREET NEW YORK NY 10009,10009
239 EAST 7 STREET NEW YORK NY 10009,10009
237 EAST 7 STREET NEW YORK NY 10009,10009
235 EAST 7 STREET NEW YORK NY 10009,10009
EAST 7 STREET NEW YORK NY 10009,10009
106 AVENUE C NEW YORK NY 10009,10009
366 EAST 8 STREET NEW YORK NY 10009,10009
259 EAST 7 STREET NEW YORK NY 10009,10009
101 AVENUE D NEW YORK NY 10009,10009
277 EAST 7 STREET NEW YORK NY 10009,10009
253 EAST 7TH STREET NEW YORK NY 10009,10009
126 AVENUE C NEW YORK NY 10009,10009
134 AVENUE C NEW YORK NY 10009,10009
140 AVENUE C NEW YORK NY 10009,10009
710 EAST 9 STREET NEW YORK NY 10009,10009
720 EAST 9 STREET NEW YORK NY 10009,10009
742 EAST 9 STREET NEW YORK NY 10009,10009
744 EAST 9 STREET NEW YORK NY 10009,10009
746 EAST 9 STREET NEW YORK NY 10009,10009
129 AVENUE D NEW YORK NY 10009,10009
127 AVENUE D NEW YORK NY 10009,10009
125 AVENUE D NEW YORK NY 10009,10009
123 AVENUE D NEW YORK NY 10009,10009
119 AVENUE D NEW YORK NY 10009,10009
115 AVENUE D NEW YORK NY 10009,10009
393 EAST 8 STREET NEW YORK NY 10009,10009
399 EAST 8 STREET NEW YORK NY 10009,10009
AVENUE C NEW YORK NY 10009,10009
AVENUE C NEW YORK NY 10009,10009
AVENUE C NEW YORK NY 10009,10009
AVENUE C NEW YORK NY 10009,10009
152 AVENUE C NEW YORK NY 10009,10009
154 AVENUE C NEW YORK NY 10009,10009
156 AVENUE C NEW YORK NY 10009,10009
158 AVENUE C NEW YORK NY 10009,10009
400 EAST 10 STREET NEW YORK NY 10009,10009
402 EAST 10 STREET NEW YORK NY 10009,10009
404 EAST 10 STREET NEW YORK NY 10009,10009
406 EAST 10 STREET NEW YORK NY 10009,10009
410 EAST 10 STREET NEW YORK NY 10009,10009
412 EAST 10 STREET NEW YORK NY 10009,10009
416 EAST 10 STREET NEW YORK NY 10009,10009
420 EAST 10 STREET NEW YORK NY 10009,10009
422 EAST 10 STREET NEW YORK NY 10009,10009
424 EAST 10 STREET NEW YORK NY 10009,10009
428 EAST 10 STREET NEW YORK NY 10009,10009
434 EAST 10 STREET NEW YORK NY 10009,10009
436 EAST 10 STREET NEW YORK NY 10009,10009
143 AVENUE D NEW YORK NY 10009,10009
141 AVENUE D NEW YORK NY 10009,10009
133 AVENUE D NEW YORK NY 10009,10009
131 AVENUE D NEW YORK NY 10009,10009
741 EAST 9 STREET NEW YORK NY 10009,10009
735 EAST 9 STREET NEW YORK NY 10009,10009
733 EAST 9 STREET NEW YORK NY 10009,10009
725 EAST 9 STREET NEW YORK NY 10009,10009
717 EAST 9 STREET NEW YORK NY 10009,10009
713 EAST 9 STREET NEW YORK NY 10009,10009
709 EAST 9 STREET NEW YORK NY 10009,10009
EAST 9 STREET NEW YORK NY 10009,10009
EAST 9 STREET NEW YORK NY 10009,10009
149 EAST 10 STREET NEW YORK NY 10009,10009
730 EAST 12 STREET NEW YORK NY 10009,10009
188 AVENUE C NEW YORK NY 10009,10009
733 EAST 12TH STREET NEW YORK NY 10009,10009
181 AVENUE D NEW YORK NY 10009,10009
162 AVENUE C NEW YORK NY 10009,10009
214 AVENUE C NEW YORK NY 10009,10009
9 AVENUE B NEW YORK NY 10009,10009
11 AVENUE B NEW YORK NY 10009,10009
13 AVENUE B NEW YORK NY 10009,10009
219 EAST 2 STREET NEW YORK NY 10009,10009
221 EAST 2 STREET NEW YORK NY 10009,10009
223 EAST 2 STREET NEW YORK NY 10009,10009
225 EAST 2 STREET NEW YORK NY 10009,10009
227 EAST 2 STREET NEW YORK NY 10009,10009
EAST 2 STREET NEW YORK NY 10009,10009
237 EAST 2 STREET NEW YORK NY 10009,10009
239 EAST 2 STREET NEW YORK NY 10009,10009
241 EAST 2 STREET NEW YORK NY 10009,10009
243 EAST 2 STREET NEW YORK NY 10009,10009
245 EAST 2 STREET NEW YORK NY 10009,10009
EAST 2 STREET NEW YORK NY 10009,10009
249 EAST 2 STREET NEW YORK NY 10009,10009
11 AVENUE C NEW YORK NY 10009,10009
EAST HOUSTON STREET NEW YORK NY 10009,10009
235 EAST 2 STREET NEW YORK NY 10009,10009
211 EAST 2 STREET NEW YORK NY 10009,10009
310 EAST HOUSTON STREET NEW YORK NY 10009,10009
209 EAST 2 STREET NEW YORK NY 10009,10009
229 EAST 2 STREET NEW YORK NY 10009,10009
19 AVENUE B NEW YORK NY 10009,10009
21 AVENUE B NEW YORK NY 10009,10009
23 AVENUE B NEW YORK NY 10009,10009
25 AVENUE B NEW YORK NY 10009,10009
27 AVENUE B NEW YORK NY 10009,10009
212 EAST 3 STREET NEW YORK NY 10009,10009
222 EAST 3 STREET NEW YORK NY 10009,10009
226 EAST 3 STREET NEW YORK NY 10009,10009
228 EAST 3 STREET NEW YORK NY 10009,10009
234 EAST 3 STREET NEW YORK NY 10009,10009
236 EAST 3 STREET NEW YORK NY 10009,10009
238 EAST 3 STREET NEW YORK NY 10009,10009
242 EAST 3 STREET NEW YORK NY 10009,10009
244 EAST 3 STREET NEW YORK NY 10009,10009
248 EAST 3 STREET NEW YORK NY 10009,10009
250 EAST 3 STREET NEW YORK NY 10009,10009
31 AVENUE C NEW YORK NY 10009,10009
29 AVENUE C NEW YORK NY 10009,10009
27 AVENUE C NEW YORK NY 10009,10009
25 AVENUE C NEW YORK NY 10009,10009
21 AVENUE C NEW YORK NY 10009,10009
19 AVENUE C NEW YORK NY 10009,10009
15 AVENUE C NEW YORK NY 10009,10009
248 EAST 2 STREET NEW YORK NY 10009,10009
242 EAST 2 STREET NEW YORK NY 10009,10009
240 EAST 2 STREET NEW YORK NY 10009,10009
238 EAST 2 STREET NEW YORK NY 10009,10009
236 EAST 2 STREET NEW YORK NY 10009,10009
234 EAST 2 STREET NEW YORK NY 10009,10009
232 EAST 2 STREET NEW YORK NY 10009,10009
230 EAST 2 STREET NEW YORK NY 10009,10009
228 EAST 2 STREET NEW YORK NY 10009,10009
222 EAST 2 STREET NEW YORK NY 10009,10009
218 EAST 2 STREET NEW YORK NY 10009,10009
214 EAST 2 STREET NEW YORK NY 10009,10009
254 EAST 2 STREET NEW YORK NY 10009,10009
37 AVENUE B NEW YORK NY 10009,10009
41 AVENUE B NEW YORK NY 10009,10009
45 AVENUE B NEW YORK NY 10009,10009
49 AVENUE B NEW YORK NY 10009,10009
51 AVENUE B NEW YORK NY 10009,10009
53 AVENUE B NEW YORK NY 10009,10009
250 EAST 4 STREET NEW YORK NY 10009,10009
256 EAST 4 STREET NEW YORK NY 10009,10009
258 EAST 4 STREET NEW YORK NY 10009,10009
268 EAST 4 STREET NEW YORK NY 10009,10009
270 EAST 4 STREET NEW YORK NY 10009,10009
272 EAST 4 STREET NEW YORK NY 10009,10009
274 EAST 4 STREET NEW YORK NY 10009,10009
300 EAST 4 STREET NEW YORK NY 10009,10009
43 AVENUE C NEW YORK NY 10009,10009
237 EAST 3 STREET NEW YORK NY 10009,10009
233 EAST 3 STREET NEW YORK NY 10009,10009
231 EAST 3 STREET NEW YORK NY 10009,10009
229 EAST 3 STREET NEW YORK NY 10009,10009
223 EAST 3 STREET NEW YORK NY 10009,10009
221 EAST 3 STREET NEW YORK NY 10009,10009
219 EAST 3 STREET NEW YORK NY 10009,10009
217 EAST 3 STREET NEW YORK NY 10009,10009
215 EAST 3 STREET NEW YORK NY 10009,10009
211 EAST 3 STREET NEW YORK NY 10009,10009
55 AVENUE B NEW YORK NY 10009,10009
610 EAST 5 STREET NEW YORK NY 10009,10009
620 EAST 5 STREET NEW YORK NY 10009,10009
620 EAST 5 STREET NEW YORK NY 10009,10009
69 AVENUE C NEW YORK NY 10009,10009
65 AVENUE C NEW YORK NY 10009,10009
55 AVENUE C NEW YORK NY 10009,10009
53 AVENUE C NEW YORK NY 10009,10009
291 EAST 4 STREET NEW YORK NY 10009,10009
289 EAST 4 STREET NEW YORK NY 10009,10009
287 EAST 4 STREET NEW YORK NY 10009,10009
283 EAST 4 STREET NEW YORK NY 10009,10009
EAST 4 STREET NEW YORK NY 10009,10009
279 EAST 4 STREET NEW YORK NY 10009,10009
277 EAST 4 STREET NEW YORK NY 10009,10009
271 EAST 4 STREET NEW YORK NY 10009,10009
620 EAST 6 STREET NEW YORK NY 10009,10009
EAST 6 STREET NEW YORK NY 10009,10009
EAST 6 STREET NEW YORK NY 10009,10009
630 EAST 6 STREET NEW YORK NY 10009,10009
636 EAST 6 STREET NEW YORK NY 10009,10009
638 EAST 6 STREET NEW YORK NY 10009,10009
640 EAST 6 STREET NEW YORK NY 10009,10009
644 EAST 6 STREET NEW YORK NY 10009,10009
79 AVENUE C NEW YORK NY 10009,10009
77 AVENUE C NEW YORK NY 10009,10009
73 AVENUE C NEW YORK NY 10009,10009
653 EAST 5 STREET NEW YORK NY 10009,10009
637 EAST 5 STREET NEW YORK NY 10009,10009
629 EAST 5 STREET NEW YORK NY 10009,10009
EAST 5 STREET NEW YORK NY 10009,10009
619 EAST 5 STREET NEW YORK NY 10009,10009
67 AVENUE C NEW YORK NY 10009,10009
650 EAST 6TH STREET NEW YORK NY 10009,10009
93 AVENUE B NEW YORK NY 10009,10009
95 AVENUE B NEW YORK NY 10009,10009
103 AVENUE B NEW YORK NY 10009,10009
105 AVENUE B NEW YORK NY 10009,10009
184 EAST 7 STREET NEW YORK NY 10009,10009
190 EAST 7 STREET NEW YORK NY 10009,10009
EAST 7 STREET NEW YORK NY 10009,10009
198 EAST 7 STREET NEW YORK NY 10009,10009
200 EAST 7 STREET NEW YORK NY 10009,10009
202 EAST 7 STREET NEW YORK NY 10009,10009
204 EAST 7 STREET NEW YORK NY 10009,10009
206 EAST 7 STREET NEW YORK NY 10009,10009
208 EAST 7 STREET NEW YORK NY 10009,10009
212 EAST 7 STREET NEW YORK NY 10009,10009
216 EAST 7 STREET NEW YORK NY 10009,10009
218 EAST 7 STREET NEW YORK NY 10009,10009
220 EAST 7 STREET NEW YORK NY 10009,10009
222 EAST 7 STREET NEW YORK NY 10009,10009
224 EAST 7 STREET NEW YORK NY 10009,10009
105 AVENUE C NEW YORK NY 10009,10009
99 AVENUE C NEW YORK NY 10009,10009
645 EAST 6 STREET NEW YORK NY 10009,10009
643 EAST 6 STREET NEW YORK NY 10009,10009
EAST 6 STREET NEW YORK NY 10009,10009
639 EAST 6 STREET NEW YORK NY 10009,10009
637 EAST 6 STREET NEW YORK NY 10009,10009
635 EAST 6 STREET NEW YORK NY 10009,10009
633 EAST 6 STREET NEW YORK NY 10009,10009
631 EAST 6 STREET NEW YORK NY 10009,10009
629 EAST 6 STREET NEW YORK NY 10009,10009
627 EAST 6 STREET NEW YORK NY 10009,10009
625 EAST 6 STREET NEW YORK NY 10009,10009
623 EAST 6 STREET NEW YORK NY 10009,10009
621 EAST 6 STREET NEW YORK NY 10009,10009
617 EAST 6 STREET NEW YORK NY 10009,10009
615 EAST 6 STREET NEW YORK NY 10009,10009
613 EAST 6 STREET NEW YORK NY 10009,10009
611 EAST 6 STREET NEW YORK NY 10009,10009
97 AVENUE B NEW YORK NY 10009,10009
619 EAST 6TH STREET NEW YORK NY 10009,10009
185 EAST 7 STREET NEW YORK NY 10009,10009
121 AVENUE B NEW YORK NY 10009,10009
304 EAST 8 STREET NEW YORK NY 10009,10009
308 EAST 8 STREET NEW YORK NY 10009,10009
324 EAST 8 STREET NEW YORK NY 10009,10009
330 EAST 8 STREET NEW YORK NY 10009,10009
334 EAST 8 STREET NEW YORK NY 10009,10009
115 AVENUE C NEW YORK NY 10009,10009
113 AVENUE C NEW YORK NY 10009,10009
111 AVENUE C NEW YORK NY 10009,10009
107 AVENUE C NEW YORK NY 10009,10009
219 EAST 7 STREET NEW YORK NY 10009,10009
215 EAST 7 STREET NEW YORK NY 10009,10009
209 EAST 7 STREET NEW YORK NY 10009,10009
207 EAST 7 STREET NEW YORK NY 10009,10009
203 EAST 7 STREET NEW YORK NY 10009,10009
199 EAST 7 STREET NEW YORK NY 10009,10009
197 EAST 7 STREET NEW YORK NY 10009,10009
195 EAST 7 STREET NEW YORK NY 10009,10009
193 EAST 7 STREET NEW YORK NY 10009,10009
191 EAST 7 STREET NEW YORK NY 10009,10009
189 EAST 7 STREET NEW YORK NY 10009,10009
187 EAST 7 STREET NEW YORK NY 10009,10009
119 AVENUE B NEW YORK NY 10009,10009
217 EAST 7 STREET NEW YORK NY 10009,10009
338 EAST 8 STREET NEW YORK NY 10009,10009
227 EAST 7 STREET NEW YORK NY 10009,10009
131 AVENUE B NEW YORK NY 10009,10009
137 AVENUE B NEW YORK NY 10009,10009
602 EAST 9 STREET NEW YORK NY 10009,10009
604 EAST 9 STREET NEW YORK NY 10009,10009
606 EAST 9 STREET NEW YORK NY 10009,10009
608 EAST 9 STREET NEW YORK NY 10009,10009
610 EAST 9 STREET NEW YORK NY 10009,10009
612 EAST 9 STREET NEW YORK NY 10009,10009
614 EAST 9 STREET NEW YORK NY 10009,10009
624 EAST 9 STREET NEW YORK NY 10009,10009
626 EAST 9 STREET NEW YORK NY 10009,10009
628 EAST 9 STREET NEW YORK NY 10009,10009
630 EAST 9 STREET NEW YORK NY 10009,10009
EAST 9 STREET NEW YORK NY 10009,10009
EAST 9 STREET NEW YORK NY 10009,10009
143 AVENUE C NEW YORK NY 10009,10009
137 AVENUE C NEW YORK NY 10009,10009
133 AVENUE C NEW YORK NY 10009,10009
131 AVENUE C NEW YORK NY 10009,10009
129 AVENUE C NEW YORK NY 10009,10009
127 AVENUE C NEW YORK NY 10009,10009
337 EAST 8 STREET NEW YORK NY 10009,10009
EAST 8 STREET NEW YORK NY 10009,10009
EAST 8 STREET NEW YORK NY 10009,10009
327 EAST 8 STREET NEW YORK NY 10009,10009
325 EAST 8 STREET NEW YORK NY 10009,10009
323 EAST 8 STREET NEW YORK NY 10009,10009
319 EAST 8 STREET NEW YORK NY 10009,10009
317 EAST 8 STREET NEW YORK NY 10009,10009
315 EAST 8 STREET NEW YORK NY 10009,10009
313 EAST 8 STREET NEW YORK NY 10009,10009
311 EAST 8 STREET NEW YORK NY 10009,10009
309 EAST 8 STREET NEW YORK NY 10009,10009
307 EAST 8 STREET NEW YORK NY 10009,10009
303 EAST 8 STREET NEW YORK NY 10009,10009
299 EAST 8 STREET NEW YORK NY 10009,10009
331 EAST 8 STREET NEW YORK NY 10009,10009
295 EAST 8TH STREET NEW YORK NY 10009,10009
149 AVENUE B NEW YORK NY 10009,10009
151 AVENUE B NEW YORK NY 10009,10009
153 AVENUE B NEW YORK NY 10009,10009
155 AVENUE B NEW YORK NY 10009,10009
348 EAST 10 STREET NEW YORK NY 10009,10009
350 EAST 10 STREET NEW YORK NY 10009,10009
362 EAST 10 STREET NEW YORK NY 10009,10009
364 EAST 10 STREET NEW YORK NY 10009,10009
374 EAST 10 STREET NEW YORK NY 10009,10009
380 EAST 10 STREET NEW YORK NY 10009,10009
382 EAST 10 STREET NEW YORK NY 10009,10009
384 EAST 10 STREET NEW YORK NY 10009,10009
159 AVENUE C NEW YORK NY 10009,10009
157 AVENUE C NEW YORK NY 10009,10009
155 AVENUE C NEW YORK NY 10009,10009
153 AVENUE C NEW YORK NY 10009,10009
151 AVENUE C NEW YORK NY 10009,10009
149 AVENUE C NEW YORK NY 10009,10009
145 AVENUE C NEW YORK NY 10009,10009
647 EAST 9 STREET NEW YORK NY 10009,10009
645 EAST 9 STREET NEW YORK NY 10009,10009
643 EAST 9 STREET NEW YORK NY 10009,10009
641 EAST 9 STREET NEW YORK NY 10009,10009
EAST 9 STREET NEW YORK NY 10009,10009
635 EAST 9 STREET NEW YORK NY 10009,10009
627 EAST 9 STREET NEW YORK NY 10009,10009
617 EAST 9 STREET NEW YORK NY 10009,10009
143 AVENUE B NEW YORK NY 10009,10009
631 EAST 9 STREET NEW YORK NY 10009,10009
159 AVENUE B NEW YORK NY 10009,10009
165 AVENUE B NEW YORK NY 10009,10009
167 AVENUE B NEW YORK NY 10009,10009
169 AVENUE B NEW YORK NY 10009,10009
171 AVENUE B NEW YORK NY 10009,10009
173 AVENUE B NEW YORK NY 10009,10009
604 EAST 11 STREET NEW YORK NY 10009,10009
606 EAST 11 STREET NEW YORK NY 10009,10009
608 EAST 11 STREET NEW YORK NY 10009,10009
610 EAST 11 STREET NEW YORK NY 10009,10009
620 EAST 11 STREET NEW YORK NY 10009,10009
622 EAST 11 STREET NEW YORK NY 10009,10009
624 EAST 11 STREET NEW YORK NY 10009,10009
EAST 11 STREET NEW YORK NY 10009,10009
628 EAST 11 STREET NEW YORK NY 10009,10009
630 EAST 11 STREET NEW YORK NY 10009,10009
632 EAST 11 STREET NEW YORK NY 10009,10009
636 EAST 11 STREET NEW YORK NY 10009,10009
175 AVENUE C NEW YORK NY 10009,10009
173 AVENUE C NEW YORK NY 10009,10009
171 AVENUE C NEW YORK NY 10009,10009
169 AVENUE C NEW YORK NY 10009,10009
167 AVENUE C NEW YORK NY 10009,10009
165 AVENUE C NEW YORK NY 10009,10009
163 AVENUE C NEW YORK NY 10009,10009
391 EAST 10 STREET NEW YORK NY 10009,10009
381 EAST 10 STREET NEW YORK NY 10009,10009
379 EAST 10 STREET NEW YORK NY 10009,10009
377 EAST 10 STREET NEW YORK NY 10009,10009
375 EAST 10 STREET NEW YORK NY 10009,10009
371 EAST 10 STREET NEW YORK NY 10009,10009
367 EAST 10 STREET NEW YORK NY 10009,10009
361 EAST 10 STREET NEW YORK NY 10009,10009
355 EAST 10 STREET NEW YORK NY 10009,10009
EAST 10 STREET NEW YORK NY 10009,10009
349 EAST 10 STREET NEW YORK NY 10009,10009
648 EAST 11 STREET NEW YORK NY 10009,10009
175 AVENUE B NEW YORK NY 10009,10009
177 AVENUE B NEW YORK NY 10009,10009
179 AVENUE B NEW YORK NY 10009,10009
181 AVENUE B NEW YORK NY 10009,10009
183 AVENUE B NEW YORK NY 10009,10009
604 EAST 12 STREET NEW YORK NY 10009,10009
638 EAST 12 STREET NEW YORK NY 10009,10009
EAST 12 STREET NEW YORK NY 10009,10009
646 EAST 12 STREET NEW YORK NY 10009,10009
650 EAST 12 STREET NEW YORK NY 10009,10009
195 AVENUE C NEW YORK NY 10009,10009
193 AVENUE C NEW YORK NY 10009,10009
183 AVENUE C NEW YORK NY 10009,10009
181 AVENUE C NEW YORK NY 10009,10009
641 EAST 11 STREET NEW YORK NY 10009,10009
635 EAST 11 STREET NEW YORK NY 10009,10009
633 EAST 11 STREET NEW YORK NY 10009,10009
631 EAST 11 STREET NEW YORK NY 10009,10009
623 EAST 11 STREET NEW YORK NY 10009,10009
621 EAST 11 STREET NEW YORK NY 10009,10009
611 EAST 11 STREET NEW YORK NY 10009,10009
609 EAST 11 STREET NEW YORK NY 10009,10009
607 EAST 11 STREET NEW YORK NY 10009,10009
605 EAST 11 STREET NEW YORK NY 10009,10009
603 EAST 11 STREET NEW YORK NY 10009,10009
645 EAST 11 STREET NEW YORK NY 10009,10009
613 EAST 11 STREET NEW YORK NY 10009,10009
625 EAST 11 STREET NEW YORK NY 10009,10009
619 EAST 11 STREET NEW YORK NY 10009,10009
643 EAST 11 STREET NEW YORK NY 10009,10009
189 AVENUE C NEW YORK NY 10009,10009
185 AVENUE B NEW YORK NY 10009,10009
195 AVENUE B NEW YORK NY 10009,10009
199 AVENUE B NEW YORK NY 10009,10009
205 AVENUE B NEW YORK NY 10009,10009
207 AVENUE B NEW YORK NY 10009,10009
209 AVENUE B NEW YORK NY 10009,10009
606 EAST 13 STREET NEW YORK NY 10009,10009
620 EAST 13 STREET NEW YORK NY 10009,10009
205 AVENUE C NEW YORK NY 10009,10009
219 AVENUE B NEW YORK NY 10009,10009
221 AVENUE B NEW YORK NY 10009,10009
223 AVENUE B NEW YORK NY 10009,10009
225 AVENUE B NEW YORK NY 10009,10009
227 AVENUE B NEW YORK NY 10009,10009
602 EAST 14TH STREET NEW YORK NY 10009,10009
604 EAST 14TH STREET NEW YORK NY 10009,10009
626 EAST 14 STREET NEW YORK NY 10009,10009
638 EAST 14 STREET NEW YORK NY 10009,10009
640 EAST 14 STREET NEW YORK NY 10009,10009
642 EAST 14 STREET NEW YORK NY 10009,10009
223 AVENUE C NEW YORK NY 10009,10009
215 AVENUE B NEW YORK NY 10009,10009
14 AVENUE A NEW YORK NY 10009,10009
20 AVENUE A NEW YORK NY 10009,10009
155 EAST 2 STREET NEW YORK NY 10009,10009
157 EAST 2 STREET NEW YORK NY 10009,10009
165 EAST 2 STREET NEW YORK NY 10009,10009
171 EAST 2 STREET NEW YORK NY 10009,10009
173 EAST 2 STREET NEW YORK NY 10009,10009
181 EAST 2 STREET NEW YORK NY 10009,10009
185 EAST 2 STREET NEW YORK NY 10009,10009
189 EAST 2 STREET NEW YORK NY 10009,10009
191 EAST 2 STREET NEW YORK NY 10009,10009
EAST 2 STREET NEW YORK NY 10009,10009
195 EAST 2 STREET NEW YORK NY 10009,10009
14 AVENUE B NEW YORK NY 10009,10009
8 AVENUE B NEW YORK NY 10009,10009
6 AVENUE B NEW YORK NY 10009,10009
280 EAST HOUSTON STREET NEW YORK NY 10009,10009
244 EAST HOUSTON STREET NEW YORK NY 10002,10002
175 EAST 2 STREET NEW YORK NY 10009,10009
240 EAST HOUSTON STREET NEW YORK NY 10009,10009
250 EAST HOUSTON STREET NEW YORK NY 10002,10002
26 AVENUE A NEW YORK NY 10009,10009
28 AVENUE A NEW YORK NY 10009,10009
32 AVENUE A NEW YORK NY 10009,10009
34 AVENUE A NEW YORK NY 10009,10009
36 AVENUE A NEW YORK NY 10009,10009
160 EAST 3 STREET NEW YORK NY 10009,10009
170 EAST 3 STREET NEW YORK NY 10009,10009
176 EAST 3 STREET NEW YORK NY 10009,10009
184 EAST 3 STREET NEW YORK NY 10009,10009
188 EAST 3 STREET NEW YORK NY 10009,10009
190 EAST 3 STREET NEW YORK NY 10009,10009
192 EAST 3 STREET NEW YORK NY 10009,10009
194 EAST 3 STREET NEW YORK NY 10009,10009
196 EAST 3 STREET NEW YORK NY 10009,10009
34 AVENUE B NEW YORK NY 10009,10009
32 AVENUE B NEW YORK NY 10009,10009
30 AVENUE B NEW YORK NY 10009,10009
28 AVENUE B NEW YORK NY 10009,10009
24 AVENUE B NEW YORK NY 10009,10009
190 EAST 2 STREET NEW YORK NY 10009,10009
188 EAST 2 STREET NEW YORK NY 10009,10009
176 EAST 2 STREET NEW YORK NY 10009,10009
174 EAST 2 STREET NEW YORK NY 10009,10009
170 EAST 2 STREET NEW YORK NY 10009,10009
166 EAST 2 STREET NEW YORK NY 10009,10009
160 EAST 2 STREET NEW YORK NY 10009,10009
156 EAST 2 STREET NEW YORK NY 10009,10009
24 AVENUE A NEW YORK NY 10009,10009
182 EAST 2 STREET NEW YORK NY 10009,10009
186 EAST 2 STREET NEW YORK NY 10009,10009
26 AVENUE B NEW YORK NY 10009,10009
42 AVENUE A NEW YORK NY 10009,10009
52 AVENUE A NEW YORK NY 10009,10009
206 EAST 4 STREET NEW YORK NY 10009,10009
220 EAST 4 STREET NEW YORK NY 10009,10009
230 EAST 4 STREET NEW YORK NY 10009,10009
234 EAST 4 STREET NEW YORK NY 10009,10009
50 AVENUE B NEW YORK NY 10009,10009
46 AVENUE B NEW YORK NY 10009,10009
44 AVENUE B NEW YORK NY 10009,10009
42 AVENUE B NEW YORK NY 10009,10009
40 AVENUE B NEW YORK NY 10009,10009
38 AVENUE B NEW YORK NY 10009,10009
197 EAST 3 STREET NEW YORK NY 10009,10009
195 EAST 3 STREET NEW YORK NY 10009,10009
191 EAST 3 STREET NEW YORK NY 10009,10009
189 EAST 3 STREET NEW YORK NY 10009,10009
185 EAST 3 STREET NEW YORK NY 10009,10009
181 EAST 3 STREET NEW YORK NY 10009,10009
177 EAST 3 STREET NEW YORK NY 10009,10009
175 EAST 3 STREET NEW YORK NY 10009,10009
173 EAST 3 STREET NEW YORK NY 10009,10009
157 EAST 3 STREET NEW YORK NY 10009,10009
50 AVENUE A NEW YORK NY 10009,10009
238 EAST 4 STREET NEW YORK NY 10009,10009
58 AVENUE A NEW YORK NY 10009,10009
506 EAST 5 STREET NEW YORK NY 10009,10009
508 EAST 5 STREET NEW YORK NY 10009,10009
510 EAST 5 STREET NEW YORK NY 10009,10009
512 EAST 5 STREET NEW YORK NY 10009,10009
514 EAST 5 STREET NEW YORK NY 10009,10009
516 EAST 5 STREET NEW YORK NY 10009,10009
518 EAST 5 STREET NEW YORK NY 10009,10009
520 EAST 5 STREET NEW YORK NY 10009,10009
522 EAST 5 STREET NEW YORK NY 10009,10009
524 EAST 5 STREET NEW YORK NY 10009,10009
526 EAST 5 STREET NEW YORK NY 10009,10009
528 EAST 5 STREET NEW YORK NY 10009,10009
530 EAST 5 STREET NEW YORK NY 10009,10009
534 EAST 5 STREET NEW YORK NY 10009,10009
536 EAST 5 STREET NEW YORK NY 10009,10009
540 EAST 5 STREET NEW YORK NY 10009,10009
542 EAST 5 STREET NEW YORK NY 10009,10009
60 AVENUE B NEW YORK NY 10009,10009
235 EAST 4 STREET NEW YORK NY 10009,10009
231 EAST 4 STREET NEW YORK NY 10009,10009
229 EAST 4 STREET NEW YORK NY 10009,10009
225 EAST 4 STREET NEW YORK NY 10009,10009
223 EAST 4 STREET NEW YORK NY 10009,10009
219 EAST 4 STREET NEW YORK NY 10009,10009
217 EAST 4 STREET NEW YORK NY 10009,10009
213 EAST 4 STREET NEW YORK NY 10009,10009
211 EAST 4 STREET NEW YORK NY 10009,10009
209 EAST 4 STREET NEW YORK NY 10009,10009
207 EAST 4 STREET NEW YORK NY 10009,10009
205 EAST 4 STREET NEW YORK NY 10009,10009
203 EAST 4 STREET NEW YORK NY 10009,10009
201 EAST 4 STREET NEW YORK NY 10009,10009
199 EAST 4 STREET NEW YORK NY 10009,10009
197 EAST 4 STREET NEW YORK NY 10009,10009
195 EAST 4 STREET NEW YORK NY 10009,10009
193 EAST 4 STREET NEW YORK NY 10009,10009
74 AVENUE A NEW YORK NY 10009,10009
504 EAST 6 STREET NEW YORK NY 10009,10009
506 EAST 6 STREET NEW YORK NY 10009,10009
508 EAST 6 STREET NEW YORK NY 10009,10009
510 EAST 6 STREET NEW YORK NY 10009,10009
514 EAST 6 STREET NEW YORK NY 10009,10009
518 EAST 6 STREET NEW YORK NY 10009,10009
520 EAST 6 STREET NEW YORK NY 10009,10009
522 EAST 6 STREET NEW YORK NY 10009,10009
524 EAST 6 STREET NEW YORK NY 10009,10009
526 EAST 6 STREET NEW YORK NY 10009,10009
528 EAST 6 STREET NEW YORK NY 10009,10009
EAST 6 STREET NEW YORK NY 10009,10009
532 EAST 6 STREET NEW YORK NY 10009,10009
534 EAST 6 STREET NEW YORK NY 10009,10009
536 EAST 6 STREET NEW YORK NY 10009,10009
538 EAST 6 STREET NEW YORK NY 10009,10009
540 EAST 6 STREET NEW YORK NY 10009,10009
EAST 6 STREET NEW YORK NY 10009,10009
90 AVENUE B NEW YORK NY 10009,10009
86 AVENUE B NEW YORK NY 10009,10009
84 AVENUE B NEW YORK NY 10009,10009
82 AVENUE B NEW YORK NY 10009,10009
AVENUE B NEW YORK NY 10009,10009
76 AVENUE B NEW YORK NY 10009,10009
543 EAST 5 STREET NEW YORK NY 10009,10009
535 EAST 5 STREET NEW YORK NY 10009,10009
533 EAST 5 STREET NEW YORK NY 10009,10009
531 EAST 5 STREET NEW YORK NY 10009,10009
529 EAST 5 STREET NEW YORK NY 10009,10009
527 EAST 5 STREET NEW YORK NY 10009,10009
525 EAST 5 STREET NEW YORK NY 10009,10009
523 EAST 5 STREET NEW YORK NY 10009,10009
521 EAST 5 STREET NEW YORK NY 10009,10009
519 EAST 5 STREET NEW YORK NY 10009,10009
517 EAST 5 STREET NEW YORK NY 10009,10009
515 EAST 5 STREET NEW YORK NY 10009,10009
513 EAST 5 STREET NEW YORK NY 10009,10009
511 EAST 5 STREET NEW YORK NY 10009,10009
509 EAST 5 STREET NEW YORK NY 10009,10009
507 EAST 5 STREET NEW YORK NY 10009,10009
94 AVENUE A NEW YORK NY 10009,10009
140 EAST 7 STREET NEW YORK NY 10009,10009
144 EAST 7 STREET NEW YORK NY 10009,10009
150 EAST 7 STREET NEW YORK NY 10009,10009
154 EAST 7 STREET NEW YORK NY 10009,10009
156 EAST 7 STREET NEW YORK NY 10009,10009
162 EAST 7 STREET NEW YORK NY 10009,10009
164 EAST 7 STREET NEW YORK NY 10009,10009
166 EAST 7 STREET NEW YORK NY 10009,10009
168 EAST 7 STREET NEW YORK NY 10009,10009
172 EAST 7 STREET NEW YORK NY 10009,10009
178 EAST 7 STREET NEW YORK NY 10009,10009
108 AVENUE B NEW YORK NY 10009,10009
106 AVENUE B NEW YORK NY 10009,10009
104 AVENUE B NEW YORK NY 10009,10009
102 AVENUE B NEW YORK NY 10009,10009
100 AVENUE B NEW YORK NY 10009,10009
98 AVENUE B NEW YORK NY 10009,10009
96 AVENUE B NEW YORK NY 10009,10009
94 AVENUE B NEW YORK NY 10009,10009
543 EAST 6 STREET NEW YORK NY 10009,10009
539 EAST 6 STREET NEW YORK NY 10009,10009
537 EAST 6 STREET NEW YORK NY 10009,10009
535 EAST 6 STREET NEW YORK NY 10009,10009
533 EAST 6 STREET NEW YORK NY 10009,10009
531 EAST 6 STREET NEW YORK NY 10009,10009
529 EAST 6 STREET NEW YORK NY 10009,10009
527 EAST 6 STREET NEW YORK NY 10009,10009
525 EAST 6 STREET NEW YORK NY 10009,10009
523 EAST 6 STREET NEW YORK NY 10009,10009
521 EAST 6 STREET NEW YORK NY 10009,10009
519 EAST 6 STREET NEW YORK NY 10009,10009
515 EAST 6 STREET NEW YORK NY 10009,10009
513 EAST 6 STREET NEW YORK NY 10009,10009
511 EAST 6 STREET NEW YORK NY 10009,10009
507 EAST 6 STREET NEW YORK NY 10009,10009
505 EAST 6 STREET NEW YORK NY 10009,10009
503 EAST 6 STREET NEW YORK NY 10009,10009
132 EAST 7 STREET NEW YORK NY 10009,10009
509 EAST 6 STREET NEW YORK NY 10009,10009
100 AVENUE A NEW YORK NY 10009,10009
144 AVENUE A NEW YORK NY 10009,10009
166 AVENUE A NEW YORK NY 10009,10009
168 AVENUE A NEW YORK NY 10009,10009
170 AVENUE A NEW YORK NY 10009,10009
502 EAST 11 STREET NEW YORK NY 10009,10009
504 EAST 11 STREET NEW YORK NY 10009,10009
510 EAST 11 STREET NEW YORK NY 10009,10009
512 EAST 11 STREET NEW YORK NY 10009,10009
514 EAST 11 STREET NEW YORK NY 10009,10009
516 EAST 11 STREET NEW YORK NY 10009,10009
518 EAST 11 STREET NEW YORK NY 10009,10009
520 EAST 11 STREET NEW YORK NY 10009,10009
522 EAST 11 STREET NEW YORK NY 10009,10009
526 EAST 11 STREET NEW YORK NY 10009,10009
528 EAST 11 STREET NEW YORK NY 10009,10009
534 EAST 11 STREET NEW YORK NY 10009,10009
538 EAST 11 STREET NEW YORK NY 10009,10009
542 EAST 11 STREET NEW YORK NY 10009,10009
544 EAST 11 STREET NEW YORK NY 10009,10009
546 EAST 11 STREET NEW YORK NY 10009,10009
174 AVENUE B NEW YORK NY 10009,10009
172 AVENUE B NEW YORK NY 10009,10009
170 AVENUE B NEW YORK NY 10009,10009
168 AVENUE B NEW YORK NY 10009,10009
166 AVENUE B NEW YORK NY 10009,10009
345 EAST 10 STREET NEW YORK NY 10009,10009
343 EAST 10 STREET NEW YORK NY 10009,10009
341 EAST 10 STREET NEW YORK NY 10009,10009
339 EAST 10 STREET NEW YORK NY 10009,10009
337 EAST 10 STREET NEW YORK NY 10009,10009
335 EAST 10 STREET NEW YORK NY 10009,10009
331 EAST 10 STREET NEW YORK NY 10009,10009
329 EAST 10 STREET NEW YORK NY 10009,10009
327 EAST 10 STREET NEW YORK NY 10009,10009
325 EAST 10 STREET NEW YORK NY 10009,10009
323 EAST 10 STREET NEW YORK NY 10009,10009
321 EAST 10 STREET NEW YORK NY 10009,10009
319 EAST 10 STREET NEW YORK NY 10009,10009
317 EAST 10 STREET NEW YORK NY 10009,10009
315 EAST 10 STREET NEW YORK NY 10009,10009
313 EAST 10 STREET NEW YORK NY 10009,10009
311 EAST 10 STREET NEW YORK NY 10009,10009
309 EAST 10 STREET NEW YORK NY 10009,10009
307 EAST 10 STREET NEW YORK NY 10009,10009
305 EAST 10 STREET NEW YORK NY 10009,10009
303 EAST 10 STREET NEW YORK NY 10009,10009
301 EAST 10 STREET NEW YORK NY 10009,10009
299 EAST 10 STREET NEW YORK NY 10009,10009
297 EAST 10 STREET NEW YORK NY 10009,10009
295 EAST 10 STREET NEW YORK NY 10009,10009
293 EAST 10 STREET NEW YORK NY 10009,10009
164 AVENUE A NEW YORK NY 10009,10009
174 AVENUE A NEW YORK NY 10009,10009
182 AVENUE A NEW YORK NY 10009,10009
186 AVENUE A NEW YORK NY 10009,10009
188 AVENUE A NEW YORK NY 10009,10009
502 EAST 12 STREET NEW YORK NY 10009,10009
504 EAST 12 STREET NEW YORK NY 10009,10009
508 EAST 12 STREET NEW YORK NY 10009,10009
510 EAST 12 STREET NEW YORK NY 10009,10009
512 EAST 12 STREET NEW YORK NY 10009,10009
514 EAST 12 STREET NEW YORK NY 10009,10009
516 EAST 12 STREET NEW YORK NY 10009,10009
518 EAST 12 STREET NEW YORK NY 10009,10009
522 EAST 12 STREET NEW YORK NY 10009,10009
524 EAST 12 STREET NEW YORK NY 10009,10009
526 EAST 12 STREET NEW YORK NY 10009,10009
528 EAST 12 STREET NEW YORK NY 10009,10009
532 EAST 12 STREET NEW YORK NY 10009,10009
544 EAST 12 STREET NEW YORK NY 10009,10009
194 AVENUE B NEW YORK NY 10009,10009
192 AVENUE B NEW YORK NY 10009,10009
188 AVENUE B NEW YORK NY 10009,10009
186 AVENUE B NEW YORK NY 10009,10009
182 AVENUE B NEW YORK NY 10009,10009
545 EAST 11 STREET NEW YORK NY 10009,10009
543 EAST 11 STREET NEW YORK NY 10009,10009
539 EAST 11 STREET NEW YORK NY 10009,10009
535 EAST 11 STREET NEW YORK NY 10009,10009
533 EAST 11 STREET NEW YORK NY 10009,10009
531 EAST 11 STREET NEW YORK NY 10009,10009
519 EAST 11 STREET NEW YORK NY 10009,10009
509 EAST 11 STREET NEW YORK NY 10009,10009
507 EAST 11 STREET NEW YORK NY 10009,10009
517 EAST 11 STREET NEW YORK NY 10009,10009
549 EAST 11 STREET NEW YORK NY 10009,10009
511 EAST 11 STREET NEW YORK NY 10009,10009
525 EAST 11 STREET NEW YORK NY 10009,10009
194 AVENUE A NEW YORK NY 10009,10009
196 AVENUE A NEW YORK NY 10009,10009
198 AVENUE A NEW YORK NY 10009,10009
200 AVENUE A NEW YORK NY 10009,10009
202 AVENUE A NEW YORK NY 10009,10009
204 AVENUE A NEW YORK NY 10009,10009
206 AVENUE A NEW YORK NY 10009,10009
208 AVENUE A NEW YORK NY 10009,10009
506 EAST 13 STREET NEW YORK NY 10009,10009
510 EAST 13 STREET NEW YORK NY 10009,10009
512 EAST 13 STREET NEW YORK NY 10009,10009
514F EAST 13 STREET NEW YORK NY 10009,10009
516 EAST 13 STREET NEW YORK NY 10009,10009
518 EAST 13 STREET NEW YORK NY 10009,10009
520 EAST 13 STREET NEW YORK NY 10009,10009
522 EAST 13 STREET NEW YORK NY 10009,10009
524 EAST 13 STREET NEW YORK NY 10009,10009
526 EAST 13 STREET NEW YORK NY 10009,10009
528 EAST 13 STREET NEW YORK NY 10009,10009
530 EAST 13 STREET NEW YORK NY 10009,10009
540 EAST 13 STREET NEW YORK NY 10009,10009
544 EAST 13 STREET NEW YORK NY 10009,10009
548 EAST 13 STREET NEW YORK NY 10009,10009
210 AVENUE B NEW YORK NY 10009,10009
206 AVENUE B NEW YORK NY 10009,10009
204 AVENUE B NEW YORK NY 10009,10009
202 AVENUE B NEW YORK NY 10009,10009
200 AVENUE B NEW YORK NY 10009,10009
198 AVENUE B NEW YORK NY 10009,10009
551 EAST 12 STREET NEW YORK NY 10009,10009
547 EAST 12 STREET NEW YORK NY 10009,10009
543 EAST 12 STREET NEW YORK NY 10009,10009
541 EAST 12 STREET NEW YORK NY 10009,10009
539 EAST 12 STREET NEW YORK NY 10009,10009
537 EAST 12 STREET NEW YORK NY 10009,10009
535 EAST 12 STREET NEW YORK NY 10009,10009
527 EAST 12 STREET NEW YORK NY 10009,10009
523 EAST 12 STREET NEW YORK NY 10009,10009
521 EAST 12 STREET NEW YORK NY 10009,10009
519 EAST 12 STREET NEW YORK NY 10009,10009
517 EAST 12 STREET NEW YORK NY 10009,10009
515 EAST 12 STREET NEW YORK NY 10009,10009
513 EAST 12 STREET NEW YORK NY 10009,10009
511 EAST 12 STREET NEW YORK NY 10009,10009
509 EAST 12 STREET NEW YORK NY 10009,10009
507 EAST 12 STREET NEW YORK NY 10009,10009
505 EAST 12 STREET NEW YORK NY 10009,10009
503 EAST 12 STREET NEW YORK NY 10009,10009
212 AVENUE B NEW YORK NY 10009,10009
525 EAST 12 STREET NEW YORK NY 10009,10009
536 EAST 13 STREET NEW YORK NY 10009,10009
531 EAST 12TH ST NEW YORK NY 10009,10009
218 AVENUE A NEW YORK NY 10009,10009
220 AVENUE A NEW YORK NY 10009,10009
520 EAST 14 STREET NEW YORK NY 10009,10009
534 EAST 14 STREET NEW YORK NY 10009,10009
536 EAST 14 STREET NEW YORK NY 10009,10009
538 EAST 14 STREET NEW YORK NY 10009,10009
540 EAST 14 STREET NEW YORK NY 10009,10009
232 AVENUE B NEW YORK NY 10009,10009
228 AVENUE B NEW YORK NY 10009,10009
224 AVENUE B NEW YORK NY 10009,10009
222 AVENUE B NEW YORK NY 10009,10009
220 AVENUE B NEW YORK NY 10009,10009
218 AVENUE B NEW YORK NY 10009,10009
216 AVENUE B NEW YORK NY 10009,10009
545 EAST 13 STREET NEW YORK NY 10009,10009
543 EAST 13 STREET NEW YORK NY 10009,10009
541 EAST 13 STREET NEW YORK NY 10009,10009
539 EAST 13 STREET NEW YORK NY 10009,10009
537 EAST 13 STREET NEW YORK NY 10009,10009
535 EAST 13 STREET NEW YORK NY 10009,10009
533 EAST 13 STREET NEW YORK NY 10009,10009
531 EAST 13 STREET NEW YORK NY 10009,10009
529 EAST 13 STREET NEW YORK NY 10009,10009
527 EAST 13 STREET NEW YORK NY 10009,10009
517 EAST 13 STREET NEW YORK NY 10009,10009
515 EAST 13 STREET NEW YORK NY 10009,10009
513 EAST 13 STREET NEW YORK NY 10009,10009
214 AVENUE A NEW YORK NY 10009,10009
503 EAST 13 STREET NEW YORK NY 10009,10009
500 EAST 14 STREET NEW YORK NY 10009,10009
524 EAST 14 STREET NEW YORK NY 10009,10009
68 ORCHARD STREET NEW YORK NY 10002,10002
70 ORCHARD STREET NEW YORK NY 10002,10002
72 ORCHARD STREET NEW YORK NY 10002,10002
74 ORCHARD STREET NEW YORK NY 10002,10002
76 ORCHARD STREET NEW YORK NY 10002,10002
78 ORCHARD STREET NEW YORK NY 10002,10002
82 ORCHARD STREET NEW YORK NY 10002,10002
84 ORCHARD STREET NEW YORK NY 10002,10002
86 ORCHARD STREET NEW YORK NY 10002,10002
88 ORCHARD STREET NEW YORK NY 10002,10002
249 BROOME STREET NEW YORK NY 10002,10002
247 BROOME STREET NEW YORK NY 10002,10002
245 BROOME STREET NEW YORK NY 10002,10002
69 LUDLOW STREET NEW YORK NY 10002,10002
67 LUDLOW STREET NEW YORK NY 10002,10002
65 LUDLOW STREET NEW YORK NY 10002,10002
334 GRAND STREET NEW YORK NY 10002,10002
324 GRAND STREET NEW YORK NY 10002,10002
350 GRAND STREET NEW YORK NY 10002,10002
71 LUDLOW STREET NEW YORK NY 10002,10002
243 BROOME STREET NEW YORK NY 10002,10002
328 GRAND STREET NEW YORK NY 10002,10002
330 GRAND STREET NEW YORK NY 10002,10002
94 ORCHARD STREET NEW YORK NY 10002,10002
96 ORCHARD STREET NEW YORK NY 10002,10002
98 ORCHARD STREET NEW YORK NY 10002,10002
85 DELANCEY STREET NEW YORK NY 10002,10002
95 DELANCEY STREET NEW YORK NY 10002,10002
91 LUDLOW STREET NEW YORK NY 10002,10002
87 LUDLOW STREET NEW YORK NY 10002,10002
85 LUDLOW STREET NEW YORK NY 10002,10002
246 BROOME STREET NEW YORK NY 10002,10002
248 BROOME STREET NEW YORK NY 10002,10002
250 BROOME STREET NEW YORK NY 10002,10002
252 BROOME STREET NEW YORK NY 10002,10002
254 BROOME STREET NEW YORK NY 10002,10002
256 BROOME STREET NEW YORK NY 10002,10002
90 LUDLOW STREET NEW YORK NY 10002,10002
92 LUDLOW STREET NEW YORK NY 10002,10002
101 DELANCEY STREET NEW YORK NY 10002,10002
109 DELANCEY STREET NEW YORK NY 10002,10002
232 BROOME STREET NEW YORK NY 10002,10002
100 ORCHARD STREET NEW YORK NY 10002,10002
242 BROOME STREET NEW YORK NY 10002,10002
120 ORCHARD STREET NEW YORK NY 10002,10002
122 ORCHARD STREET NEW YORK NY 10002,10002
130 ORCHARD STREET NEW YORK NY 10002,10002
132 ORCHARD STREET NEW YORK NY 10002,10002
134 ORCHARD STREET NEW YORK NY 10002,10002
136 ORCHARD STREET NEW YORK NY 10002,10002
138 ORCHARD STREET NEW YORK NY 10002,10002
85 RIVINGTON STREET NEW YORK NY 10002,10002
87 RIVINGTON STREET NEW YORK NY 10002,10002
89 RIVINGTON STREET NEW YORK NY 10002,10002
95 RIVINGTON STREET NEW YORK NY 10002,10002
97 RIVINGTON STREET NEW YORK NY 10002,10002
123 LUDLOW STREET NEW YORK NY 10002,10002
121 LUDLOW STREET NEW YORK NY 10002,10002
119 LUDLOW STREET NEW YORK NY 10002,10002
117 LUDLOW STREET NEW YORK NY 10002,10002
115 LUDLOW STREET NEW YORK NY 10002,10002
113 LUDLOW STREET NEW YORK NY 10002,10002
109 LUDLOW STREET NEW YORK NY 10002,10002
90 DELANCEY STREET NEW YORK NY 10002,10002
88 DELANCEY STREET NEW YORK NY 10002,10002
86 DELANCEY STREET NEW YORK NY 10002,10002
110 LUDLOW STREET NEW YORK NY 10002,10002
112 LUDLOW STREET NEW YORK NY 10002,10002
122 LUDLOW STREET NEW YORK NY 10002,10002
124 LUDLOW STREET NEW YORK NY 10002,10002
101 RIVINGTON STREET NEW YORK NY 10002,10002
105 RIVINGTON STREET NEW YORK NY 10002,10002
107 RIVINGTON STREET NEW YORK NY 10002,10002
111 RIVINGTON STREET NEW YORK NY 10002,10002
113 RIVINGTON STREET NEW YORK NY 10002,10002
115 RIVINGTON STREET NEW YORK NY 10002,10002
121 ESSEX STREET NEW YORK NY 10002,10002
119 ESSEX STREET NEW YORK NY 10002,10002
115 ESSEX STREET NEW YORK NY 10002,10002
103 ESSEX STREET NEW YORK NY 10002,10002
114 DELANCEY STREET NEW YORK NY 10002,10002
108 DELANCEY STREET NEW YORK NY 10002,10002
104 DELANCEY STREET NEW YORK NY 10002,10002
100 DELANCEY STREET NEW YORK NY 10002,10002
101 LUDLOW STREET NEW YORK NY 10002,10002
146 ORCHARD STREET NEW YORK NY 10002,10002
148 ORCHARD STREET NEW YORK NY 10002,10002
150 ORCHARD STREET NEW YORK NY 10002,10002
152 ORCHARD STREET NEW YORK NY 10002,10002
154 ORCHARD STREET NEW YORK NY 10002,10002
156 ORCHARD STREET NEW YORK NY 10002,10002
158 ORCHARD STREET NEW YORK NY 10002,10002
160 ORCHARD STREET NEW YORK NY 10002,10002
162 ORCHARD STREET NEW YORK NY 10002,10002
164 ORCHARD STREET NEW YORK NY 10002,10002
166 ORCHARD STREET NEW YORK NY 10002,10002
168 ORCHARD STREET NEW YORK NY 10002,10002
97 STANTON STREET NEW YORK NY 10002,10002
99 STANTON STREET NEW YORK NY 10002,10002
101 STANTON STREET NEW YORK NY 10002,10002
159 LUDLOW STREET NEW YORK NY 10002,10002
153 LUDLOW STREET NEW YORK NY 10002,10002
151 LUDLOW STREET NEW YORK NY 10002,10002
149 LUDLOW STREET NEW YORK NY 10002,10002
143 LUDLOW STREET NEW YORK NY 10002,10002
139 LUDLOW STREET NEW YORK NY 10002,10002
137 LUDLOW STREET NEW YORK NY 10002,10002
135 LUDLOW STREET NEW YORK NY 10002,10002
98 RIVINGTON STREET NEW YORK NY 10002,10002
94 RIVINGTON STREET NEW YORK NY 10002,10002
92 RIVINGTON STREET NEW YORK NY 10002,10002
90 RIVINGTON STREET NEW YORK NY 10002,10002
88 RIVINGTON STREET NEW YORK NY 10002,10002
86 RIVINGTON STREET NEW YORK NY 10002,10002
136 LUDLOW STREET NEW YORK NY 10002,10002
138 LUDLOW STREET NEW YORK NY 10002,10002
142 LUDLOW STREET NEW YORK NY 10002,10002
144 LUDLOW STREET NEW YORK NY 10002,10002
154 LUDLOW STREET NEW YORK NY 10002,10002
113 STANTON STREET NEW YORK NY 10002,10002
105 STANTON STREET NEW YORK NY 10002,10002
117 ESSEX STREET NEW YORK NY 10002,10002
149 ESSEX STREET NEW YORK NY 10002,10002
147 ESSEX STREET NEW YORK NY 10002,10002
143 ESSEX STREET NEW YORK NY 10002,10002
141 ESSEX STREET NEW YORK NY 10002,10002
139 ESSEX STREET NEW YORK NY 10002,10002
137 ESSEX STREET NEW YORK NY 10002,10002
114 RIVINGTON STREET NEW YORK NY 10002,10002
110 RIVINGTON STREET NEW YORK NY 10002,10002
108 RIVINGTON STREET NEW YORK NY 10002,10002
106 RIVINGTON STREET NEW YORK NY 10002,10002
104 RIVINGTON STREET NEW YORK NY 10002,10002
100 RIVINGTON STREET NEW YORK NY 10002,10002
112 RIVINGTON STREET NEW YORK NY 10002,10002
157 LUDLOW STREET NEW YORK NY 10002,10002
133 ESSEX STREET NEW YORK NY 10002,10002
153 ESSEX STREET NEW YORK NY 10002,10002
145 LUDLOW STREET NEW YORK NY 10002,10002
172 ORCHARD STREET NEW YORK NY 10002,10002
174 ORCHARD STREET NEW YORK NY 10002,10002
186 ORCHARD STREET NEW YORK NY 10002,10002
188 ORCHARD STREET NEW YORK NY 10002,10002
190 ORCHARD STREET NEW YORK NY 10002,10002
192 ORCHARD STREET NEW YORK NY 10002,10002
205 EAST HOUSTON STREET NEW YORK NY 10002,10002
177 LUDLOW STREET NEW YORK NY 10002,10002
175 LUDLOW STREET NEW YORK NY 10002,10002
173 LUDLOW STREET NEW YORK NY 10002,10002
167 LUDLOW STREET NEW YORK NY 10002,10002
165 LUDLOW STREET NEW YORK NY 10002,10002
163 LUDLOW STREET NEW YORK NY 10002,10002
161 LUDLOW STREET NEW YORK NY 10002,10002
100 STANTON STREET NEW YORK NY 10002,10002
162 LUDLOW STREET NEW YORK NY 10002,10002
164 LUDLOW STREET NEW YORK NY 10002,10002
168 LUDLOW STREET NEW YORK NY 10002,10002
170 LUDLOW STREET NEW YORK NY 10002,10002
172 LUDLOW STREET NEW YORK NY 10002,10002
174 LUDLOW STREET NEW YORK NY 10002,10002
176 LUDLOW STREET NEW YORK NY 10002,10002
180 LUDLOW STREET NEW YORK NY 10002,10002
207 EAST HOUSTON STREET NEW YORK NY 10002,10002
217 EAST HOUSTON STREET NEW YORK NY 10002,10002
223 EAST HOUSTON STREET NEW YORK NY 10002,10002
179 ESSEX STREET NEW YORK NY 10002,10002
165 ESSEX STREET NEW YORK NY 10002,10002
161 ESSEX STREET NEW YORK NY 10002,10002
118 STANTON STREET NEW YORK NY 10002,10002
116 STANTON STREET NEW YORK NY 10002,10002
114 STANTON STREET NEW YORK NY 10002,10002
112 STANTON STREET NEW YORK NY 10002,10002
180 ORCHARD STREET NEW YORK NY 10002,10002
179 LUDLOW STREET NEW YORK NY 10002,10002
194 ORCHARD STREET NEW YORK NY 10002,10002
106 ELDRIDGE STREET NEW YORK NY 10002,10002
108 ELDRIDGE STREET NEW YORK NY 10002,10002
112 ELDRIDGE STREET NEW YORK NY 10002,10002
116 ELDRIDGE STREET NEW YORK NY 10002,10002
289 BROOME STREET NEW YORK NY 10002,10002
285 BROOME STREET NEW YORK NY 10002,10002
281 BROOME STREET NEW YORK NY 10002,10002
277 BROOME STREET NEW YORK NY 10002,10002
83 ALLEN STREET NEW YORK NY 10002,10002
81 ALLEN STREET NEW YORK NY 10002,10002
79 ALLEN STREET NEW YORK NY 10002,10002
302 GRAND STREET NEW YORK NY 10002,10002
298 GRAND STREET NEW YORK NY 10002,10002
294 GRAND STREET NEW YORK NY 10002,10002
292 GRAND STREET NEW YORK NY 10002,10002
290 GRAND STREET NEW YORK NY 10002,10002
88 ALLEN STREET NEW YORK NY 10002,10002
261 BROOME STREET NEW YORK NY 10002,10002
81 ORCHARD STREET NEW YORK NY 10002,10002
75 ORCHARD STREET NEW YORK NY 10002,10002
73 ORCHARD STREET NEW YORK NY 10002,10002
314 GRAND STREET NEW YORK NY 10002,10002
75 ALLEN STREET NEW YORK NY 10002,10002
77 ALLEN STREET NEW YORK NY 10002,10002
134 ELDRIDGE STREET NEW YORK NY 10002,10002
136 ELDRIDGE STREET NEW YORK NY 10002,10002
138 ELDRIDGE STREET NEW YORK NY 10002,10002
140 ELDRIDGE STREET NEW YORK NY 10002,10002
55 DELANCEY STREET NEW YORK NY 10002,10002
61 DELANCEY STREET NEW YORK NY 10002,10002
103 ALLEN STREET NEW YORK NY 10002,10002
99 ALLEN STREET NEW YORK NY 10002,10002
97 ALLEN STREET NEW YORK NY 10002,10002
95 ALLEN STREET NEW YORK NY 10002,10002
93 ALLEN STREET NEW YORK NY 10002,10002
276 BROOME STREET NEW YORK NY 10002,10002
280 BROOME STREET NEW YORK NY 10002,10002
284 BROOME STREET NEW YORK NY 10002,10002
286 BROOME STREET NEW YORK NY 10002,10002
288 BROOME STREET NEW YORK NY 10002,10002
128 ELDRIDGE STREET NEW YORK NY 10002,10002
77 DELANCEY STREET NEW YORK NY 10002,10002
81 DELANCEY STREET NEW YORK NY 10002,10002
101 ORCHARD STREET NEW YORK NY 10002,10002
99 ORCHARD STREET NEW YORK NY 10002,10002
97 ORCHARD STREET NEW YORK NY 10002,10002
95 ORCHARD STREET NEW YORK NY 10002,10002
93 ORCHARD STREET NEW YORK NY 10002,10002
260 BROOME STREET NEW YORK NY 10002,10002
264 BROOME STREET NEW YORK NY 10002,10002
266 BROOME STREET NEW YORK NY 10002,10002
101 ALLEN STREET NEW YORK NY 10002,10002
154 ELDRIDGE STREET NEW YORK NY 10002,10002
158 ELDRIDGE STREET NEW YORK NY 10002,10002
166 ELDRIDGE STREET NEW YORK NY 10002,10002
170 ELDRIDGE STREET NEW YORK NY 10002,10002
172 ELDRIDGE STREET NEW YORK NY 10002,10002
174 ELDRIDGE STREET NEW YORK NY 10002,10002
176 ELDRIDGE STREET NEW YORK NY 10002,10002
182 ELDRIDGE STREET NEW YORK NY 10002,10002
145 ALLEN STREET NEW YORK NY 10002,10002
143 ALLEN STREET NEW YORK NY 10002,10002
141 ALLEN STREET NEW YORK NY 10002,10002
139 ALLEN STREET NEW YORK NY 10002,10002
135 ALLEN STREET NEW YORK NY 10002,10002
131 ALLEN STREET NEW YORK NY 10002,10002
129 ALLEN STREET NEW YORK NY 10002,10002
127 ALLEN STREET NEW YORK NY 10002,10002
125 ALLEN STREET NEW YORK NY 10002,10002
123 ALLEN STREET NEW YORK NY 10002,10002
121 ALLEN STREET NEW YORK NY 10002,10002
113 ALLEN STREET NEW YORK NY 10002,10002
81 RIVINGTON STREET NEW YORK NY 10002,10002
143 ORCHARD STREET NEW YORK NY 10002,10002
139 ORCHARD STREET NEW YORK NY 10002,10002
137 ORCHARD STREET NEW YORK NY 10002,10002
135 ORCHARD STREET NEW YORK NY 10002,10002
133 ORCHARD STREET NEW YORK NY 10002,10002
131 ORCHARD STREET NEW YORK NY 10002,10002
127 ORCHARD STREET NEW YORK NY 10002,10002
125 ORCHARD STREET NEW YORK NY 10002,10002
121 ORCHARD STREET NEW YORK NY 10002,10002
119 ORCHARD STREET NEW YORK NY 10002,10002
80 DELANCEY STREET NEW YORK NY 10002,10002
DELANCEY STREET NEW YORK NY 10002,10002
164 ELDRIDGE STREET NEW YORK NY 10002,10002
115 ALLEN STREET NEW YORK NY 10002,10002
61 RIVINGTON STREET NEW YORK NY 10002,10002
196 ELDRIDGE STREET NEW YORK NY 10002,10002
169 ALLEN STREET NEW YORK NY 10002,10002
167 ALLEN STREET NEW YORK NY 10002,10002
165 ALLEN STREET NEW YORK NY 10002,10002
163 ALLEN STREET NEW YORK NY 10002,10002
161 ALLEN STREET NEW YORK NY 10002,10002
157 ALLEN STREET NEW YORK NY 10002,10002
155 ALLEN STREET NEW YORK NY 10002,10002
66 RIVINGTON STREET NEW YORK NY 10002,10002
58 RIVINGTON STREET NEW YORK NY 10002,10002
56 RIVINGTON STREET NEW YORK NY 10002,10002
54 RIVINGTON STREET NEW YORK NY 10002,10002
172 ALLEN STREET NEW YORK NY 10002,10002
85 STANTON STREET NEW YORK NY 10002,10002
167 ORCHARD STREET NEW YORK NY 10002,10002
165 ORCHARD STREET NEW YORK NY 10002,10002
163 ORCHARD STREET NEW YORK NY 10002,10002
161 ORCHARD STREET NEW YORK NY 10002,10002
159 ORCHARD STREET NEW YORK NY 10002,10002
157 ORCHARD STREET NEW YORK NY 10002,10002
155 ORCHARD STREET NEW YORK NY 10002,10002
153 ORCHARD STREET NEW YORK NY 10002,10002
151 ORCHARD STREET NEW YORK NY 10002,10002
149 ORCHARD STREET NEW YORK NY 10002,10002
147 ORCHARD STREET NEW YORK NY 10002,10002
145 ORCHARD STREET NEW YORK NY 10002,10002
78 RIVINGTON STREET NEW YORK NY 10002,10002
151 ALLEN STREET NEW YORK NY 10002,10002
62 RIVINGTON STREET NEW YORK NY 10002,10002
224 ELDRIDGE STREET NEW YORK NY 10002,10002
246 ELDRIDGE STREET NEW YORK NY 10002,10002
151 EAST HOUSTON STREET NEW YORK NY 10002,10002
153 EAST HOUSTON STREET NEW YORK NY 10002,10002
157 EAST HOUSTON STREET NEW YORK NY 10002,10002
159 EAST HOUSTON STREET NEW YORK NY 10002,10002
201 ALLEN STREET NEW YORK NY 10002,10002
200 ALLEN STREET NEW YORK NY 10002,10002
177 EAST HOUSTON STREET NEW YORK NY 10002,10002
179 EAST HOUSTON STREET NEW YORK NY 10002,10002
185 EAST HOUSTON STREET NEW YORK NY 10002,10002
191 ORCHARD STREET NEW YORK NY 10002,10002
189 ORCHARD STREET NEW YORK NY 10002,10002
181 ORCHARD STREET NEW YORK NY 10002,10002
179 ORCHARD STREET NEW YORK NY 10002,10002
177 ORCHARD STREET NEW YORK NY 10002,10002
175 ORCHARD STREET NEW YORK NY 10002,10002
86 STANTON STREET NEW YORK NY 10002,10002
82 STANTON STREET NEW YORK NY 10002,10002
184 ALLEN STREET NEW YORK NY 10002,10002
196 ALLEN STREET NEW YORK NY 10002,10002
190 ALLEN STREET NEW YORK NY 10002,10002
106 CHRYSTIE STREET NEW YORK NY 10002,10002
98 FORSYTH STREET NEW YORK NY 10002,10002
100 FORSYTH STREET NEW YORK NY 10002,10002
102 FORSYTH STREET NEW YORK NY 10002,10002
104 FORSYTH STREET NEW YORK NY 10002,10002
106 FORSYTH STREET NEW YORK NY 10002,10002
108 FORSYTH STREET NEW YORK NY 10002,10002
305 BROOME STREET NEW YORK NY 10002,10002
301 BROOME STREET NEW YORK NY 10002,10002
299 BROOME STREET NEW YORK NY 10002,10002
295 BROOME STREET NEW YORK NY 10002,10002
293 BROOME STREET NEW YORK NY 10002,10002
291 BROOME STREET NEW YORK NY 10002,10002
111 ELDRIDGE STREET NEW YORK NY 10002,10002
109 ELDRIDGE STREET NEW YORK NY 10002,10002
105 ELDRIDGE STREET NEW YORK NY 10002,10002
288 GRAND STREET NEW YORK NY 10002,10002
282 GRAND STREET NEW YORK NY 10002,10002
280 GRAND STREET NEW YORK NY 10002,10002
278 GRAND STREET NEW YORK NY 10002,10002
276 GRAND STREET NEW YORK NY 10002,10002
274 GRAND STREET NEW YORK NY 10002,10002
272 GRAND STREET NEW YORK NY 10002,10002
113 ELDRIDGE STREET NEW YORK NY 10002,10002
110 FORSYTH STREET NEW YORK NY 10002,10002
118 FORSYTH STREET NEW YORK NY 10002,10002
120 FORSYTH STREET NEW YORK NY 10002,10002
122 FORSYTH STREET NEW YORK NY 10002,10002
124 FORSYTH STREET NEW YORK NY 10002,10002
43 DELANCEY STREET NEW YORK NY 10002,10002
47 DELANCEY STREET NEW YORK NY 10002,10002
139 ELDRIDGE STREET NEW YORK NY 10002,10002
135 ELDRIDGE STREET NEW YORK NY 10002,10002
133 ELDRIDGE STREET NEW YORK NY 10002,10002
131 ELDRIDGE STREET NEW YORK NY 10002,10002
129 ELDRIDGE STREET NEW YORK NY 10002,10002
292 BROOME STREET NEW YORK NY 10002,10002
294 BROOME STREET NEW YORK NY 10002,10002
296 BROOME STREET NEW YORK NY 10002,10002
300 BROOME STREET NEW YORK NY 10002,10002
302 BROOME STREET NEW YORK NY 10002,10002
CHRYSTIE STREET NEW YORK NY 10002,10002
146 FORSYTH STREET NEW YORK NY 10002,10002
148 FORSYTH STREET NEW YORK NY 10002,10002
150 FORSYTH STREET NEW YORK NY 10002,10002
152 FORSYTH STREET NEW YORK NY 10002,10002
175 ELDRIDGE STREET NEW YORK NY 10002,10002
167 ELDRIDGE STREET NEW YORK NY 10002,10002
48 DELANCEY STREET NEW YORK NY 10002,10002
46 DELANCEY STREET NEW YORK NY 10002,10002
40 DELANCEY STREET NEW YORK NY 10002,10002
45 RIVINGTON STREET NEW YORK NY 10002,10002
172 FORSYTH STREET NEW YORK NY 10002,10002
174 FORSYTH STREET NEW YORK NY 10002,10002
184 FORSYTH STREET NEW YORK NY 10002,10002
186 FORSYTH STREET NEW YORK NY 10002,10002
188 FORSYTH STREET NEW YORK NY 10002,10002
57 STANTON STREET NEW YORK NY 10002,10002
59 STANTON STREET NEW YORK NY 10002,10002
46 RIVINGTON STREET NEW YORK NY 10002,10002
42 RIVINGTON STREET NEW YORK NY 10002,10002
40 RIVINGTON STREET NEW YORK NY 10002,10002
52 RIVINGTON STREET NEW YORK NY 10002,10002
36 RIVINGTON STREET NEW YORK NY 10002,10002
208 FORSYTH STREET NEW YORK NY 10002,10002
210 FORSYTH STREET NEW YORK NY 10002,10002
212 FORSYTH STREET NEW YORK NY 10002,10002
135 EAST HOUSTON STREET NEW YORK NY 10002,10002
137 EAST HOUSTON STREET NEW YORK NY 10002,10002
145 EAST HOUSTON STREET NEW YORK NY 10002,10002
247 ELDRIDGE STREET NEW YORK NY 10002,10002
245 ELDRIDGE STREET NEW YORK NY 10002,10002
237 ELDRIDGE STREET NEW YORK NY 10002,10002
233 ELDRIDGE STREET NEW YORK NY 10002,10002
231 ELDRIDGE STREET NEW YORK NY 10002,10002
ELDRIDGE STREET NEW YORK NY 10002,10002
ELDRIDGE STREET NEW YORK NY 10002,10002
48 STANTON STREET NEW YORK NY 10002,10002
241 ELDRIDGE STREET NEW YORK NY 10002,10002
147 EAST HOUSTON STREET NEW YORK NY 10002,10002
204 FORSYTH STREET NEW YORK NY 10002,10002
141 EAST HOUSTON STREET NEW YORK NY 10002,10002
129 BOWERY NEW YORK NY 10002,10002
131 BOWERY NEW YORK NY 10002,10002
133 BOWERY NEW YORK NY 10002,10002
137 BOWERY NEW YORK NY 10002,10002
139 BOWERY NEW YORK NY 10002,10002
143 BOWERY NEW YORK NY 10002,10002
145-147 BOWERY NEW YORK NY 10002,10002
329 BROOME STREET NEW YORK NY 10002,10002
327 BROOME STREET NEW YORK NY 10002,10002
325 BROOME STREET NEW YORK NY 10002,10002
323 BROOME STREET NEW YORK NY 10002,10002
121 CHRYSTIE STREET NEW YORK NY 10002,10002
119 CHRYSTIE STREET NEW YORK NY 10002,10002
117 CHRYSTIE STREET NEW YORK NY 10002,10002
111 CHRYSTIE STREET NEW YORK NY 10002,10002
250 GRAND STREET NEW YORK NY 10002,10002
248 GRAND STREET NEW YORK NY 10002,10002
246 GRAND STREET NEW YORK NY 10002,10002
244 GRAND STREET NEW YORK NY 10002,10002
242 GRAND STREET NEW YORK NY 10002,10002
109 CHRYSTIE STREET NEW YORK NY 10002,10002
135 BOWERY NEW YORK NY 10002,10002
155 BOWERY NEW YORK NY 10002,10002
157 BOWERY NEW YORK NY 10002,10002
157 1/2 BOWERY NEW YORK NY 10002,10002
159 BOWERY NEW YORK NY 10002,10002
161 BOWERY NEW YORK NY 10002,10002
163 BOWERY NEW YORK NY 10002,10002
165 BOWERY NEW YORK NY 10002,10002
169 BOWERY NEW YORK NY 10002,10002
171 BOWERY NEW YORK NY 10002,10002
1 DELANCEY STREET NEW YORK NY 10002,10002
9 DELANCEY STREET NEW YORK NY 10002,10002
141 CHRYSTIE STREET NEW YORK NY 10002,10002
139 CHRYSTIE STREET NEW YORK NY 10002,10002
135 CHRYSTIE STREET NEW YORK NY 10002,10002
133 CHRYSTIE STREET NEW YORK NY 10002,10002
131 CHRYSTIE STREET NEW YORK NY 10002,10002
324 BROOME STREET NEW YORK NY 10002,10002
328 BROOME STREET NEW YORK NY 10002,10002
330 BROOME STREET NEW YORK NY 10002,10002
334 BROOME STREET NEW YORK NY 10002,10002
153 BOWERY NEW YORK NY 10002,10002
183 BOWERY NEW YORK NY 10002,10002
189 BOWERY NEW YORK NY 10002,10002
193 BOWERY NEW YORK NY 10002,10002
197 BOWERY NEW YORK NY 10002,10002
207 BOWERY NEW YORK NY 10002,10002
209 BOWERY NEW YORK NY 10002,10002
213 BOWERY NEW YORK NY 10002,10002
5 RIVINGTON STREET NEW YORK NY 10002,10002
7 RIVINGTON STREET NEW YORK NY 10002,10002
11 RIVINGTON STREET NEW YORK NY 10002,10002
17 RIVINGTON STREET NEW YORK NY 10002,10002
167 CHRYSTIE STREET NEW YORK NY 10002,10002
163 CHRYSTIE STREET NEW YORK NY 10002,10002
159 CHRYSTIE STREET NEW YORK NY 10002,10002
157 CHRYSTIE STREET NEW YORK NY 10002,10002
155 CHRYSTIE STREET NEW YORK NY 10002,10002
18 DELANCEY STREET NEW YORK NY 10002,10002
16 DELANCEY STREET NEW YORK NY 10002,10002
14 DELANCEY STREET NEW YORK NY 10002,10002
10 DELANCEY STREET NEW YORK NY 10002,10002
6 DELANCEY STREET NEW YORK NY 10002,10002
195 BOWERY NEW YORK NY 10002,10002
199 BOWERY NEW YORK NY 10002,10002
15 RIVINGTON STREET NEW YORK NY 10002,10002
165 CHRYSTIE STREET NEW YORK NY 10002,10002
173 CHRYSTIE STREET NEW YORK NY 10002,10002
217 BOWERY NEW YORK NY 10002,10002
219 BOWERY NEW YORK NY 10002,10002
221 BOWERY NEW YORK NY 10002,10002
223 BOWERY NEW YORK NY 10002,10002
227 BOWERY NEW YORK NY 10002,10002
229 BOWERY NEW YORK NY 10002,10002
235 BOWERY NEW YORK NY 10002,10002
241 BOWERY NEW YORK NY 10002,10002
243 BOWERY NEW YORK NY 10002,10002
245 BOWERY NEW YORK NY 10002,10002
5 STANTON STREET NEW YORK NY 10002,10002
7 STANTON STREET NEW YORK NY 10002,10002
9 STANTON STREET NEW YORK NY 10002,10002
11 STANTON STREET NEW YORK NY 10002,10002
13 STANTON STREET NEW YORK NY 10002,10002
15 STANTON STREET NEW YORK NY 10002,10002
17 STANTON STREET NEW YORK NY 10002,10002
205 CHRYSTIE STREET NEW YORK NY 10002,10002
203 CHRYSTIE STREET NEW YORK NY 10002,10002
195 CHRYSTIE STREET NEW YORK NY 10002,10002
191 CHRYSTIE STREET NEW YORK NY 10002,10002
189 CHRYSTIE STREET NEW YORK NY 10002,10002
187 CHRYSTIE STREET NEW YORK NY 10002,10002
183 CHRYSTIE STREET NEW YORK NY 10002,10002
181 CHRYSTIE STREET NEW YORK NY 10002,10002
16 RIVINGTON STREET NEW YORK NY 10002,10002
12 RIVINGTON STREET NEW YORK NY 10002,10002
8 RIVINGTON STREET NEW YORK NY 10002,10002
6 RIVINGTON STREET NEW YORK NY 10002,10002
4 RIVINGTON STREET NEW YORK NY 10002,10002
215 BOWERY NEW YORK NY 10002,10002
199 CHRYSTIE STREET NEW YORK NY 10002,10002
10 STANTON STREET NEW YORK NY 10002,10002
257 BOWERY NEW YORK NY 10002,10002
261 BOWERY NEW YORK NY 10002,10002
271 BOWERY NEW YORK NY 10002,10002
259 BOWERY NEW YORK NY 10002,10002
269 BOWERY NEW YORK NY 10002,10002
263 BOWERY NEW YORK NY 10002,10002
95 EAST HOUSTON STREET NEW YORK NY 10002,10002
267 BOWERY NEW YORK NY 10002,10002
255 BOWERY NEW YORK NY 10002,10002
215 CHRYSTIE STREET NEW YORK NY 10002,10002
265 BOWERY NEW YORK NY 10002,10002
1 AVENUE NEW YORK NY 10009,10009
12 1 AVENUE NEW YORK NY 10009,10009
14 1 AVENUE NEW YORK NY 10009,10009
16 1 AVENUE NEW YORK NY 10009,10009
18 1 AVENUE NEW YORK NY 10009,10009
22 1 AVENUE NEW YORK NY 10009,10009
26 1 AVENUE NEW YORK NY 10009,10009
103 EAST 2 STREET NEW YORK NY 10009,10009
105 EAST 2 STREET NEW YORK NY 10009,10009
107 EAST 2 STREET NEW YORK NY 10009,10009
109 EAST 2 STREET NEW YORK NY 10009,10009
111 EAST 2 STREET NEW YORK NY 10009,10009
113 EAST 2 STREET NEW YORK NY 10009,10009
115 EAST 2 STREET NEW YORK NY 10009,10009
117 EAST 2 STREET NEW YORK NY 10009,10009
135 EAST 2 STREET NEW YORK NY 10009,10009
137 EAST 2 STREET NEW YORK NY 10009,10009
25 AVENUE A NEW YORK NY 10009,10009
23 AVENUE A NEW YORK NY 10009,10009
17 AVENUE A NEW YORK NY 10009,10009
15 AVENUE A NEW YORK NY 10009,10009
13 AVENUE A NEW YORK NY 10009,10009
11 AVENUE A NEW YORK NY 10009,10009
9 AVENUE A NEW YORK NY 10009,10009
7 AVENUE A NEW YORK NY 10009,10009
5 AVENUE A NEW YORK NY 10009,10009
114 EAST 1 STREET NEW YORK NY 10009,10009
110 EAST 1 STREET NEW YORK NY 10009,10009
108 EAST 1 STREET NEW YORK NY 10009,10009
78 EAST 1 STREET NEW YORK NY 10009,10009
101 EAST 2ND STREET NEW YORK NY 10009,10009
118 EAST 1ST STREET NEW YORK NY 10009,10009
40 1 AVENUE NEW YORK NY 10009,10009
112 EAST 3 STREET NEW YORK NY 10009,10009
60 1 AVENUE NEW YORK NY 10009,10009
150 EAST 4 STREET NEW YORK NY 10009,10009
162 EAST 4 STREET NEW YORK NY 10009,10009
51 AVENUE A NEW YORK NY 10009,10009
43 AVENUE A NEW YORK NY 10009,10009
117 EAST 3 STREET NEW YORK NY 10009,10009
66 1 AVENUE NEW YORK NY 10009,10009
81 AVENUE A NEW YORK NY 10009,10009
79 AVENUE A NEW YORK NY 10009,10009
85 AVENUE A NEW YORK NY 10009,10009
89 AVENUE A NEW YORK NY 10009,10009
100 1 AVENUE NEW YORK NY 10009,10009
104 1 AVENUE NEW YORK NY 10009,10009
108 1 AVENUE NEW YORK NY 10009,10009
110 1 AVENUE NEW YORK NY 10009,10009
112 1 AVENUE NEW YORK NY 10009,10009
114 1 AVENUE NEW YORK NY 10009,10009
116 1 AVENUE NEW YORK NY 10009,10009
92 EAST 7 STREET NEW YORK NY 10009,10009
94 EAST 7 STREET NEW YORK NY 10009,10009
96 EAST 7 STREET NEW YORK NY 10009,10009
98 EAST 7 STREET NEW YORK NY 10009,10009
100 EAST 7 STREET NEW YORK NY 10009,10009
102 EAST 7 STREET NEW YORK NY 10009,10009
104 EAST 7 STREET NEW YORK NY 10009,10009
106 EAST 7 STREET NEW YORK NY 10009,10009
110 EAST 7 STREET NEW YORK NY 10009,10009
112 EAST 7 STREET NEW YORK NY 10009,10009
114 EAST 7 STREET NEW YORK NY 10009,10009
118 EAST 7 STREET NEW YORK NY 10009,10009
120 EAST 7 STREET NEW YORK NY 10009,10009
122 EAST 7 STREET NEW YORK NY 10009,10009
126 EAST 7 STREET NEW YORK NY 10009,10009
109 AVENUE A NEW YORK NY 10009,10009
101 AVENUE A NEW YORK NY 10009,10009
99 AVENUE A NEW YORK NY 10009,10009
97 AVENUE A NEW YORK NY 10009,10009
95 AVENUE A NEW YORK NY 10009,10009
441 EAST 6 STREET NEW YORK NY 10009,10009
439 EAST 6 STREET NEW YORK NY 10009,10009
437 EAST 6 STREET NEW YORK NY 10009,10009
435 EAST 6 STREET NEW YORK NY 10009,10009
433 EAST 6 STREET NEW YORK NY 10009,10009
431 EAST 6 STREET NEW YORK NY 10009,10009
429 EAST 6 STREET NEW YORK NY 10009,10009
427 EAST 6 STREET NEW YORK NY 10009,10009
425 EAST 6 STREET NEW YORK NY 10009,10009
421 EAST 6 STREET NEW YORK NY 10009,10009
419 EAST 6 STREET NEW YORK NY 10009,10009
417 EAST 6 STREET NEW YORK NY 10009,10009
411 EAST 6 STREET NEW YORK NY 10009,10009
409 EAST 6 STREET NEW YORK NY 10009,10009
407 EAST 6 STREET NEW YORK NY 10009,10009
405 EAST 6 STREET NEW YORK NY 10009,10009
443 EAST 6 STREET NEW YORK NY 10009,10009
103 AVENUE A NEW YORK NY 10009,10009
128 EAST 7 STREET NEW YORK NY 10009,10009
102 1 AVENUE NEW YORK NY 10009,10009
107 AVENUE A NEW YORK NY 10009,10009
415 EAST 6 STREET NEW YORK NY 10009,10009
118 1 AVENUE NEW YORK NY 10009,10009
120 1 AVENUE NEW YORK NY 10009,10009
122 1 AVENUE NEW YORK NY 10009,10009
124 1 AVENUE NEW YORK NY 10009,10009
126 1 AVENUE NEW YORK NY 10009,10009
128 1 AVENUE NEW YORK NY 10009,10009
130 1 AVENUE NEW YORK NY 10009,10009
132 1 AVENUE NEW YORK NY 10009,10009
92 ST MARKS PLACE NEW YORK NY 10009,10009
94 ST MARKS PLACE NEW YORK NY 10009,10009
96 ST MARKS PLACE NEW YORK NY 10009,10009
98 ST MARKS PLACE NEW YORK NY 10009,10009
100 ST MARKS PLACE NEW YORK NY 10009,10009
102 ST MARKS PLACE NEW YORK NY 10009,10009
104 ST MARKS PLACE NEW YORK NY 10009,10009
110 ST MARKS PLACE NEW YORK NY 10009,10009
114 ST MARKS PLACE NEW YORK NY 10009,10009
116 ST MARKS PLACE NEW YORK NY 10009,10009
118 ST MARKS PLACE NEW YORK NY 10009,10009
120 ST MARKS PLACE NEW YORK NY 10009,10009
122 ST MARKS PLACE NEW YORK NY 10009,10009
126 ST MARKS PLACE NEW YORK NY 10009,10009
128 ST MARKS PLACE NEW YORK NY 10009,10009
130 ST MARKS PLACE NEW YORK NY 10009,10009
125 AVENUE A NEW YORK NY 10009,10009
123 AVENUE A NEW YORK NY 10009,10009
121 AVENUE A NEW YORK NY 10009,10009
119 AVENUE A NEW YORK NY 10009,10009
117 AVENUE A NEW YORK NY 10009,10009
115 AVENUE A NEW YORK NY 10009,10009
113 AVENUE A NEW YORK NY 10009,10009
111 AVENUE A NEW YORK NY 10009,10009
129 EAST 7 STREET NEW YORK NY 10009,10009
127 EAST 7 STREET NEW YORK NY 10009,10009
125 EAST 7 STREET NEW YORK NY 10009,10009
123 EAST 7 STREET NEW YORK NY 10009,10009
121 EAST 7 STREET NEW YORK NY 10009,10009
117 EAST 7 STREET NEW YORK NY 10009,10009
111 EAST 7 STREET NEW YORK NY 10009,10009
109 EAST 7 STREET NEW YORK NY 10009,10009
107 EAST 7 STREET NEW YORK NY 10009,10009
101 EAST 7 STREET NEW YORK NY 10009,10009
99 EAST 7 STREET NEW YORK NY 10009,10009
97 1/2 EAST 7 STREET NEW YORK NY 10009,10009
97 EAST 7 STREET NEW YORK NY 10009,10009
95 EAST 7 STREET NEW YORK NY 10009,10009
93 EAST 7 STREET NEW YORK NY 10009,10009
138 1 AVENUE NEW YORK NY 10009,10009
140 1 AVENUE NEW YORK NY 10009,10009
142 1 AVENUE NEW YORK NY 10009,10009
144 1 AVENUE NEW YORK NY 10009,10009
146 1 AVENUE NEW YORK NY 10009,10009
402 EAST 9 STREET NEW YORK NY 10009,10009
404 EAST 9 STREET NEW YORK NY 10009,10009
406 EAST 9 STREET NEW YORK NY 10009,10009
412 EAST 9 STREET NEW YORK NY 10009,10009
416 EAST 9 STREET NEW YORK NY 10009,10009
418 EAST 9 STREET NEW YORK NY 10009,10009
418 1/2 EAST 9 STREET NEW YORK NY 10009,10009
420 EAST 9 STREET NEW YORK NY 10009,10009
422 EAST 9 STREET NEW YORK NY 10009,10009
424 EAST 9 STREET NEW YORK NY 10009,10009
426 EAST 9 STREET NEW YORK NY 10009,10009
428 EAST 9 STREET NEW YORK NY 10009,10009
430 EAST 9 STREET NEW YORK NY 10009,10009
432 EAST 9 STREET NEW YORK NY 10009,10009
434 EAST 9 STREET NEW YORK NY 10009,10009
436 EAST 9 STREET NEW YORK NY 10009,10009
438 EAST 9 STREET NEW YORK NY 10009,10009
141 AVENUE A NEW YORK NY 10009,10009
135 AVENUE A NEW YORK NY 10009,10009
131 AVENUE A NEW YORK NY 10009,10009
121 ST MARKS PLACE NEW YORK NY 10009,10009
119 ST MARKS PLACE NEW YORK NY 10009,10009
115 ST MARKS PLACE NEW YORK NY 10009,10009
113 ST MARKS PLACE NEW YORK NY 10009,10009
111 ST MARKS PLACE NEW YORK NY 10009,10009
109 ST MARKS PLACE NEW YORK NY 10009,10009
107 ST MARKS PLACE NEW YORK NY 10009,10009
103 ST MARKS PLACE NEW YORK NY 10009,10009
101 ST MARKS PLACE NEW YORK NY 10009,10009
95 ST MARKS PLACE NEW YORK NY 10009,10009
93 ST MARKS PLACE NEW YORK NY 10009,10009
87 ST MARKS PLACE NEW YORK NY 10009,10009
85 ST MARKS PLACE NEW YORK NY 10009,10009
440 EAST 9TH STREET NEW YORK NY 10009,10009
410 EAST 9 STREET NEW YORK NY 10009,10009
150 1 AVENUE NEW YORK NY 10009,10009
156 1 AVENUE NEW YORK NY 10009,10009
158 1 AVENUE NEW YORK NY 10009,10009
160 1 AVENUE NEW YORK NY 10009,10009
162 1 AVENUE NEW YORK NY 10009,10009
254 EAST 10 STREET NEW YORK NY 10009,10009
256 EAST 10 STREET NEW YORK NY 10009,10009
260 EAST 10 STREET NEW YORK NY 10009,10009
264 EAST 10 STREET NEW YORK NY 10009,10009
268 EAST 10 STREET NEW YORK NY 10009,10009
270 EAST 10 STREET NEW YORK NY 10009,10009
274 EAST 10 STREET NEW YORK NY 10009,10009
276 EAST 10 STREET NEW YORK NY 10009,10009
278 EAST 10 STREET NEW YORK NY 10009,10009
280 EAST 10 STREET NEW YORK NY 10009,10009
284 EAST 10 STREET NEW YORK NY 10009,10009
286 EAST 10 STREET NEW YORK NY 10009,10009
155 AVENUE A NEW YORK NY 10009,10009
153 AVENUE A NEW YORK NY 10009,10009
151 AVENUE A NEW YORK NY 10009,10009
149 AVENUE A NEW YORK NY 10009,10009
147 AVENUE A NEW YORK NY 10009,10009
441 EAST 9 STREET NEW YORK NY 10009,10009
439 EAST 9 STREET NEW YORK NY 10009,10009
437 EAST 9 STREET NEW YORK NY 10009,10009
435 EAST 9 STREET NEW YORK NY 10009,10009
433 EAST 9 STREET NEW YORK NY 10009,10009
431 EAST 9 STREET NEW YORK NY 10009,10009
429 EAST 9 STREET NEW YORK NY 10009,10009
427 EAST 9 STREET NEW YORK NY 10009,10009
425 EAST 9 STREET NEW YORK NY 10009,10009
423 EAST 9 STREET NEW YORK NY 10009,10009
421 EAST 9 STREET NEW YORK NY 10009,10009
419 EAST 9 STREET NEW YORK NY 10009,10009
417 EAST 9 STREET NEW YORK NY 10009,10009
415 EAST 9 STREET NEW YORK NY 10009,10009
413 EAST 9 STREET NEW YORK NY 10009,10009
411 EAST 9 STREET NEW YORK NY 10009,10009
248 EAST 10 STREET NEW YORK NY 10009,10009
443 EAST 9 STREET NEW YORK NY 10009,10009
445 EAST 9 STREET NEW YORK NY 10009,10009
447 EAST 9 STREET NEW YORK NY 10009,10009
272 EAST 10 STREET NEW YORK NY 10009,10009
266 EAST 10 STREET NEW YORK NY 10009,10009
164 1 AVENUE NEW YORK NY 10009,10009
166 1 AVENUE NEW YORK NY 10009,10009
168 1 AVENUE NEW YORK NY 10009,10009
170 1 AVENUE NEW YORK NY 10009,10009
172 1 AVENUE NEW YORK NY 10009,10009
174 1 AVENUE NEW YORK NY 10009,10009
178 1 AVENUE NEW YORK NY 10009,10009
180 1 AVENUE NEW YORK NY 10009,10009
404 EAST 11 STREET NEW YORK NY 10009,10009
406 EAST 11 STREET NEW YORK NY 10009,10009
408 EAST 11 STREET NEW YORK NY 10009,10009
410 EAST 11 STREET NEW YORK NY 10009,10009
412 EAST 11 STREET NEW YORK NY 10009,10009
414 EAST 11 STREET NEW YORK NY 10009,10009
420 EAST 11 STREET NEW YORK NY 10009,10009
422 EAST 11 STREET NEW YORK NY 10009,10009
424 EAST 11 STREET NEW YORK NY 10009,10009
426 EAST 11 STREET NEW YORK NY 10009,10009
428 EAST 11 STREET NEW YORK NY 10009,10009
430 EAST 11 STREET NEW YORK NY 10009,10009
432 EAST 11 STREET NEW YORK NY 10009,10009
434 EAST 11 STREET NEW YORK NY 10009,10009
173 AVENUE A NEW YORK NY 10009,10009
171 AVENUE A NEW YORK NY 10009,10009
169 AVENUE A NEW YORK NY 10009,10009
167 AVENUE A NEW YORK NY 10009,10009
165 AVENUE A NEW YORK NY 10009,10009
291 EAST 10 STREET NEW YORK NY 10009,10009
279 EAST 10 STREET NEW YORK NY 10009,10009
277 EAST 10 STREET NEW YORK NY 10009,10009
275 EAST 10 STREET NEW YORK NY 10009,10009
273 EAST 10 STREET NEW YORK NY 10009,10009
271 EAST 10 STREET NEW YORK NY 10009,10009
269 EAST 10 STREET NEW YORK NY 10009,10009
267 EAST 10 STREET NEW YORK NY 10009,10009
265 EAST 10 STREET NEW YORK NY 10009,10009
263 EAST 10 STREET NEW YORK NY 10009,10009
261 EAST 10 STREET NEW YORK NY 10009,10009
259 EAST 10 STREET NEW YORK NY 10009,10009
257 EAST 10 STREET NEW YORK NY 10009,10009
255 EAST 10 STREET NEW YORK NY 10009,10009
253 EAST 10 STREET NEW YORK NY 10009,10009
251 EAST 10 STREET NEW YORK NY 10009,10009
249 EAST 10 STREET NEW YORK NY 10009,10009
436 EAST 11 STREET NEW YORK NY 10009,10009
416 EAST 11 STREET NEW YORK NY 10009,10009
182 1 AVENUE NEW YORK NY 10009,10009
184 1 AVENUE NEW YORK NY 10009,10009
186 1 AVENUE NEW YORK NY 10009,10009
188 1 AVENUE NEW YORK NY 10009,10009
190 1 AVENUE NEW YORK NY 10009,10009
192 1 AVENUE NEW YORK NY 10009,10009
194 1 AVENUE NEW YORK NY 10009,10009
196 1 AVENUE NEW YORK NY 10009,10009
402 EAST 12 STREET NEW YORK NY 10009,10009
404 EAST 12 STREET NEW YORK NY 10009,10009
418 EAST 12 STREET NEW YORK NY 10009,10009
191 AVENUE A NEW YORK NY 10009,10009
189 AVENUE A NEW YORK NY 10009,10009
438 EAST 12 STREET NEW YORK NY 10009,10009
198 1 AVENUE NEW YORK NY 10009,10009
202 1 AVENUE NEW YORK NY 10009,10009
206 GARAGE 1 AVENUE NEW YORK NY 10009,10009
208 1 AVENUE NEW YORK NY 10009,10009
210 1 AVENUE NEW YORK NY 10009,10009
214 1 AVENUE NEW YORK NY 10009,10009
406 EAST 13 STREET NEW YORK NY 10009,10009
408 EAST 13 STREET NEW YORK NY 10009,10009
410 EAST 13 STREET NEW YORK NY 10009,10009
416 EAST 13 STREET NEW YORK NY 10009,10009
420 EAST 13 STREET NEW YORK NY 10009,10009
424 EAST 13 STREET NEW YORK NY 10009,10009
428 EAST 13 STREET NEW YORK NY 10009,10009
430 EAST 13 STREET NEW YORK NY 10009,10009
432 EAST 13 STREET NEW YORK NY 10009,10009
436 EAST 13 STREET NEW YORK NY 10009,10009
438 EAST 13 STREET NEW YORK NY 10009,10009
440 EAST 13 STREET NEW YORK NY 10009,10009
